word,n_morphemes,note,ratingcmp,zipf_freq,c1,c2
gadabout,2,gad+about ratingcmp=24.2,24.25,1.768955396864122,gad,about
knockabout,2,knock+about ratingcmp=41.5,41.46154,1.592864137808441,knock,about
turnabout,2,turn+about ratingcmp=72.6,72.551727,2.333226827302685,turn,about
raceabout,2,race+about ratingcmp=44.2,44.16,0.0,race,about
walkabout,2,walk+about ratingcmp=68.3,68.28125,2.246076651583785,walk,about
runabout,2,run+about ratingcmp=69.7,69.689651,1.893894133472422,run,about
roundabout,2,round+about ratingcmp=63.2,63.1875,2.653561978162053,round,about
roustabout,2,roust+about ratingcmp=28.6,28.571428,1.768955396864122,roust,about
layabout,2,lay+about ratingcmp=49.7,49.692307,1.990804146480479,lay,about
walkabouts,2,walk+abouts ratingcmp=59.3,59.285713,2.194924129136403,walk,abouts
roustabouts,2,roust+abouts ratingcmp=30.0,30.037037,1.592864137808441,roust,abouts
runabouts,2,run+abouts ratingcmp=62.6,62.592594,1.61,run,abouts
turnabouts,2,turn+abouts ratingcmp=67.3,67.258064,0.0,turn,abouts
roundabouts,2,round+abouts ratingcmp=63.2,63.25,1.592864137808441,round,abouts
whereabouts,2,where+abouts ratingcmp=76.0,75.964287,3.807707985856139,where,abouts
headache,2,head+ache ratingcmp=93.6,93.578949,4.149166638575728,head,ache
bellyache,2,belly+ache ratingcmp=92.9,92.875,2.495954124800384,belly,ache
heartache,2,heart+ache ratingcmp=75.4,75.435898,3.16689540553616,heart,ache
earache,2,ear+ache ratingcmp=82.5,82.540543,2.495954124800384,ear,ache
backache,2,back+ache ratingcmp=88.2,88.205132,2.437962177822698,back,ache
stomachache,2,stomach+ache ratingcmp=94.5,94.459457,3.032196831638704,stomach,ache
toothache,2,tooth+ache ratingcmp=89.8,89.769234,3.062686153786604,tooth,ache
headaches,2,head+aches ratingcmp=93.5,93.5,3.726403046178659,head,aches
heartaches,2,heart+aches ratingcmp=84.1,84.080002,2.634256822966666,heart,aches
bellyaches,2,belly+aches ratingcmp=92.8,92.760002,1.893894133472422,belly,aches
earaches,2,ear+aches ratingcmp=91.1,91.148148,1.768955396864122,ear,aches
stomachaches,2,stomach+aches ratingcmp=96.8,96.839996,2.405777494451296,stomach,aches
toothaches,2,tooth+aches ratingcmp=95.4,95.39286,1.990804146480479,tooth,aches
backaches,2,back+aches ratingcmp=94.7,94.666664,2.29183414214446,back,aches
wiseacre,2,wise+acre ratingcmp=26.2,26.153847,2.069985392528103,wise,acre
wiseacres,2,wise+acres ratingcmp=40.5,40.458332,1.592864137808441,wise,acres
playacting,2,play+acting ratingcmp=71.5,71.480003,2.333226827302685,play,acting
playactor,2,play+actor ratingcmp=74.9,74.916664,1.768955396864122,play,actor
hereafter,2,here+after ratingcmp=78.2,78.23333,3.136932182158717,here,after
midafternoon,2,mid+afternoon ratingcmp=89.0,89.035713,1.768955396864122,mid,afternoon
hereafters,2,here+afters ratingcmp=77.9,77.925926,0.0,here,afters
newsagent,2,news+agent ratingcmp=67.6,67.63636,1.592864137808441,news,agent
newsagents,2,news+agents ratingcmp=83.9,83.933334,2.17,news,agents
midair,2,mid+air ratingcmp=83.8,83.785713,2.848136642911747,mid,air
catchall,2,catch+all ratingcmp=51.4,51.42857,2.02,catch,all
carryall,2,carry+all ratingcmp=66.7,66.678574,1.990804146480479,carry,all
coverall,2,cover+all ratingcmp=77.0,77.0,1.893894133472422,cover,all
holdall,2,hold+all ratingcmp=48.4,48.400002,1.592864137808441,hold,all
singalong,2,sing+along ratingcmp=91.5,91.533333,2.26,sing,along
tagalong,2,tag+along ratingcmp=69.1,69.071426,1.990804146480479,tag,along
mayapple,2,may+apple ratingcmp=35.8,35.799999,0.0,may,apple
bakeapple,2,bake+apple ratingcmp=66.5,66.541664,0.0,bake,apple
crabapple,2,crab+apple ratingcmp=56.2,56.241379,2.592864137808441,crab,apple
pineapple,2,pine+apple ratingcmp=34.4,34.358974,3.409105437800224,pine,apple
pineapples,2,pine+apples ratingcmp=24.3,24.285715,2.672045383856066,pine,apples
yardarm,2,yard+arm ratingcmp=34.4,34.416668,2.333226827302685,yard,arm
firearm,2,fire+arm ratingcmp=41.8,41.756756,3.178324867316942,fire,arm
yardarms,2,yard+arms ratingcmp=43.4,43.375,1.768955396864122,yard,arms
firearms,2,fire+arms ratingcmp=63.6,63.586208,3.484958740498922,fire,arms
turnaround,2,turn+around ratingcmp=88.3,88.300003,2.706807490115278,turn,around
wraparound,2,wrap+around ratingcmp=66.2,66.214287,2.194924129136403,wrap,around
potash,2,pot+ash ratingcmp=34.2,34.224998,2.136932182158717,pot,ash
dumbass,2,dumb+ass ratingcmp=59.5,59.541668,3.57,dumb,ass
jackass,2,jack+ass ratingcmp=44.3,44.333332,3.833413386091041,jack,ass
jackasses,2,jack+asses ratingcmp=42.3,42.285713,2.87161773876127,jack,asses
counterattraction,2,counter+attraction ratingcmp=65.0,65.0,0.0,counter,attraction
grandaunt,2,grand+aunt ratingcmp=64.8,64.833336,1.01,grand,aunt
breakaway,2,break+away ratingcmp=86.8,86.76667,2.835902186494736,break,away
stowaway,2,stow+away ratingcmp=75.3,75.344826,2.835902186494736,stow,away
straightaway,2,straight+away ratingcmp=61.0,61.0,3.007837485779259,straight,away
getaway,2,get+away ratingcmp=79.0,78.965515,3.586300368306053,get,away
castaway,2,cast+away ratingcmp=72.6,72.551727,2.810348082022347,cast,away
throwaway,2,throw+away ratingcmp=82.4,82.400002,2.29183414214446,throw,away
tearaway,2,tear+away ratingcmp=77.2,77.23333,1.89,tear,away
takeaway,2,take+away ratingcmp=84.2,84.208336,2.136932182158717,take,away
cutaway,2,cut+away ratingcmp=77.4,77.3871,1.990804146480479,cut,away
runaway,2,run+away ratingcmp=86.5,86.516129,3.609897477107221,run,away
giveaway,2,give+away ratingcmp=91.9,91.931038,2.904617998864195,give,away
hideaway,2,hide+away ratingcmp=82.6,82.6129,3.016110011745249,hide,away
walkaway,2,walk+away ratingcmp=70.6,70.586205,1.768955396864122,walk,away
walkaways,2,walk+aways ratingcmp=68.4,68.428574,0.0,walk,aways
hideaways,2,hide+aways ratingcmp=65.6,65.555557,1.592864137808441,hide,aways
runaways,2,run+aways ratingcmp=75.8,75.75,2.91508343254236,run,aways
cutaways,2,cut+aways ratingcmp=62.0,62.047619,1.768955396864122,cut,aways
castaways,2,cast+aways ratingcmp=78.6,78.60714,2.069985392528103,cast,aways
getaways,2,get+aways ratingcmp=77.1,77.10714,2.194924129136403,get,aways
straightaways,2,straight+aways ratingcmp=54.0,54.040001,1.592864137808441,straight,aways
breakaways,2,break+aways ratingcmp=73.6,73.629631,2.05,break,aways
giveaways,2,give+aways ratingcmp=87.7,87.65625,1.990804146480479,give,aways
stowaways,2,stow+aways ratingcmp=71.2,71.25,2.706807490115278,stow,aways
bradawl,2,brad+awl ratingcmp=16.5,16.481482,0.0,brad,awl
bradawls,2,brad+awls ratingcmp=21.6,21.612904,0.0,brad,awls
poleaxe,2,pole+axe ratingcmp=43.2,43.166668,1.14,pole,axe
pickaxe,2,pick+axe ratingcmp=55.5,55.53846,2.246076651583785,pick,axe
broadaxe,2,broad+axe ratingcmp=74.9,74.904762,0.0,broad,axe
breakaxe,2,break+axe ratingcmp=54.7,54.696968,0.0,break,axe
pickaxes,2,pick+axes ratingcmp=63.4,63.407406,1.768955396864122,pick,axes
poleaxes,2,pole+axes ratingcmp=47.6,47.583332,0.0,pole,axes
crybabies,2,cry+babies ratingcmp=81.2,81.178574,2.194924129136403,cry,babies
bushbaby,2,bush+baby ratingcmp=54.8,54.766666,0.0,bush,baby
crybaby,2,cry+baby ratingcmp=79.4,79.413795,3.124343054850696,cry,baby
razorback,2,razor+back ratingcmp=43.7,43.685715,2.069985392528103,razor,back
dieback,2,die+back ratingcmp=36.5,36.483871,2.06,die,back
crookback,2,crook+back ratingcmp=38.1,38.148148,1.592864137808441,crook,back
prickleback,2,prickle+back ratingcmp=52.0,52.0,0.0,prickle,back
slingback,2,sling+back ratingcmp=53.6,53.590908,1.768955396864122,sling,back
wetback,2,wet+back ratingcmp=50.8,50.833332,2.689774150816497,wet,back
throwback,2,throw+back ratingcmp=67.5,67.548386,2.723197906303447,throw,back
canvasback,2,canvas+back ratingcmp=36.4,36.392857,1.768955396864122,canvas,back
paperback,2,paper+back ratingcmp=50.2,50.25,2.672045383856066,paper,back
clawback,2,claw+back ratingcmp=53.9,53.875,1.77,claw,back
feedback,2,feed+back ratingcmp=49.0,49.025642,3.44105325479984,feed,back
humpback,2,hump+back ratingcmp=60.3,60.257141,2.634256822966666,hump,back
fullback,2,full+back ratingcmp=39.5,39.473682,2.653561978162053,full,back
kickback,2,kick+back ratingcmp=58.8,58.766666,2.495954124800384,kick,back
flashback,2,flash+back ratingcmp=55.6,55.648647,3.032196831638704,flash,back
halfback,2,half+back ratingcmp=36.7,36.704544,2.738992173486679,half,back
greyback,2,grey+back ratingcmp=43.3,43.296295,1.38,grey,back
greenback,2,green+back ratingcmp=36.1,36.075001,1.592864137808441,green,back
fatback,2,fat+back ratingcmp=48.2,48.1875,2.069985392528103,fat,back
buyback,2,buy+back ratingcmp=76.2,76.172417,2.72,buy,back
lobsterback,2,lobster+back ratingcmp=50.5,50.541668,0.0,lobster,back
blowback,2,blow+back ratingcmp=59.0,58.965519,2.495954124800384,blow,back
tieback,2,tie+back ratingcmp=68.5,68.481483,1.15,tie,back
hardback,2,hard+back ratingcmp=56.6,56.604168,1.990804146480479,hard,back
hunchback,2,hunch+back ratingcmp=79.6,79.625,2.999404318242396,hunch,back
quarterback,2,quarter+back ratingcmp=52.3,52.310345,3.679223968483189,quarter,back
outback,2,out+back ratingcmp=70.4,70.35714,2.973075379520047,out,back
fallback,2,fall+back ratingcmp=68.0,68.0,2.810348082022347,fall,back
touchback,2,touch+back ratingcmp=49.5,49.5,1.96,touch,back
cutback,2,cut+back ratingcmp=55.2,55.23077,2.547106647247766,cut,back
rollback,2,roll+back ratingcmp=62.0,62.035713,1.592864137808441,roll,back
horseback,2,horse+back ratingcmp=76.5,76.512817,3.274105375184028,horse,back
cornerback,2,corner+back ratingcmp=49.8,49.814816,2.29183414214446,corner,back
drawback,2,draw+back ratingcmp=43.9,43.924999,2.810348082022347,draw,back
hatchback,2,hatch+back ratingcmp=52.7,52.717949,2.246076651583785,hatch,back
callback,2,call+back ratingcmp=77.5,77.535713,2.945046655919803,call,back
saddleback,2,saddle+back ratingcmp=70.9,70.875,1.990804146480479,saddle,back
diamondback,2,diamond+back ratingcmp=39.4,39.444443,2.069985392528103,diamond,back
leatherback,2,leather+back ratingcmp=62.4,62.416668,2.06,leather,back
piggyback,2,piggy+back ratingcmp=31.5,31.459459,3.040022169150661,piggy,back
payback,2,pay+back ratingcmp=75.1,75.148148,3.584090213500936,pay,back
grayback,2,gray+back ratingcmp=53.6,53.551723,0.0,gray,back
hogback,2,hog+back ratingcmp=46.9,46.900002,1.65,hog,back
playback,2,play+back ratingcmp=68.0,68.033333,3.172647734425251,play,back
tailback,2,tail+back ratingcmp=50.6,50.5625,2.29183414214446,tail,back
setback,2,set+back ratingcmp=63.0,63.0,3.189461233434901,set,back
wingback,2,wing+back ratingcmp=46.5,46.5,2.05,wing,back
mossback,2,moss+back ratingcmp=35.7,35.703705,1.592864137808441,moss,back
finback,2,fin+back ratingcmp=57.8,57.82143,1.26,fin,back
pullback,2,pull+back ratingcmp=77.9,77.903229,1.592864137808441,pull,back
softback,2,soft+back ratingcmp=55.1,55.115383,1.27,soft,back
silverback,2,silver+back ratingcmp=62.8,62.8125,2.333226827302685,silver,back
linebacker,2,line+backer ratingcmp=45.6,45.57143,2.783195835978733,line,backer
linebackers,2,line+backers ratingcmp=56.2,56.19355,2.437962177822698,line,backers
halfbacks,2,half+backs ratingcmp=46.9,46.933334,1.768955396864122,half,backs
callbacks,2,call+backs ratingcmp=79.6,79.5625,2.467925401200141,call,backs
piggybacks,2,piggy+backs ratingcmp=34.1,34.076923,1.768955396864122,piggy,backs
tiebacks,2,tie+backs ratingcmp=45.3,45.26923,1.14,tie,backs
tailbacks,2,tail+backs ratingcmp=48.3,48.285713,1.6,tail,backs
cutbacks,2,cut+backs ratingcmp=58.1,58.142857,2.982030222172974,cut,backs
humpbacks,2,hump+backs ratingcmp=76.6,76.599998,2.246076651583785,hump,backs
hogbacks,2,hog+backs ratingcmp=48.8,48.777779,1.07,hog,backs
playbacks,2,play+backs ratingcmp=72.7,72.666664,1.48,play,backs
quarterbacks,2,quarter+backs ratingcmp=38.9,38.903225,2.672045383856066,quarter,backs
hardbacks,2,hard+backs ratingcmp=54.4,54.407406,1.592864137808441,hard,backs
fullbacks,2,full+backs ratingcmp=31.0,30.959999,1.592864137808441,full,backs
paybacks,2,pay+backs ratingcmp=73.7,73.666664,1.893894133472422,pay,backs
greenbacks,2,green+backs ratingcmp=46.8,46.809525,2.614053436878379,green,backs
diamondbacks,2,diamond+backs ratingcmp=45.2,45.192307,1.592864137808441,diamond,backs
razorbacks,2,razor+backs ratingcmp=42.8,42.84,1.990804146480479,razor,backs
outbacks,2,out+backs ratingcmp=62.3,62.299999,0.0,out,backs
hunchbacks,2,hunch+backs ratingcmp=87.4,87.416664,1.893894133472422,hunch,backs
rollbacks,2,roll+backs ratingcmp=50.7,50.740742,1.96,roll,backs
pullbacks,2,pull+backs ratingcmp=67.9,67.904762,1.6,pull,backs
flashbacks,2,flash+backs ratingcmp=64.6,64.639999,2.835902186494736,flash,backs
kickbacks,2,kick+backs ratingcmp=53.9,53.933334,2.614053436878379,kick,backs
canvasbacks,2,canvas+backs ratingcmp=58.4,58.392857,0.0,canvas,backs
mossbacks,2,moss+backs ratingcmp=35.6,35.592594,0.0,moss,backs
hatchbacks,2,hatch+backs ratingcmp=46.4,46.360001,2.13,hatch,backs
drawbacks,2,draw+backs ratingcmp=52.4,52.42857,2.570587743097289,draw,backs
paperbacks,2,paper+backs ratingcmp=66.0,66.0,2.405777494451296,paper,backs
buybacks,2,buy+backs ratingcmp=69.1,69.137932,2.4,buy,backs
chawbacon,2,chaw+bacon ratingcmp=26.2,26.16,0.0,chaw,bacon
schoolbag,2,school+bag ratingcmp=94.2,94.181816,2.136932182158717,school,bag
beanbag,2,bean+bag ratingcmp=63.5,63.535713,2.723197906303447,bean,bag
gasbag,2,gas+bag ratingcmp=49.6,49.592594,1.893894133472422,gas,bag
feedbag,2,feed+bag ratingcmp=64.5,64.525002,2.333226827302685,feed,bag
moneybag,2,money+bag ratingcmp=87.5,87.519997,1.990804146480479,money,bag
handbag,2,hand+bag ratingcmp=72.6,72.564102,3.422167910639466,hand,bag
gamebag,2,game+bag ratingcmp=62.3,62.299999,0.0,game,bag
saddlebag,2,saddle+bag ratingcmp=56.8,56.846153,2.437962177822698,saddle,bag
kitbag,2,kit+bag ratingcmp=52.7,52.73077,1.592864137808441,kit,bag
carpetbag,2,carpet+bag ratingcmp=47.1,47.075001,1.893894133472422,carpet,bag
sickbag,2,sick+bag ratingcmp=77.8,77.814812,0.0,sick,bag
sandbag,2,sand+bag ratingcmp=84.6,84.62162,2.592864137808441,sand,bag
workbag,2,work+bag ratingcmp=82.0,81.966667,0.0,work,bag
fleabag,2,flea+bag ratingcmp=43.4,43.435898,2.706807490115278,flea,bag
windbag,2,wind+bag ratingcmp=45.6,45.564102,2.91508343254236,wind,bag
mailbag,2,mail+bag ratingcmp=83.4,83.351349,2.069985392528103,mail,bag
postbag,2,post+bag ratingcmp=72.2,72.15625,1.24,post,bag
ragbag,2,rag+bag ratingcmp=58.1,58.103447,1.2,rag,bag
nosebag,2,nose+bag ratingcmp=33.4,33.410255,1.592864137808441,nose,bag
seabag,2,sea+bag ratingcmp=48.0,48.035713,1.592864137808441,sea,bag
carpetbagger,2,carpet+bagger ratingcmp=46.1,46.125,2.069985392528103,carpet,bagger
sandbagger,2,sand+bagger ratingcmp=74.1,74.148148,0.0,sand,bagger
nosebags,2,nose+bags ratingcmp=43.7,43.703705,0.0,nose,bags
saddlebags,2,saddle+bags ratingcmp=85.8,85.774193,2.522283063522734,saddle,bags
feedbags,2,feed+bags ratingcmp=70.0,69.958336,0.0,feed,bags
mailbags,2,mail+bags ratingcmp=87.4,87.375,1.38,mail,bags
carpetbags,2,carpet+bags ratingcmp=65.5,65.5,0.0,carpet,bags
windbags,2,wind+bags ratingcmp=46.6,46.615383,1.592864137808441,wind,bags
gasbags,2,gas+bags ratingcmp=52.8,52.799999,1.08,gas,bags
postbags,2,post+bags ratingcmp=60.7,60.700001,0.0,post,bags
beanbags,2,bean+bags ratingcmp=74.8,74.75,2.069985392528103,bean,bags
sandbags,2,sand+bags ratingcmp=89.5,89.518517,2.371015388192085,sand,bags
handbags,2,hand+bags ratingcmp=84.5,84.5,2.954591973826034,hand,bags
fleabags,2,flea+bags ratingcmp=53.4,53.416668,2.069985392528103,flea,bags
moneybags,2,money+bags ratingcmp=66.5,66.474998,2.437962177822698,money,bags
schoolbags,2,school+bags ratingcmp=92.0,91.958336,1.592864137808441,school,bags
whitebait,2,white+bait ratingcmp=36.4,36.400002,1.76,white,bait
crowbait,2,crow+bait ratingcmp=56.8,56.799999,0.0,crow,bait
hardbake,2,hard+bake ratingcmp=51.7,51.666668,0.0,hard,bake
clambake,2,clam+bake ratingcmp=60.6,60.599998,2.689774150816497,clam,bake
clambakes,2,clam+bakes ratingcmp=50.5,50.46154,1.893894133472422,clam,bakes
beachball,2,beach+ball ratingcmp=93.6,93.629631,1.4,beach,ball
groundball,2,ground+ball ratingcmp=71.7,71.681816,1.51,ground,ball
hardball,2,hard+ball ratingcmp=65.8,65.821426,3.024227901967429,hard,ball
butterball,2,butter+ball ratingcmp=61.3,61.333332,2.547106647247766,butter,ball
goofball,2,goof+ball ratingcmp=55.7,55.729168,2.754232140043416,goof,ball
baseball,2,base+ball ratingcmp=63.4,63.447369,4.402087059497862,base,ball
basketball,2,basket+ball ratingcmp=66.6,66.567566,4.330056780513178,basket,ball
racquetball,2,racquet+ball ratingcmp=81.1,81.14286,3.091174691598042,racquet,ball
stickball,2,stick+ball ratingcmp=64.9,64.85714,2.437962177822698,stick,ball
handball,2,hand+ball ratingcmp=77.7,77.710526,2.754232140043416,hand,ball
eyeball,2,eye+ball ratingcmp=82.4,82.409088,3.269557747433308,eye,ball
pinball,2,pin+ball ratingcmp=65.2,65.23333,3.189461233434901,pin,ball
hairball,2,hair+ball ratingcmp=94.7,94.653847,2.783195835978733,hair,ball
earthball,2,earth+ball ratingcmp=47.0,47.033333,0.0,earth,ball
knuckleball,2,knuckle+ball ratingcmp=62.3,62.258064,1.768955396864122,knuckle,ball
mothball,2,moth+ball ratingcmp=44.5,44.53846,2.069985392528103,moth,ball
fireball,2,fire+ball ratingcmp=79.0,79.027023,3.178324867316942,fire,ball
spitball,2,spit+ball ratingcmp=79.7,79.708336,2.437962177822698,spit,ball
greaseball,2,grease+ball ratingcmp=57.5,57.535713,2.634256822966666,grease,ball
fastball,2,fast+ball ratingcmp=85.5,85.5,3.069985392528104,fast,ball
football,2,foot+ball ratingcmp=50.6,50.599998,4.574002920449102,foot,ball
sourball,2,sour+ball ratingcmp=61.1,61.119999,2.069985392528103,sour,ball
netball,2,net+ball ratingcmp=72.5,72.454544,1.893894133472422,net,ball
oddball,2,odd+ball ratingcmp=34.4,34.424999,2.835902186494736,odd,ball
punchball,2,punch+ball ratingcmp=58.0,58.0,0.0,punch,ball
volleyball,2,volley+ball ratingcmp=77.0,76.964287,3.062686153786604,volley,ball
puffball,2,puff+ball ratingcmp=75.2,75.25,1.990804146480479,puff,ball
tetherball,2,tether+ball ratingcmp=69.5,69.535713,2.29183414214446,tether,ball
brandyball,2,brandy+ball ratingcmp=33.2,33.166668,0.0,brandy,ball
beanball,2,bean+ball ratingcmp=57.9,57.900002,0.0,bean,ball
meatball,2,meat+ball ratingcmp=81.1,81.108109,3.415685783111546,meat,ball
paintball,2,paint+ball ratingcmp=90.0,89.964287,2.882898749170959,paint,ball
pushball,2,push+ball ratingcmp=62.9,62.916668,0.0,push,ball
cannonball,2,cannon+ball ratingcmp=76.8,76.769234,3.161065861875436,cannon,ball
highball,2,high+ball ratingcmp=38.7,38.727272,2.835902186494736,high,ball
screwball,2,screw+ball ratingcmp=44.8,44.80645,3.055262135707397,screw,ball
blowball,2,blow+ball ratingcmp=40.8,40.833332,0.0,blow,ball
trackball,2,track+ball ratingcmp=63.8,63.774193,1.97,track,ball
snowball,2,snow+ball ratingcmp=93.4,93.384613,3.149166638575728,snow,ball
blackball,2,black+ball ratingcmp=50.0,49.972973,2.246076651583785,black,ball
softball,2,soft+ball ratingcmp=60.2,60.205128,3.356292131371378,soft,ball
basketballs,2,basket+balls ratingcmp=70.1,70.115387,2.547106647247766,basket,balls
footballs,2,foot+balls ratingcmp=63.3,63.333332,2.371015388192085,foot,balls
highballs,2,high+balls ratingcmp=43.8,43.772728,2.246076651583785,high,balls
baseballs,2,base+balls ratingcmp=61.2,61.166668,2.783195835978733,base,balls
butterballs,2,butter+balls ratingcmp=67.3,67.285713,2.333226827302685,butter,balls
softballs,2,soft+balls ratingcmp=61.6,61.560001,1.592864137808441,soft,balls
fastballs,2,fast+balls ratingcmp=85.2,85.214287,1.893894133472422,fast,balls
meatballs,2,meat+balls ratingcmp=91.7,91.666664,3.356292131371378,meat,balls
screwballs,2,screw+balls ratingcmp=51.0,50.958332,2.194924129136403,screw,balls
handballs,2,hand+balls ratingcmp=65.8,65.807693,1.68,hand,balls
puffballs,2,puff+balls ratingcmp=74.2,74.25,1.58,puff,balls
spitballs,2,spit+balls ratingcmp=74.7,74.68,2.194924129136403,spit,balls
cannonballs,2,cannon+balls ratingcmp=89.3,89.333336,2.29183414214446,cannon,balls
oddballs,2,odd+balls ratingcmp=43.3,43.32,2.069985392528103,odd,balls
racquetballs,2,racquet+balls ratingcmp=81.0,81.045456,0.0,racquet,balls
eyeballs,2,eye+balls ratingcmp=86.7,86.689651,3.467925401200141,eye,balls
fireballs,2,fire+balls ratingcmp=83.2,83.181816,2.614053436878379,fire,balls
mothballs,2,moth+balls ratingcmp=52.5,52.545456,2.835902186494736,moth,balls
trackballs,2,track+balls ratingcmp=55.8,55.774193,1.2,track,balls
blackballs,2,black+balls ratingcmp=61.1,61.142857,1.592864137808441,black,balls
snowballs,2,snow+balls ratingcmp=93.1,93.125,2.570587743097289,snow,balls
hairballs,2,hair+balls ratingcmp=79.3,79.32,2.136932182158717,hair,balls
volleyballs,2,volley+balls ratingcmp=75.4,75.391304,1.41,volley,balls
beebalm,2,bee+balm ratingcmp=43.5,43.53846,0.0,bee,balm
neckband,2,neck+band ratingcmp=72.3,72.289474,1.592864137808441,neck,band
noseband,2,nose+band ratingcmp=57.2,57.1875,1.36,nose,band
waistband,2,waist+band ratingcmp=69.1,69.054054,2.333226827302685,waist,band
armband,2,arm+band ratingcmp=75.5,75.485718,2.467925401200141,arm,band
sweatband,2,sweat+band ratingcmp=64.3,64.272728,1.990804146480479,sweat,band
headband,2,head+band ratingcmp=79.6,79.605263,2.634256822966666,head,band
backband,2,back+band ratingcmp=44.2,44.25,0.0,back,band
bellyband,2,belly+band ratingcmp=47.8,47.75,1.768955396864122,belly,band
trainband,2,train+band ratingcmp=44.1,44.090908,0.0,train,band
hatband,2,hat+band ratingcmp=43.4,43.37838,1.592864137808441,hat,band
ribband,2,rib+band ratingcmp=34.1,34.129032,1.09,rib,band
waveband,2,wave+band ratingcmp=46.5,46.5,1.46,wave,band
watchband,2,watch+band ratingcmp=63.6,63.625,2.194924129136403,watch,band
wristband,2,wrist+band ratingcmp=78.8,78.75,2.29183414214446,wrist,band
watchbands,2,watch+bands ratingcmp=67.6,67.615387,1.592864137808441,watch,bands
armbands,2,arm+bands ratingcmp=84.9,84.928574,2.246076651583785,arm,bands
hatbands,2,hat+bands ratingcmp=51.8,51.833332,0.0,hat,bands
wristbands,2,wrist+bands ratingcmp=91.6,91.571426,1.592864137808441,wrist,bands
headbands,2,head+bands ratingcmp=70.6,70.63636,1.990804146480479,head,bands
sweatbands,2,sweat+bands ratingcmp=78.2,78.242424,1.33,sweat,bands
waistbands,2,waist+bands ratingcmp=82.8,82.833336,1.62,waist,bands
neckbands,2,neck+bands ratingcmp=81.0,81.047623,0.0,neck,bands
trainbandsman,2,train+bandsman ratingcmp=33.6,33.560001,0.0,train,bandsman
sowbane,2,sow+bane ratingcmp=30.7,30.700001,0.0,sow,bane
fleabane,2,flea+bane ratingcmp=38.3,38.272728,1.25,flea,bane
ratsbane,2,rats+bane ratingcmp=42.9,42.878788,0.0,rats,bane
wolfbane,2,wolf+bane ratingcmp=36.8,36.82143,2.437962177822698,wolf,bane
henbane,2,hen+bane ratingcmp=28.3,28.285715,1.63,hen,bane
bugbane,2,bug+bane ratingcmp=32.3,32.258064,0.0,bug,bane
dogbane,2,dog+bane ratingcmp=31.7,31.700001,1.13,dog,bane
wolfsbane,2,wolfs+bane ratingcmp=42.6,42.615383,2.437962177822698,wolfs,bane
whizbang,2,whiz+bang ratingcmp=33.1,33.142857,1.893894133472422,whiz,bang
whizzbang,2,whizz+bang ratingcmp=49.6,49.620689,0.0,whizz,bang
whizzbangs,2,whizz+bangs ratingcmp=32.6,32.583332,0.0,whizz,bangs
fogbank,2,fog+bank ratingcmp=48.2,48.17857,0.0,fog,bank
sandbank,2,sand+bank ratingcmp=56.2,56.227272,1.768955396864122,sand,bank
riverbank,2,river+bank ratingcmp=64.3,64.28125,2.835902186494736,river,bank
snowbank,2,snow+bank ratingcmp=66.0,65.958336,1.893894133472422,snow,bank
sandbanks,2,sand+banks ratingcmp=65.0,64.958336,1.592864137808441,sand,banks
snowbanks,2,snow+banks ratingcmp=59.1,59.107143,1.52,snow,banks
riverbanks,2,river+banks ratingcmp=76.1,76.099998,2.069985392528103,river,banks
busbar,2,bus+bar ratingcmp=40.6,40.576923,1.59,bus,bar
drawbar,2,draw+bar ratingcmp=38.1,38.086956,1.82,draw,bar
tollbar,2,toll+bar ratingcmp=49.2,49.153847,0.0,toll,bar
crossbar,2,cross+bar ratingcmp=66.7,66.692307,2.069985392528103,cross,bar
sandbar,2,sand+bar ratingcmp=54.7,54.729729,1.893894133472422,sand,bar
sidebar,2,side+bar ratingcmp=73.8,73.826088,2.973075379520047,side,bar
handlebar,2,handle+bar ratingcmp=75.8,75.769234,2.333226827302685,handle,bar
crowbar,2,crow+bar ratingcmp=32.7,32.650002,3.117908944845286,crow,bar
birchbark,2,birch+bark ratingcmp=76.9,76.92308,1.26,birch,bark
shellbark,2,shell+bark ratingcmp=41.0,41.0,0.0,shell,bark
shagbark,2,shag+bark ratingcmp=36.5,36.517242,1.3,shag,bark
stringybark,2,stringy+bark ratingcmp=53.1,53.083332,1.17,stringy,bark
lacebark,2,lace+bark ratingcmp=42.9,42.904762,0.0,lace,bark
ropebark,2,rope+bark ratingcmp=40.1,40.096775,0.0,rope,bark
tanbark,2,tan+bark ratingcmp=31.9,31.92,1.592864137808441,tan,bark
crampbark,2,cramp+bark ratingcmp=31.8,31.848484,0.0,cramp,bark
smoothbark,2,smooth+bark ratingcmp=70.8,70.800003,0.0,smooth,bark
cowbarn,2,cow+barn ratingcmp=77.8,77.758621,0.0,cow,barn
handbarrow,2,hand+barrow ratingcmp=60.8,60.774193,0.0,hand,barrow
wheelbarrow,2,wheel+barrow ratingcmp=62.2,62.174999,2.796984120464366,wheel,barrow
wheelbarrows,2,wheel+barrows ratingcmp=58.9,58.892857,1.893894133472422,wheel,barrows
handbarrows,2,hand+barrows ratingcmp=43.7,43.666668,0.0,hand,barrows
sidebars,2,side+bars ratingcmp=77.1,77.111115,1.95,side,bars
crossbars,2,cross+bars ratingcmp=67.1,67.064514,1.88,cross,bars
handlebars,2,handle+bars ratingcmp=85.3,85.26667,2.723197906303447,handle,bars
crowbars,2,crow+bars ratingcmp=37.0,37.037037,2.136932182158717,crow,bars
sandbars,2,sand+bars ratingcmp=62.7,62.700001,1.893894133472422,sand,bars
database,2,data+base ratingcmp=74.7,74.678574,3.755727131130367,data,base
firebase,2,fire+base ratingcmp=54.6,54.560001,1.893894133472422,fire,base
wheelbase,2,wheel+base ratingcmp=65.1,65.099998,1.990804146480479,wheel,base
wheelbases,2,wheel+bases ratingcmp=50.5,50.52,1.29,wheel,bases
databases,2,data+bases ratingcmp=76.0,76.0,2.925302597724047,data,bases
handbasin,2,hand+basin ratingcmp=69.6,69.619049,0.0,hand,basin
washbasin,2,wash+basin ratingcmp=86.3,86.310349,1.592864137808441,wash,basin
washbasins,2,wash+basins ratingcmp=81.6,81.633331,1.43,wash,basins
workbasket,2,work+basket ratingcmp=67.7,67.666664,0.0,work,basket
breadbasket,2,bread+basket ratingcmp=77.1,77.054054,2.333226827302685,bread,basket
handbasket,2,hand+basket ratingcmp=80.3,80.290321,1.75,hand,basket
wastebasket,2,waste+basket ratingcmp=75.9,75.891891,2.810348082022347,waste,basket
workbaskets,2,work+baskets ratingcmp=66.5,66.541664,0.0,work,baskets
breadbaskets,2,bread+baskets ratingcmp=87.9,87.931038,0.0,bread,baskets
wastebaskets,2,waste+baskets ratingcmp=85.9,85.919998,1.893894133472422,waste,baskets
bullbat,2,bull+bat ratingcmp=30.2,30.25,0.0,bull,bat
dingbat,2,ding+bat ratingcmp=33.9,33.857143,2.194924129136403,ding,bat
brickbat,2,brick+bat ratingcmp=36.1,36.07143,1.592864137808441,brick,bat
bloodbath,2,blood+bath ratingcmp=60.9,60.864864,3.155157002264916,blood,bath
footbath,2,foot+bath ratingcmp=81.4,81.375,1.990804146480479,foot,bath
birdbath,2,bird+bath ratingcmp=87.6,87.566666,2.333226827302685,bird,bath
eyebath,2,eye+bath ratingcmp=54.0,53.954544,1.592864137808441,eye,bath
sunbather,2,sun+bather ratingcmp=71.0,71.0,1.592864137808441,sun,bather
sunbathers,2,sun+bathers ratingcmp=77.4,77.428574,1.592864137808441,sun,bathers
birdbaths,2,bird+baths ratingcmp=90.1,90.10714,1.592864137808441,bird,baths
bloodbaths,2,blood+baths ratingcmp=66.9,66.916664,1.592864137808441,blood,baths
brickbats,2,brick+bats ratingcmp=40.1,40.125,1.592864137808441,brick,bats
rosebay,2,rose+bay ratingcmp=44.4,44.363636,1.14,rose,bay
sickbay,2,sick+bay ratingcmp=42.8,42.75,2.614053436878379,sick,bay
sickbays,2,sick+bays ratingcmp=46.1,46.133335,0.0,sick,bays
grossbeak,2,gross+beak ratingcmp=39.1,39.066666,0.0,gross,beak
halfbeak,2,half+beak ratingcmp=50.6,50.625,0.0,half,beak
hornbeam,2,horn+beam ratingcmp=34.3,34.285713,1.92,horn,beam
sunbeam,2,sun+beam ratingcmp=82.8,82.769234,2.570587743097289,sun,beam
moonbeam,2,moon+beam ratingcmp=60.6,60.575001,2.882898749170959,moon,beam
crossbeam,2,cross+beam ratingcmp=77.9,77.896553,1.768955396864122,cross,beam
sunbeams,2,sun+beams ratingcmp=84.8,84.821426,1.990804146480479,sun,beams
crossbeams,2,cross+beams ratingcmp=70.6,70.559998,1.39,cross,beams
moonbeams,2,moon+beams ratingcmp=77.3,77.32,2.522283063522734,moon,beams
butterbean,2,butter+bean ratingcmp=44.9,44.9375,1.6,butter,bean
soybean,2,soy+bean ratingcmp=80.6,80.648651,2.706807490115278,soy,bean
buckbean,2,buck+bean ratingcmp=27.8,27.76,0.0,buck,bean
bogbean,2,bog+bean ratingcmp=39.3,39.291668,0.0,bog,bean
horsebean,2,horse+bean ratingcmp=40.6,40.580647,0.0,horse,bean
screwbean,2,screw+bean ratingcmp=32.7,32.73077,0.0,screw,bean
soybeans,2,soy+beans ratingcmp=85.5,85.517242,2.467925401200141,soy,beans
bugbear,2,bug+bear ratingcmp=30.6,30.555555,1.768955396864122,bug,bear
greybeard,2,grey+beard ratingcmp=75.7,75.666664,1.52,grey,beard
graybeard,2,gray+beard ratingcmp=79.7,79.73333,1.08,gray,beard
crownbeard,2,crown+beard ratingcmp=40.9,40.933334,0.0,crown,beard
goatsbeard,2,goats+beard ratingcmp=55.4,55.360001,0.0,goats,beard
longbeard,2,long+beard ratingcmp=71.9,71.919998,0.0,long,beard
graybeards,2,gray+beards ratingcmp=74.5,74.548386,1.592864137808441,gray,beards
trainbearer,2,train+bearer ratingcmp=68.2,68.241379,0.0,train,bearer
pallbearer,2,pall+bearer ratingcmp=38.2,38.228573,2.371015388192085,pall,bearer
macebearer,2,mace+bearer ratingcmp=53.0,52.965519,0.0,mace,bearer
cupbearer,2,cup+bearer ratingcmp=69.0,68.965515,1.75,cup,bearer
talebearer,2,tale+bearer ratingcmp=56.1,56.113636,1.893894133472422,tale,bearer
torchbearer,2,torch+bearer ratingcmp=80.1,80.074074,1.893894133472422,torch,bearer
talebearers,2,tale+bearers ratingcmp=51.7,51.653847,0.0,tale,bearers
torchbearers,2,torch+bearers ratingcmp=82.6,82.604164,1.7,torch,bearers
pallbearers,2,pall+bearers ratingcmp=45.5,45.535713,2.522283063522734,pall,bearers
childbearing,2,child+bearing ratingcmp=81.0,81.033333,2.405777494451296,child,bearing
bugbears,2,bug+bears ratingcmp=33.1,33.080002,1.69,bug,bears
downbeat,2,down+beat ratingcmp=55.0,54.966667,2.437962177822698,down,beat
heartbeat,2,heart+beat ratingcmp=83.8,83.783783,3.74667900215297,heart,beat
backbeat,2,back+beat ratingcmp=46.8,46.799999,1.990804146480479,back,beat
drumbeat,2,drum+beat ratingcmp=75.7,75.666664,2.246076651583785,drum,beat
deadbeat,2,dead+beat ratingcmp=51.7,51.708332,3.241224148789373,dead,beat
drumbeater,2,drum+beater ratingcmp=76.8,76.75,0.0,drum,beater
eggbeater,2,egg+beater ratingcmp=78.3,78.270271,2.405777494451296,egg,beater
goldbeater,2,gold+beater ratingcmp=45.7,45.666668,0.0,gold,beater
eggbeaters,2,egg+beaters ratingcmp=81.2,81.208336,1.893894133472422,egg,beaters
offbeats,2,off+beats ratingcmp=61.5,61.52,0.0,off,beats
heartbeats,2,heart+beats ratingcmp=90.8,90.75,2.706807490115278,heart,beats
deadbeats,2,dead+beats ratingcmp=43.1,43.080002,2.723197906303447,dead,beats
downbeats,2,down+beats ratingcmp=47.3,47.272728,1.768955396864122,down,beats
drumbeats,2,drum+beats ratingcmp=84.9,84.888885,1.768955396864122,drum,beats
seabed,2,sea+bed ratingcmp=55.5,55.487179,1.990804146480479,sea,bed
daybed,2,day+bed ratingcmp=78.4,78.366669,1.592864137808441,day,bed
featherbed,2,feather+bed ratingcmp=79.4,79.413795,2.246076651583785,feather,bed
flatbed,2,flat+bed ratingcmp=67.0,66.964287,2.634256822966666,flat,bed
sickbed,2,sick+bed ratingcmp=64.5,64.540543,2.069985392528103,sick,bed
flowerbed,2,flower+bed ratingcmp=67.8,67.783783,2.136932182158717,flower,bed
deathbed,2,death+bed ratingcmp=74.0,74.0,3.130683232881715,death,bed
riverbed,2,river+bed ratingcmp=47.7,47.717949,2.653561978162053,river,bed
childbed,2,child+bed ratingcmp=75.9,75.91304,1.768955396864122,child,bed
streambed,2,stream+bed ratingcmp=55.8,55.766666,1.76,stream,bed
hotbed,2,hot+bed ratingcmp=56.5,56.540539,2.522283063522734,hot,bed
seedbed,2,seed+bed ratingcmp=65.2,65.23333,1.74,seed,bed
roadbed,2,road+bed ratingcmp=39.2,39.179485,1.768955396864122,road,bed
featherbedding,2,feather+bedding ratingcmp=79.2,79.166664,1.02,feather,bedding
deathbeds,2,death+beds ratingcmp=81.8,81.800003,1.768955396864122,death,beds
daybeds,2,day+beds ratingcmp=65.6,65.583336,1.592864137808441,day,beds
roadbeds,2,road+beds ratingcmp=52.6,52.551723,0.0,road,beds
flatbeds,2,flat+beds ratingcmp=58.4,58.360001,1.592864137808441,flat,beds
sickbeds,2,sick+beds ratingcmp=80.6,80.608696,1.592864137808441,sick,beds
riverbeds,2,river+beds ratingcmp=59.1,59.074074,1.592864137808441,river,beds
flowerbeds,2,flower+beds ratingcmp=67.2,67.227272,1.592864137808441,flower,beds
seabeds,2,sea+beds ratingcmp=66.1,66.130432,1.42,sea,beds
hotbeds,2,hot+beds ratingcmp=56.3,56.291668,1.592864137808441,hot,beds
seedbeds,2,seed+beds ratingcmp=62.1,62.125,1.19,seed,beds
honeybee,2,honey+bee ratingcmp=84.5,84.53846,2.333226827302685,honey,bee
freebee,2,free+bee ratingcmp=42.1,42.119999,1.893894133472422,free,bee
bumblebee,2,bumble+bee ratingcmp=63.8,63.799999,2.823313059186715,bumble,bee
humblebee,2,humble+bee ratingcmp=46.3,46.333332,0.0,humble,bee
honeybees,2,honey+bees ratingcmp=91.2,91.241379,2.069985392528103,honey,bees
bumblebees,2,bumble+bees ratingcmp=69.6,69.64286,1.768955396864122,bumble,bees
blackbeetle,2,black+beetle ratingcmp=81.6,81.586205,0.0,black,beetle
ladybeetle,2,lady+beetle ratingcmp=51.6,51.629631,0.0,lady,beetle
wellbeing,2,well+being ratingcmp=83.9,83.903229,2.333226827302685,well,being
cowbell,2,cow+bell ratingcmp=66.7,66.675674,2.333226827302685,cow,bell
doorbell,2,door+bell ratingcmp=85.1,85.108109,3.921243741247179,door,bell
harebell,2,hare+bell ratingcmp=30.4,30.370371,1.22,hare,bell
snowbell,2,snow+bell ratingcmp=44.8,44.82143,2.904617998864195,snow,bell
barbell,2,bar+bell ratingcmp=42.2,42.241379,2.570587743097289,bar,bell
dumbbell,2,dumb+bell ratingcmp=22.5,22.454546,2.706807490115278,dumb,bell
handbell,2,hand+bell ratingcmp=88.0,88.0,1.6,hand,bell
amberbell,2,amber+bell ratingcmp=40.3,40.259258,0.0,amber,bell
bluebell,2,blue+bell ratingcmp=42.1,42.102566,1.592864137808441,blue,bell
potbellies,2,pot+bellies ratingcmp=52.2,52.25,1.592864137808441,pot,bellies
coralbells,2,coral+bells ratingcmp=39.0,39.033333,0.0,coral,bells
dumbbells,2,dumb+bells ratingcmp=50.4,50.448277,2.069985392528103,dumb,bells
barbells,2,bar+bells ratingcmp=43.2,43.222221,2.194924129136403,bar,bells
honeybells,2,honey+bells ratingcmp=52.5,52.464287,0.0,honey,bells
cowbells,2,cow+bells ratingcmp=84.6,84.599998,1.98,cow,bells
harebells,2,hare+bells ratingcmp=32.8,32.785713,1.592864137808441,hare,bells
doorbells,2,door+bells ratingcmp=86.9,86.879997,2.495954124800384,door,bells
bluebells,2,blue+bells ratingcmp=64.6,64.64286,2.29183414214446,blue,bells
sowbelly,2,sow+belly ratingcmp=37.8,37.782608,2.194924129136403,sow,belly
redbelly,2,red+belly ratingcmp=55.7,55.666668,0.0,red,belly
potbelly,2,pot+belly ratingcmp=42.3,42.325001,2.069985392528103,pot,belly
greenbelt,2,green+belt ratingcmp=63.6,63.590908,2.77,green,belt
seatbelt,2,seat+belt ratingcmp=93.8,93.807693,2.973075379520047,seat,belt
shelterbelt,2,shelter+belt ratingcmp=40.6,40.633335,0.0,shelter,belt
greenbelts,2,green+belts ratingcmp=65.2,65.25,1.35,green,belts
backbench,2,back+bench ratingcmp=67.5,67.535713,2.33,back,bench
workbench,2,work+bench ratingcmp=86.9,86.896553,2.333226827302685,work,bench
crossbench,2,cross+bench ratingcmp=50.5,50.541668,1.92,cross,bench
workbenches,2,work+benches ratingcmp=85.5,85.480003,1.66,work,benches
backbenches,2,back+benches ratingcmp=71.5,71.521736,1.8,back,benches
backbend,2,back+bend ratingcmp=65.0,65.033333,1.768955396864122,back,bend
hellbender,2,hell+bender ratingcmp=61.6,61.620689,1.44,hell,bender
methylbenzene,2,methyl+benzene ratingcmp=78.3,78.275864,0.0,methyl,benzene
vinylbenzene,2,vinyl+benzene ratingcmp=48.3,48.333332,0.0,vinyl,benzene
alkylbenzene,2,alkyl+benzene ratingcmp=64.1,64.137932,0.0,alkyl,benzene
iceberg,2,ice+berg ratingcmp=51.3,51.344826,3.260317090698395,ice,berg
icebergs,2,ice+bergs ratingcmp=58.5,58.52,2.592864137808441,ice,bergs
gooseberries,2,goose+berries ratingcmp=40.2,40.17857,1.592864137808441,goose,berries
strawberries,2,straw+berries ratingcmp=34.1,34.133335,3.595030199564949,straw,berries
bayberries,2,bay+berries ratingcmp=45.6,45.619049,0.0,bay,berries
blackberries,2,black+berries ratingcmp=86.5,86.545456,2.405777494451296,black,berries
dewberries,2,dew+berries ratingcmp=62.7,62.666668,0.0,dew,berries
barberries,2,bar+berries ratingcmp=36.7,36.73077,0.0,bar,berries
blueberries,2,blue+berries ratingcmp=91.9,91.862068,3.040022169150661,blue,berries
raspberries,2,rasp+berries ratingcmp=40.1,40.125,2.653561978162053,rasp,berries
elderberries,2,elder+berries ratingcmp=39.8,39.761906,1.592864137808441,elder,berries
wineberry,2,wine+berry ratingcmp=71.0,71.0,0.0,wine,berry
sugarberry,2,sugar+berry ratingcmp=74.7,74.727272,1.06,sugar,berry
bunchberry,2,bunch+berry ratingcmp=51.7,51.740742,0.0,bunch,berry
bayberry,2,bay+berry ratingcmp=37.9,37.880001,1.893894133472422,bay,berry
longanberry,2,longan+berry ratingcmp=38.7,38.666668,0.0,longan,berry
bloodberry,2,blood+berry ratingcmp=59.4,59.375,0.0,blood,berry
boxberry,2,box+berry ratingcmp=38.4,38.409092,0.0,box,berry
twinberry,2,twin+berry ratingcmp=49.3,49.285713,0.0,twin,berry
barberry,2,bar+berry ratingcmp=41.0,41.035713,1.85,bar,berry
jamberry,2,jam+berry ratingcmp=62.1,62.125,1.28,jam,berry
cowberry,2,cow+berry ratingcmp=39.3,39.299999,0.0,cow,berry
chinaberry,2,china+berry ratingcmp=54.9,54.916668,1.1,china,berry
crackerberry,2,cracker+berry ratingcmp=42.1,42.125,0.0,cracker,berry
dangleberry,2,dangle+berry ratingcmp=51.2,51.208332,0.0,dangle,berry
teaberry,2,tea+berry ratingcmp=55.3,55.346153,0.0,tea,berry
inkberry,2,ink+berry ratingcmp=45.2,45.208332,0.0,ink,berry
partridgeberry,2,partridge+berry ratingcmp=49.9,49.862068,0.0,partridge,berry
dewberry,2,dew+berry ratingcmp=47.0,47.0,1.592864137808441,dew,berry
elderberry,2,elder+berry ratingcmp=33.5,33.5,2.405777494451296,elder,berry
shadberry,2,shad+berry ratingcmp=37.1,37.096775,0.0,shad,berry
sunberry,2,sun+berry ratingcmp=51.3,51.333332,0.0,sun,berry
salmonberry,2,salmon+berry ratingcmp=50.4,50.379311,1.15,salmon,berry
rowanberry,2,rowan+berry ratingcmp=39.3,39.3125,0.0,rowan,berry
coralberry,2,coral+berry ratingcmp=42.2,42.23077,0.0,coral,berry
sparkleberry,2,sparkle+berry ratingcmp=51.7,51.708332,0.0,sparkle,berry
grouseberry,2,grouse+berry ratingcmp=45.7,45.652172,0.0,grouse,berry
hagberry,2,hag+berry ratingcmp=45.1,45.07143,0.0,hag,berry
snowberry,2,snow+berry ratingcmp=45.0,45.040001,1.592864137808441,snow,berry
foxberry,2,fox+berry ratingcmp=49.3,49.275864,0.0,fox,berry
gallberry,2,gall+berry ratingcmp=40.2,40.166668,0.0,gall,berry
lingberry,2,ling+berry ratingcmp=45.7,45.740742,0.0,ling,berry
groundberry,2,ground+berry ratingcmp=68.6,68.571426,0.0,ground,berry
winterberry,2,winter+berry ratingcmp=53.0,52.959999,1.592864137808441,winter,berry
baneberry,2,bane+berry ratingcmp=37.3,37.279999,0.0,bane,berry
blueberry,2,blue+berry ratingcmp=86.4,86.410255,3.41240807335031,blue,berry
redberry,2,red+berry ratingcmp=86.2,86.227272,0.0,red,berry
cloudberry,2,cloud+berry ratingcmp=41.0,41.0,1.55,cloud,berry
spiceberry,2,spice+berry ratingcmp=67.5,67.518517,0.0,spice,berry
candleberry,2,candle+berry ratingcmp=42.1,42.066666,0.0,candle,berry
hackberry,2,hack+berry ratingcmp=36.5,36.52,1.592864137808441,hack,berry
whinberry,2,whin+berry ratingcmp=41.3,41.322582,0.0,whin,berry
maleberry,2,male+berry ratingcmp=37.0,37.040001,0.0,male,berry
poisonberry,2,poison+berry ratingcmp=81.3,81.260872,0.0,poison,berry
sandberry,2,sand+berry ratingcmp=42.1,42.0625,0.0,sand,berry
bearberry,2,bear+berry ratingcmp=45.7,45.68,1.31,bear,berry
silverberry,2,silver+berry ratingcmp=54.2,54.200001,0.0,silver,berry
soapberry,2,soap+berry ratingcmp=51.8,51.75,0.0,soap,berry
mealberry,2,meal+berry ratingcmp=50.0,49.965519,0.0,meal,berry
spindleberry,2,spindle+berry ratingcmp=48.0,48.0,0.0,spindle,berry
crowberry,2,crow+berry ratingcmp=40.6,40.599998,2.069985392528103,crow,berry
snakeberry,2,snake+berry ratingcmp=41.9,41.939392,0.0,snake,berry
serviceberry,2,service+berry ratingcmp=31.4,31.360001,1.3,service,berry
checkerberry,2,checker+berry ratingcmp=42.5,42.541668,0.0,checker,berry
strawberry,2,straw+berry ratingcmp=32.1,32.136364,3.74362057766875,straw,berry
rougeberry,2,rouge+berry ratingcmp=61.8,61.782608,0.0,rouge,berry
thimbleberry,2,thimble+berry ratingcmp=48.2,48.192307,0.0,thimble,berry
raspberry,2,rasp+berry ratingcmp=32.1,32.081081,3.278605876410705,rasp,berry
deerberry,2,deer+berry ratingcmp=40.7,40.720001,0.0,deer,berry
wonderberry,2,wonder+berry ratingcmp=46.9,46.896553,0.0,wonder,berry
marlberry,2,marl+berry ratingcmp=30.2,30.200001,0.0,marl,berry
coffeeberry,2,coffee+berry ratingcmp=49.8,49.833332,0.0,coffee,berry
blackberry,2,black+berry ratingcmp=75.1,75.081078,2.882898749170959,black,berry
gooseberry,2,goose+berry ratingcmp=31.0,31.02564,2.467925401200141,goose,berry
waxberry,2,wax+berry ratingcmp=51.8,51.791668,0.0,wax,berry
motorbike,2,motor+bike ratingcmp=91.1,91.105263,2.882898749170959,motor,bike
motorbikes,2,motor+bikes ratingcmp=91.6,91.590912,2.405777494451296,motor,bikes
boatbill,2,boat+bill ratingcmp=43.7,43.677418,0.0,boat,bill
thornbill,2,thorn+bill ratingcmp=36.6,36.636364,0.0,thorn,bill
broadbill,2,broad+bill ratingcmp=46.1,46.142857,1.592864137808441,broad,bill
openbill,2,open+bill ratingcmp=65.2,65.206894,0.0,open,bill
hawksbill,2,hawks+bill ratingcmp=41.7,41.733334,1.78,hawks,bill
crossbill,2,cross+bill ratingcmp=46.1,46.090908,1.53,cross,bill
sawbill,2,saw+bill ratingcmp=45.6,45.583332,0.0,saw,bill
ivorybill,2,ivory+bill ratingcmp=35.1,35.066666,0.0,ivory,bill
saddlebill,2,saddle+bill ratingcmp=38.3,38.299999,0.0,saddle,bill
spoonbill,2,spoon+bill ratingcmp=30.4,30.440001,1.592864137808441,spoon,bill
handbill,2,hand+bill ratingcmp=38.6,38.594593,2.333226827302685,hand,bill
razorbill,2,razor+bill ratingcmp=30.5,30.461538,1.28,razor,bill
bluebill,2,blue+bill ratingcmp=47.1,47.136364,0.0,blue,bill
waybill,2,way+bill ratingcmp=36.7,36.67857,1.592864137808441,way,bill
hornbill,2,horn+bill ratingcmp=48.4,48.354839,1.92,horn,bill
cranesbill,2,cranes+bill ratingcmp=41.1,41.121212,1.11,cranes,bill
shoebill,2,shoe+bill ratingcmp=41.8,41.81818,1.44,shoe,bill
playbill,2,play+bill ratingcmp=33.0,33.0,1.990804146480479,play,bill
storksbill,2,storks+bill ratingcmp=46.5,46.464287,0.0,storks,bill
hawkbill,2,hawk+bill ratingcmp=48.3,48.259258,0.0,hawk,bill
duckbill,2,duck+bill ratingcmp=62.0,61.966667,1.69,duck,bill
hillbillies,2,hill+billies ratingcmp=27.8,27.76923,2.723197906303447,hill,billies
playbills,2,play+bills ratingcmp=51.4,51.407406,1.62,play,bills
duckbills,2,duck+bills ratingcmp=46.7,46.68,0.0,duck,bills
handbills,2,hand+bills ratingcmp=48.4,48.392857,2.371015388192085,hand,bills
waybills,2,way+bills ratingcmp=32.4,32.360001,1.768955396864122,way,bills
razorbills,2,razor+bills ratingcmp=33.2,33.16,1.45,razor,bills
spoonbills,2,spoon+bills ratingcmp=39.0,39.0,1.58,spoon,bills
hillbilly,2,hill+billy ratingcmp=31.5,31.5,3.313023441214398,hill,billy
litterbin,2,litter+bin ratingcmp=82.3,82.333336,0.0,litter,bin
dustbin,2,dust+bin ratingcmp=79.8,79.763161,2.194924129136403,dust,bin
ashbin,2,ash+bin ratingcmp=78.0,78.0,0.0,ash,bin
coalbin,2,coal+bin ratingcmp=69.5,69.533333,0.0,coal,bin
wastebin,2,waste+bin ratingcmp=92.5,92.516129,0.0,waste,bin
bookbinder,2,book+binder ratingcmp=69.5,69.46154,1.893894133472422,book,binder
highbinder,2,high+binder ratingcmp=47.0,47.0,0.0,high,binder
spellbinder,2,spell+binder ratingcmp=53.5,53.458332,1.768955396864122,spell,binder
bookbinderies,2,book+binderies ratingcmp=60.1,60.125,0.0,book,binderies
spellbinders,2,spell+binders ratingcmp=48.0,47.962963,1.21,spell,binders
bookbinders,2,book+binders ratingcmp=76.8,76.800003,1.72,book,binders
bookbindery,2,book+bindery ratingcmp=68.5,68.451614,0.0,book,bindery
bookbinding,2,book+binding ratingcmp=83.3,83.291664,2.23,book,binding
dustbins,2,dust+bins ratingcmp=76.0,76.040001,1.89,dust,bins
butcherbird,2,butcher+bird ratingcmp=34.6,34.642857,1.592864137808441,butcher,bird
cedarbird,2,cedar+bird ratingcmp=60.1,60.060608,0.0,cedar,bird
surfbird,2,surf+bird ratingcmp=45.1,45.083332,0.0,surf,bird
seabird,2,sea+bird ratingcmp=89.3,89.26667,2.38,sea,bird
yellowbird,2,yellow+bird ratingcmp=75.7,75.692307,1.893894133472422,yellow,bird
tailorbird,2,tailor+bird ratingcmp=42.8,42.82143,0.0,tailor,bird
bluebird,2,blue+bird ratingcmp=83.2,83.179489,2.893894133472422,blue,bird
shoebird,2,shoe+bird ratingcmp=42.4,42.379311,0.0,shoe,bird
lovebird,2,love+bird ratingcmp=59.8,59.838711,2.069985392528103,love,bird
blackbird,2,black+bird ratingcmp=80.3,80.300003,2.925302597724047,black,bird
songbird,2,song+bird ratingcmp=72.6,72.589745,2.405777494451296,song,bird
thunderbird,2,thunder+bird ratingcmp=57.5,57.541668,2.634256822966666,thunder,bird
tropicbird,2,tropic+bird ratingcmp=79.2,79.214287,0.0,tropic,bird
cowbird,2,cow+bird ratingcmp=45.3,45.310345,1.69,cow,bird
ladybird,2,lady+bird ratingcmp=41.0,41.025642,2.194924129136403,lady,bird
jailbird,2,jail+bird ratingcmp=33.4,33.371429,2.835902186494736,jail,bird
whirlybird,2,whirly+bird ratingcmp=43.5,43.520832,2.246076651583785,whirly,bird
puffbird,2,puff+bird ratingcmp=59.9,59.866665,0.0,puff,bird
catbird,2,cat+bird ratingcmp=46.1,46.086956,1.990804146480479,cat,bird
oilbird,2,oil+bird ratingcmp=40.1,40.090908,0.0,oil,bird
bowerbird,2,bower+bird ratingcmp=35.0,35.0,1.42,bower,bird
stinkbird,2,stink+bird ratingcmp=49.8,49.799999,0.0,stink,bird
jaybird,2,jay+bird ratingcmp=56.0,55.964287,2.371015388192085,jay,bird
ovenbird,2,oven+bird ratingcmp=38.9,38.916668,0.0,oven,bird
hangbird,2,hang+bird ratingcmp=47.0,47.041668,0.0,hang,bird
antbird,2,ant+bird ratingcmp=44.5,44.466667,0.0,ant,bird
waterbird,2,water+bird ratingcmp=63.9,63.948719,1.592864137808441,water,bird
lyrebird,2,lyre+bird ratingcmp=35.7,35.666668,1.22,lyre,bird
dickybird,2,dicky+bird ratingcmp=27.8,27.833334,0.0,dicky,bird
snakebird,2,snake+bird ratingcmp=42.0,42.041668,0.0,snake,bird
reedbird,2,reed+bird ratingcmp=52.0,51.966667,0.0,reed,bird
riflebird,2,rifle+bird ratingcmp=31.0,31.0,0.0,rifle,bird
bellbird,2,bell+bird ratingcmp=50.0,50.0,1.31,bell,bird
moorbird,2,moor+bird ratingcmp=34.9,34.869564,0.0,moor,bird
stiltbird,2,stilt+bird ratingcmp=51.3,51.333332,0.0,stilt,bird
weaverbird,2,weaver+bird ratingcmp=40.6,40.633335,0.0,weaver,bird
snowbird,2,snow+bird ratingcmp=72.0,72.040001,1.592864137808441,snow,bird
ricebird,2,rice+bird ratingcmp=46.2,46.200001,0.0,rice,bird
railbird,2,rail+bird ratingcmp=39.9,39.884617,1.592864137808441,rail,bird
yardbird,2,yard+bird ratingcmp=59.7,59.720001,2.194924129136403,yard,bird
dickeybird,2,dickey+bird ratingcmp=32.9,32.900002,0.0,dickey,bird
firebird,2,fire+bird ratingcmp=45.2,45.216217,2.754232140043416,fire,bird
redbird,2,red+bird ratingcmp=73.5,73.480003,1.768955396864122,red,bird
kingbird,2,king+bird ratingcmp=49.2,49.25,1.48,king,bird
mockingbird,2,mocking+bird ratingcmp=59.8,59.820515,3.077163977155227,mocking,bird
hummingbird,2,humming+bird ratingcmp=75.1,75.0625,2.796984120464366,humming,bird
nightbird,2,night+bird ratingcmp=73.4,73.419357,1.13,night,bird
shorebird,2,shore+bird ratingcmp=72.5,72.478264,1.73,shore,bird
scrubbird,2,scrub+bird ratingcmp=40.8,40.766666,0.0,scrub,bird
ladybirds,2,lady+birds ratingcmp=52.4,52.366665,1.99,lady,birds
blackbirds,2,black+birds ratingcmp=92.2,92.19355,2.333226827302685,black,birds
ovenbirds,2,oven+birds ratingcmp=34.0,33.966667,0.0,oven,birds
lyrebirds,2,lyre+birds ratingcmp=42.5,42.466667,0.0,lyre,birds
lovebirds,2,love+birds ratingcmp=55.0,54.959999,3.402423852443709,love,birds
redbirds,2,red+birds ratingcmp=82.9,82.900002,1.768955396864122,red,birds
snowbirds,2,snow+birds ratingcmp=77.4,77.433334,2.01,snow,birds
shorebirds,2,shore+birds ratingcmp=73.0,73.0,2.14,shore,birds
hummingbirds,2,humming+birds ratingcmp=67.3,67.285713,2.467925401200141,humming,birds
songbirds,2,song+birds ratingcmp=82.8,82.818184,2.29183414214446,song,birds
jaybirds,2,jay+birds ratingcmp=55.9,55.857143,1.893894133472422,jay,birds
catbirds,2,cat+birds ratingcmp=41.2,41.166668,1.17,cat,birds
cowbirds,2,cow+birds ratingcmp=44.3,44.266666,1.54,cow,birds
seabirds,2,sea+birds ratingcmp=86.4,86.428574,1.990804146480479,sea,birds
mockingbirds,2,mocking+birds ratingcmp=55.5,55.454544,1.592864137808441,mocking,birds
jailbirds,2,jail+birds ratingcmp=43.2,43.214287,2.29183414214446,jail,birds
whirlybirds,2,whirly+birds ratingcmp=39.1,39.080002,1.768955396864122,whirly,birds
waterbirds,2,water+birds ratingcmp=84.3,84.318184,1.73,water,birds
bluebirds,2,blue+birds ratingcmp=84.7,84.678574,2.723197906303447,blue,birds
childbirth,2,child+birth ratingcmp=89.7,89.717949,3.189461233434901,child,birth
stillbirth,2,still+birth ratingcmp=63.5,63.548386,2.41,still,birth
afterbirth,2,after+birth ratingcmp=84.1,84.125,2.069985392528103,after,birth
afterbirths,2,after+births ratingcmp=74.9,74.875,0.0,after,births
childbirths,2,child+births ratingcmp=85.2,85.21212,1.35,child,births
stillbirths,2,still+births ratingcmp=61.8,61.8125,1.990804146480479,still,births
frogbit,2,frog+bit ratingcmp=38.6,38.555557,0.0,frog,bit
henbit,2,hen+bit ratingcmp=26.0,25.962963,1.1,hen,bit
hawkbit,2,hawk+bit ratingcmp=37.7,37.677418,0.0,hawk,bit
snakebite,2,snake+bite ratingcmp=82.1,82.051285,2.522283063522734,snake,bite
frostbite,2,frost+bite ratingcmp=58.9,58.93182,2.954591973826034,frost,bite
backbiter,2,back+biter ratingcmp=47.7,47.67857,1.592864137808441,back,biter
backbiters,2,back+biters ratingcmp=45.9,45.892857,1.592864137808441,back,biters
snakebites,2,snake+bites ratingcmp=94.2,94.185188,1.768955396864122,snake,bites
frostbites,2,frost+bites ratingcmp=66.2,66.227272,0.0,frost,bites
rarebits,2,rare+bits ratingcmp=48.9,48.916668,0.0,rare,bits
bootblack,2,boot+black ratingcmp=27.0,26.961538,1.990804146480479,boot,black
shoeblack,2,shoe+black ratingcmp=50.1,50.142857,0.0,shoe,black
lampblack,2,lamp+black ratingcmp=39.5,39.458332,1.21,lamp,black
bootblacks,2,boot+blacks ratingcmp=45.8,45.799999,0.0,boot,blacks
gallbladder,2,gall+bladder ratingcmp=54.0,54.034481,2.87161773876127,gall,bladder
gallbladders,2,gall+bladders ratingcmp=39.1,39.076923,2.194924129136403,gall,bladders
razorblade,2,razor+blade ratingcmp=88.5,88.545456,1.62,razor,blade
switchblade,2,switch+blade ratingcmp=62.3,62.299999,2.653561978162053,switch,blade
switchblades,2,switch+blades ratingcmp=54.5,54.454544,1.893894133472422,switch,blades
rollerblading,2,roller+blading ratingcmp=70.5,70.53846,2.29183414214446,roller,blading
sandblast,2,sand+blast ratingcmp=73.2,73.225807,1.63,sand,blast
backblast,2,back+blast ratingcmp=42.2,42.200001,1.25,back,blast
plasmablast,2,plasma+blast ratingcmp=58.7,58.73077,0.0,plasma,blast
sandblaster,2,sand+blaster ratingcmp=69.2,69.25,1.592864137808441,sand,blaster
sandblasters,2,sand+blasters ratingcmp=71.5,71.518517,0.0,sand,blasters
sandblasts,2,sand+blasts ratingcmp=68.1,68.129036,0.0,sand,blasts
trailblazer,2,trail+blazer ratingcmp=57.3,57.285713,1.893894133472422,trail,blazer
trailblazers,2,trail+blazers ratingcmp=52.0,52.0,1.768955396864122,trail,blazers
nosebleed,2,nose+bleed ratingcmp=90.7,90.724998,2.91508343254236,nose,bleed
nosebleeds,2,nose+bleeds ratingcmp=94.5,94.518517,2.738992173486679,nose,bleeds
loanblend,2,loan+blend ratingcmp=36.7,36.727272,0.0,loan,blend
hornblende,2,horn+blende ratingcmp=37.2,37.172413,1.76,horn,blende
eelblenny,2,eel+blenny ratingcmp=24.2,24.233334,0.0,eel,blenny
snakeblenny,2,snake+blenny ratingcmp=25.3,25.275862,0.0,snake,blenny
pikeblenny,2,pike+blenny ratingcmp=20.0,20.043478,0.0,pike,blenny
sunblind,2,sun+blind ratingcmp=77.8,77.827583,0.0,sun,blind
snowblindness,2,snow+blindness ratingcmp=86.8,86.75,0.0,snow,blindness
roadblock,2,road+block ratingcmp=84.7,84.681816,3.300434313906377,road,block
breechblock,2,breech+block ratingcmp=35.9,35.935482,1.15,breech,block
cellblock,2,cell+block ratingcmp=49.0,49.035713,2.738992173486679,cell,block
sunblock,2,sun+block ratingcmp=87.9,87.925926,2.796984120464366,sun,block
sunblocks,2,sun+blocks ratingcmp=80.2,80.241379,0.0,sun,blocks
roadblocks,2,road+blocks ratingcmp=85.7,85.708336,3.117908944845286,road,blocks
pureblood,2,pure+blood ratingcmp=71.7,71.692307,2.069985392528103,pure,blood
lifeblood,2,life+blood ratingcmp=53.5,53.46154,2.437962177822698,life,blood
checkerbloom,2,checker+bloom ratingcmp=28.3,28.333334,0.0,checker,bloom
inkblot,2,ink+blot ratingcmp=74.4,74.434784,1.768955396864122,ink,blot
inkblots,2,ink+blots ratingcmp=84.2,84.208336,1.768955396864122,ink,blots
deathblow,2,death+blow ratingcmp=68.7,68.709679,1.67,death,blow
glassblower,2,glass+blower ratingcmp=58.0,57.974998,1.592864137808441,glass,blower
whistleblower,2,whistle+blower ratingcmp=71.8,71.76667,3.18,whistle,blower
glassblowers,2,glass+blowers ratingcmp=64.6,64.629631,1.38,glass,blowers
deathblows,2,death+blows ratingcmp=52.5,52.545456,0.0,death,blows
lapboard,2,lap+board ratingcmp=72.0,72.032257,0.0,lap,board
pasteboard,2,paste+board ratingcmp=64.5,64.482758,1.768955396864122,paste,board
centreboard,2,centre+board ratingcmp=71.8,71.772728,1.07,centre,board
floorboard,2,floor+board ratingcmp=78.7,78.743591,2.437962177822698,floor,board
gameboard,2,game+board ratingcmp=88.9,88.916664,1.4,game,board
plyboard,2,ply+board ratingcmp=65.8,65.833336,0.0,ply,board
plugboard,2,plug+board ratingcmp=53.2,53.240002,1.09,plug,board
shuffleboard,2,shuffle+board ratingcmp=64.4,64.413795,2.614053436878379,shuffle,board
cupboard,2,cup+board ratingcmp=40.6,40.628571,3.399044111792328,cup,board
patchboard,2,patch+board ratingcmp=56.7,56.739132,0.0,patch,board
paperboard,2,paper+board ratingcmp=79.3,79.285713,2.22,paper,board
gangboard,2,gang+board ratingcmp=40.7,40.677418,0.0,gang,board
scoreboard,2,score+board ratingcmp=89.2,89.184212,2.796984120464366,score,board
springboard,2,spring+board ratingcmp=71.3,71.333336,1.990804146480479,spring,board
clapboard,2,clap+board ratingcmp=52.1,52.133335,1.768955396864122,clap,board
flashboard,2,flash+board ratingcmp=67.4,67.444443,0.0,flash,board
clapperboard,2,clapper+board ratingcmp=42.0,42.049999,1.990804146480479,clapper,board
fingerboard,2,finger+board ratingcmp=44.4,44.435898,1.990804146480479,finger,board
sideboard,2,side+board ratingcmp=64.0,64.025002,2.437962177822698,side,board
mopboard,2,mop+board ratingcmp=59.0,59.030304,0.0,mop,board
cheeseboard,2,cheese+board ratingcmp=63.0,63.0,1.768955396864122,cheese,board
billboard,2,bill+board ratingcmp=39.7,39.692307,3.136932182158717,bill,board
moldboard,2,mold+board ratingcmp=52.5,52.533333,1.28,mold,board
plasterboard,2,plaster+board ratingcmp=84.3,84.26667,2.07,plaster,board
weatherboard,2,weather+board ratingcmp=53.2,53.200001,1.86,weather,board
buckboard,2,buck+board ratingcmp=37.0,37.041668,2.689774150816497,buck,board
soundboard,2,sound+board ratingcmp=76.8,76.78788,2.3,sound,board
punchboard,2,punch+board ratingcmp=55.2,55.18182,0.0,punch,board
chalkboard,2,chalk+board ratingcmp=91.9,91.884613,2.405777494451296,chalk,board
tailboard,2,tail+board ratingcmp=56.1,56.080002,0.0,tail,board
matchboard,2,match+board ratingcmp=63.5,63.46154,0.0,match,board
blackboard,2,black+board ratingcmp=78.7,78.729729,3.077163977155227,black,board
strawboard,2,straw+board ratingcmp=48.1,48.125,0.0,straw,board
fallboard,2,fall+board ratingcmp=57.0,57.0,0.0,fall,board
millboard,2,mill+board ratingcmp=34.1,34.080002,0.0,mill,board
headboard,2,head+board ratingcmp=61.2,61.23077,2.495954124800384,head,board
posterboard,2,poster+board ratingcmp=77.0,77.0,1.25,poster,board
dartboard,2,dart+board ratingcmp=76.9,76.948715,2.136932182158717,dart,board
wakeboard,2,wake+board ratingcmp=58.2,58.18182,1.86,wake,board
corkboard,2,cork+board ratingcmp=78.8,78.75,1.893894133472422,cork,board
keyboard,2,key+board ratingcmp=63.1,63.085712,3.260317090698395,key,board
duckboard,2,duck+board ratingcmp=36.5,36.523811,0.0,duck,board
drainboard,2,drain+board ratingcmp=70.7,70.666664,0.0,drain,board
shovelboard,2,shovel+board ratingcmp=62.4,62.413792,0.0,shovel,board
switchboard,2,switch+board ratingcmp=74.2,74.199997,3.062686153786604,switch,board
garboard,2,gar+board ratingcmp=36.2,36.166668,0.0,gar,board
snowboard,2,snow+board ratingcmp=77.6,77.629631,2.904617998864195,snow,board
splashboard,2,splash+board ratingcmp=68.0,68.0,0.0,splash,board
skateboard,2,skate+board ratingcmp=70.8,70.795456,3.226332593388028,skate,board
chipboard,2,chip+board ratingcmp=54.4,54.444443,1.86,chip,board
hardboard,2,hard+board ratingcmp=74.5,74.5,1.88,hard,board
dashboard,2,dash+board ratingcmp=46.1,46.128204,2.999404318242396,dash,board
signboard,2,sign+board ratingcmp=80.6,80.625,1.990804146480479,sign,board
checkerboard,2,checker+board ratingcmp=68.1,68.051285,2.069985392528103,checker,board
mouldboard,2,mould+board ratingcmp=36.6,36.639999,0.0,mould,board
seaboard,2,sea+board ratingcmp=46.0,45.977272,3.084225831642714,sea,board
cardboard,2,card+board ratingcmp=57.3,57.340908,3.434848942398555,card,board
backboard,2,back+board ratingcmp=76.3,76.315788,2.689774150816497,back,board
breadboard,2,bread+board ratingcmp=62.0,62.028572,1.592864137808441,bread,board
starboard,2,star+board ratingcmp=32.6,32.641026,3.816878949181305,star,board
wallboard,2,wall+board ratingcmp=78.4,78.413795,1.592864137808441,wall,board
surfboard,2,surf+board ratingcmp=80.9,80.925003,2.973075379520047,surf,board
clipboard,2,clip+board ratingcmp=76.0,76.0,2.882898749170959,clip,board
footboard,2,foot+board ratingcmp=53.7,53.743591,1.592864137808441,foot,board
pegboard,2,peg+board ratingcmp=67.6,67.645164,1.592864137808441,peg,board
fibreboard,2,fibre+board ratingcmp=60.0,59.954544,1.51,fibre,board
baseboard,2,base+board ratingcmp=59.3,59.349998,2.29183414214446,base,board
fiberboard,2,fiber+board ratingcmp=69.0,68.958336,2.0,fiber,board
teeterboard,2,teeter+board ratingcmp=57.0,56.958332,0.0,teeter,board
workboard,2,work+board ratingcmp=76.2,76.199997,0.0,work,board
centerboard,2,center+board ratingcmp=70.9,70.919998,2.194924129136403,center,board
washboard,2,wash+board ratingcmp=69.3,69.282051,2.194924129136403,wash,board
chessboard,2,chess+board ratingcmp=87.5,87.5,2.547106647247766,chess,board
mortarboard,2,mortar+board ratingcmp=56.4,56.433334,1.43,mortar,board
daggerboard,2,dagger+board ratingcmp=56.1,56.099998,0.0,dagger,board
highboard,2,high+board ratingcmp=71.8,71.800003,0.0,high,board
snowboarder,2,snow+boarder ratingcmp=76.2,76.178574,2.653561978162053,snow,boarder
skateboarder,2,skate+boarder ratingcmp=63.0,63.0,2.29183414214446,skate,boarder
surfboarder,2,surf+boarder ratingcmp=79.0,79.0,0.0,surf,boarder
skateboarders,2,skate+boarders ratingcmp=73.3,73.269234,1.990804146480479,skate,boarders
snowboarders,2,snow+boarders ratingcmp=69.5,69.545456,2.796984120464366,snow,boarders
skateboarding,2,skate+boarding ratingcmp=76.9,76.888885,2.768955396864123,skate,boarding
surfboarding,2,surf+boarding ratingcmp=83.8,83.821426,1.768955396864122,surf,boarding
snowboarding,2,snow+boarding ratingcmp=87.6,87.64286,3.32525789763141,snow,boarding
flashboarding,2,flash+boarding ratingcmp=55.0,55.035713,0.0,flash,boarding
weatherboarding,2,weather+boarding ratingcmp=61.3,61.275864,0.0,weather,boarding
breadboards,2,bread+boards ratingcmp=55.6,55.636364,1.24,bread,boards
buckboards,2,buck+boards ratingcmp=37.6,37.639999,1.768955396864122,buck,boards
chessboards,2,chess+boards ratingcmp=89.9,89.916664,1.768955396864122,chess,boards
pegboards,2,peg+boards ratingcmp=70.8,70.758621,0.0,peg,boards
floorboards,2,floor+boards ratingcmp=90.6,90.645164,2.990804146480479,floor,boards
switchboards,2,switch+boards ratingcmp=63.7,63.68182,1.893894133472422,switch,boards
soundboards,2,sound+boards ratingcmp=76.0,75.964287,1.36,sound,boards
checkerboards,2,checker+boards ratingcmp=85.5,85.464287,1.1,checker,boards
clapboards,2,clap+boards ratingcmp=43.2,43.16,1.65,clap,boards
backboards,2,back+boards ratingcmp=73.7,73.720001,1.893894133472422,back,boards
blackboards,2,black+boards ratingcmp=86.6,86.604164,2.069985392528103,black,boards
clapperboards,2,clapper+boards ratingcmp=53.0,53.0,0.0,clapper,boards
drainboards,2,drain+boards ratingcmp=70.8,70.791664,1.592864137808441,drain,boards
cupboards,2,cup+boards ratingcmp=63.8,63.793102,2.689774150816497,cup,boards
lapboards,2,lap+boards ratingcmp=61.3,61.290321,0.0,lap,boards
washboards,2,wash+boards ratingcmp=85.8,85.800003,1.2,wash,boards
cheeseboards,2,cheese+boards ratingcmp=63.8,63.848484,0.0,cheese,boards
seaboards,2,sea+boards ratingcmp=67.6,67.60714,0.0,sea,boards
scoreboards,2,score+boards ratingcmp=87.6,87.599998,1.990804146480479,score,boards
tailboards,2,tail+boards ratingcmp=45.4,45.400002,0.0,tail,boards
chalkboards,2,chalk+boards ratingcmp=88.8,88.839996,1.768955396864122,chalk,boards
headboards,2,head+boards ratingcmp=68.7,68.68,1.68,head,boards
skateboards,2,skate+boards ratingcmp=74.7,74.720001,2.653561978162053,skate,boards
moldboards,2,mold+boards ratingcmp=50.6,50.636364,0.0,mold,boards
clipboards,2,clip+boards ratingcmp=86.2,86.166664,1.592864137808441,clip,boards
signboards,2,sign+boards ratingcmp=70.2,70.214287,1.592864137808441,sign,boards
shuffleboards,2,shuffle+boards ratingcmp=52.9,52.913044,0.0,shuffle,boards
springboards,2,spring+boards ratingcmp=71.2,71.160004,1.768955396864122,spring,boards
baseboards,2,base+boards ratingcmp=71.1,71.120003,1.990804146480479,base,boards
mortarboards,2,mortar+boards ratingcmp=51.6,51.566666,0.0,mortar,boards
billboards,2,bill+boards ratingcmp=54.2,54.206898,2.904617998864195,bill,boards
dartboards,2,dart+boards ratingcmp=79.4,79.400002,1.14,dart,boards
weatherboards,2,weather+boards ratingcmp=58.1,58.099998,1.21,weather,boards
fingerboards,2,finger+boards ratingcmp=55.2,55.17857,1.592864137808441,finger,boards
centerboards,2,center+boards ratingcmp=74.8,74.78788,0.0,center,boards
snowboards,2,snow+boards ratingcmp=86.8,86.809525,2.069985392528103,snow,boards
keyboards,2,key+boards ratingcmp=65.9,65.919998,2.653561978162053,key,boards
surfboards,2,surf+boards ratingcmp=84.2,84.199997,2.467925401200141,surf,boards
sideboards,2,side+boards ratingcmp=69.7,69.704544,1.768955396864122,side,boards
dashboards,2,dash+boards ratingcmp=49.7,49.692307,1.768955396864122,dash,boards
bareboat,2,bare+boat ratingcmp=50.8,50.814816,1.79,bare,boat
bumboat,2,bum+boat ratingcmp=51.0,51.0,0.0,bum,boat
mailboat,2,mail+boat ratingcmp=73.3,73.275864,1.1,mail,boat
flatboat,2,flat+boat ratingcmp=58.0,58.0,1.35,flat,boat
ferryboat,2,ferry+boat ratingcmp=60.8,60.820515,2.634256822966666,ferry,boat
gunboat,2,gun+boat ratingcmp=48.8,48.849998,2.810348082022347,gun,boat
showboat,2,show+boat ratingcmp=63.4,63.413792,2.614053436878379,show,boat
pigboat,2,pig+boat ratingcmp=34.2,34.25,1.990804146480479,pig,boat
speedboat,2,speed+boat ratingcmp=86.6,86.599998,2.738992173486679,speed,boat
fireboat,2,fire+boat ratingcmp=65.7,65.724136,1.36,fire,boat
keelboat,2,keel+boat ratingcmp=50.4,50.448277,1.43,keel,boat
lifeboat,2,life+boat ratingcmp=67.6,67.564102,3.149166638575728,life,boat
catboat,2,cat+boat ratingcmp=35.0,35.041668,1.04,cat,boat
whaleboat,2,whale+boat ratingcmp=55.7,55.73077,1.592864137808441,whale,boat
motorboat,2,motor+boat ratingcmp=84.8,84.775002,2.768955396864123,motor,boat
powerboat,2,power+boat ratingcmp=86.0,86.0,1.990804146480479,power,boat
surfboat,2,surf+boat ratingcmp=74.8,74.839996,1.09,surf,boat
narrowboat,2,narrow+boat ratingcmp=71.7,71.699997,1.7,narrow,boat
houseboat,2,house+boat ratingcmp=71.2,71.153847,2.904617998864195,house,boat
iceboat,2,ice+boat ratingcmp=54.1,54.102566,1.768955396864122,ice,boat
sailboat,2,sail+boat ratingcmp=87.3,87.324997,3.210912234520534,sail,boat
rowboat,2,row+boat ratingcmp=86.5,86.516129,3.032196831638704,row,boat
sauceboat,2,sauce+boat ratingcmp=55.5,55.484848,0.0,sauce,boat
tugboat,2,tug+boat ratingcmp=63.7,63.729729,2.672045383856066,tug,boat
towboat,2,tow+boat ratingcmp=82.7,82.73333,1.59,tow,boat
steamboat,2,steam+boat ratingcmp=82.0,82.025642,2.723197906303447,steam,boat
longboat,2,long+boat ratingcmp=77.1,77.108109,2.634256822966666,long,boat
bareboating,2,bare+boating ratingcmp=50.1,50.103447,0.0,bare,boating
sailboats,2,sail+boats ratingcmp=91.5,91.516129,2.371015388192085,sail,boats
flatboats,2,flat+boats ratingcmp=60.2,60.17857,1.25,flat,boats
whaleboats,2,whale+boats ratingcmp=67.2,67.241379,1.21,whale,boats
steamboats,2,steam+boats ratingcmp=87.4,87.380951,1.893894133472422,steam,boats
longboats,2,long+boats ratingcmp=85.5,85.535713,2.246076651583785,long,boats
houseboats,2,house+boats ratingcmp=81.6,81.60714,1.768955396864122,house,boats
iceboats,2,ice+boats ratingcmp=68.2,68.230766,0.0,ice,boats
catboats,2,cat+boats ratingcmp=27.2,27.217392,0.0,cat,boats
tugboats,2,tug+boats ratingcmp=77.1,77.083336,1.768955396864122,tug,boats
speedboats,2,speed+boats ratingcmp=88.9,88.916664,1.990804146480479,speed,boats
powerboats,2,power+boats ratingcmp=80.5,80.519997,1.592864137808441,power,boats
lifeboats,2,life+boats ratingcmp=72.2,72.206894,2.796984120464366,life,boats
rowboats,2,row+boats ratingcmp=85.9,85.925926,1.990804146480479,row,boats
showboats,2,show+boats ratingcmp=69.4,69.42308,1.592864137808441,show,boats
towboats,2,tow+boats ratingcmp=80.8,80.791664,1.17,tow,boats
ferryboats,2,ferry+boats ratingcmp=71.2,71.227272,1.768955396864122,ferry,boats
motorboats,2,motor+boats ratingcmp=93.0,93.0,1.768955396864122,motor,boats
gunboats,2,gun+boats ratingcmp=52.1,52.080002,2.333226827302685,gun,boats
skibob,2,ski+bob ratingcmp=35.5,35.52,0.0,ski,bob
skibobs,2,ski+bobs ratingcmp=47.1,47.099998,0.0,ski,bobs
busybodies,2,busy+bodies ratingcmp=64.9,64.869568,2.136932182158717,busy,bodies
dogsbodies,2,dogs+bodies ratingcmp=50.5,50.535713,0.0,dogs,bodies
homebodies,2,home+bodies ratingcmp=60.6,60.57143,1.768955396864122,home,bodies
somebodies,2,some+bodies ratingcmp=60.7,60.708332,2.194924129136403,some,bodies
homebody,2,home+body ratingcmp=55.0,55.035713,2.29183414214446,home,body
dogsbody,2,dogs+body ratingcmp=39.2,39.192307,1.768955396864122,dogs,body
blackbody,2,black+body ratingcmp=62.9,62.888889,1.8,black,body
somebody,2,some+body ratingcmp=79.8,79.827583,5.536655336737743,some,body
busybody,2,busy+body ratingcmp=58.2,58.200001,2.796984120464366,busy,body
gumboil,2,gum+boil ratingcmp=28.4,28.40909,1.768955396864122,gum,boil
potboiler,2,pot+boiler ratingcmp=74.1,74.099998,1.592864137808441,pot,boiler
potboilers,2,pot+boilers ratingcmp=72.8,72.793106,1.1,pot,boilers
gumboils,2,gum+boils ratingcmp=37.5,37.5,0.0,gum,boils
kingbolt,2,king+bolt ratingcmp=43.7,43.666668,0.0,king,bolt
deadbolt,2,dead+bolt ratingcmp=44.2,44.23077,2.069985392528103,dead,bolt
thunderbolt,2,thunder+bolt ratingcmp=69.1,69.131577,3.231353394763079,thunder,bolt
thunderbolts,2,thunder+bolts ratingcmp=76.3,76.269234,2.547106647247766,thunder,bolts
deadbolts,2,dead+bolts ratingcmp=31.8,31.84,1.893894133472422,dead,bolts
firebomb,2,fire+bomb ratingcmp=79.2,79.157898,1.990804146480479,fire,bomb
firebombs,2,fire+bombs ratingcmp=85.4,85.440002,1.893894133472422,fire,bombs
fishbone,2,fish+bone ratingcmp=79.4,79.400002,1.990804146480479,fish,bone
whalebone,2,whale+bone ratingcmp=61.4,61.375,2.069985392528103,whale,bone
hipbone,2,hip+bone ratingcmp=91.6,91.60714,1.768955396864122,hip,bone
backbone,2,back+bone ratingcmp=82.8,82.75676,3.221253067858753,back,bone
breastbone,2,breast+bone ratingcmp=72.2,72.162163,2.29183414214446,breast,bone
collarbone,2,collar+bone ratingcmp=79.7,79.702705,2.925302597724047,collar,bone
heelbone,2,heel+bone ratingcmp=84.2,84.23333,0.0,heel,bone
jawbone,2,jaw+bone ratingcmp=85.0,85.025642,2.634256822966666,jaw,bone
herringbone,2,herring+bone ratingcmp=37.1,37.099998,1.990804146480479,herring,bone
redbone,2,red+bone ratingcmp=45.7,45.720001,1.592864137808441,red,bone
shinbone,2,shin+bone ratingcmp=71.5,71.53846,2.495954124800384,shin,bone
aitchbone,2,aitch+bone ratingcmp=29.1,29.148148,0.0,aitch,bone
marrowbone,2,marrow+bone ratingcmp=76.4,76.36364,1.34,marrow,bone
anklebone,2,ankle+bone ratingcmp=95.3,95.279999,1.592864137808441,ankle,bone
wishbone,2,wish+bone ratingcmp=69.3,69.333336,2.706807490115278,wish,bone
cheekbone,2,cheek+bone ratingcmp=86.1,86.108109,2.467925401200141,cheek,bone
thighbone,2,thigh+bone ratingcmp=92.7,92.681816,1.768955396864122,thigh,bone
thighbones,2,thigh+bones ratingcmp=79.6,79.64286,1.893894133472422,thigh,bones
lazybones,2,lazy+bones ratingcmp=41.1,41.108109,2.246076651583785,lazy,bones
jawbones,2,jaw+bones ratingcmp=87.5,87.5,1.592864137808441,jaw,bones
cheekbones,2,cheek+bones ratingcmp=91.7,91.655174,2.796984120464366,cheek,bones
anklebones,2,ankle+bones ratingcmp=94.4,94.40741,0.0,ankle,bones
herringbones,2,herring+bones ratingcmp=41.3,41.32,0.0,herring,bones
crossbones,2,cross+bones ratingcmp=66.4,66.400002,2.069985392528103,cross,bones
wishbones,2,wish+bones ratingcmp=61.8,61.81818,1.592864137808441,wish,bones
backbones,2,back+bones ratingcmp=92.3,92.279999,2.136932182158717,back,bones
hipbones,2,hip+bones ratingcmp=95.4,95.370369,1.35,hip,bones
shinbones,2,shin+bones ratingcmp=84.1,84.111115,1.592864137808441,shin,bones
sawbones,2,saw+bones ratingcmp=50.2,50.153847,2.29183414214446,saw,bones
breastbones,2,breast+bones ratingcmp=83.4,83.416664,0.0,breast,bones
knucklebones,2,knuckle+bones ratingcmp=79.6,79.559998,1.32,knuckle,bones
collarbones,2,collar+bones ratingcmp=82.5,82.480003,1.768955396864122,collar,bones
marrowbones,2,marrow+bones ratingcmp=65.8,65.827583,1.592864137808441,marrow,bones
sunbonnet,2,sun+bonnet ratingcmp=73.8,73.833336,1.25,sun,bonnet
bluebonnet,2,blue+bonnet ratingcmp=64.0,64.0,1.592864137808441,blue,bonnet
bluebonnets,2,blue+bonnets ratingcmp=56.4,56.400002,1.5,blue,bonnets
sunbonnets,2,sun+bonnets ratingcmp=62.8,62.766666,0.0,sun,bonnets
yearbook,2,year+book ratingcmp=77.7,77.692307,3.675649508124891,year,book
cookbook,2,cook+book ratingcmp=89.2,89.214287,2.87161773876127,cook,book
prayerbook,2,prayer+book ratingcmp=92.7,92.740738,1.67,prayer,book
bankbook,2,bank+book ratingcmp=74.8,74.815788,2.246076651583785,bank,book
chequebook,2,cheque+book ratingcmp=86.9,86.928574,2.495954124800384,cheque,book
textbook,2,text+book ratingcmp=85.7,85.743591,3.34491258562788,text,book
hornbook,2,horn+book ratingcmp=36.1,36.125,1.41,horn,book
passbook,2,pass+book ratingcmp=56.6,56.551723,2.371015388192085,pass,book
logbook,2,log+book ratingcmp=70.3,70.344826,2.495954124800384,log,book
daybook,2,day+book ratingcmp=59.9,59.857143,1.893894133472422,day,book
phonebook,2,phone+book ratingcmp=83.1,83.090912,2.12,phone,book
handbook,2,hand+book ratingcmp=66.1,66.051285,3.016110011745249,hand,book
guidebook,2,guide+book ratingcmp=83.3,83.282051,2.848136642911747,guide,book
checkbook,2,check+book ratingcmp=66.2,66.224998,3.37461951246091,check,book
wordbook,2,word+book ratingcmp=72.6,72.59259,0.0,word,book
roadbook,2,road+book ratingcmp=64.0,63.969696,0.0,road,book
hymnbook,2,hymn+book ratingcmp=76.4,76.36364,1.5,hymn,book
songbook,2,song+book ratingcmp=77.8,77.846153,1.893894133472422,song,book
storybook,2,story+book ratingcmp=89.1,89.102562,2.738992173486679,story,book
studbook,2,stud+book ratingcmp=41.2,41.214287,1.14,stud,book
schoolbook,2,school+book ratingcmp=88.2,88.214287,1.990804146480479,school,book
casebook,2,case+book ratingcmp=48.2,48.205128,1.768955396864122,case,book
scrapbook,2,scrap+book ratingcmp=62.2,62.184212,3.084225831642714,scrap,book
notebook,2,note+book ratingcmp=89.2,89.179489,3.664746145114567,note,book
workbook,2,work+book ratingcmp=89.1,89.068962,2.136932182158717,work,book
copybook,2,copy+book ratingcmp=74.8,74.774193,1.990804146480479,copy,book
matchbook,2,match+book ratingcmp=65.3,65.279999,3.007837485779259,match,book
playbook,2,play+book ratingcmp=80.9,80.85714,2.954591973826034,play,book
promptbook,2,prompt+book ratingcmp=60.4,60.366665,0.0,prompt,book
pocketbook,2,pocket+book ratingcmp=73.3,73.295456,3.178324867316942,pocket,book
sketchbook,2,sketch+book ratingcmp=91.0,91.0,2.333226827302685,sketch,book
studbooks,2,stud+books ratingcmp=41.5,41.5,0.0,stud,books
storybooks,2,story+books ratingcmp=96.9,96.919998,2.194924129136403,story,books
casebooks,2,case+books ratingcmp=58.6,58.607143,1.592864137808441,case,books
sketchbooks,2,sketch+books ratingcmp=80.6,80.63636,2.069985392528103,sketch,books
scrapbooks,2,scrap+books ratingcmp=66.8,66.791664,2.371015388192085,scrap,books
bankbooks,2,bank+books ratingcmp=66.1,66.080002,1.768955396864122,bank,books
matchbooks,2,match+books ratingcmp=55.1,55.107143,2.136932182158717,match,books
workbooks,2,work+books ratingcmp=88.9,88.86364,2.069985392528103,work,books
yearbooks,2,year+books ratingcmp=80.5,80.5,2.570587743097289,year,books
logbooks,2,log+books ratingcmp=59.7,59.666668,1.893894133472422,log,books
copybooks,2,copy+books ratingcmp=73.0,72.965515,1.17,copy,books
passbooks,2,pass+books ratingcmp=61.5,61.5,1.3,pass,books
handbooks,2,hand+books ratingcmp=71.4,71.419357,1.768955396864122,hand,books
cookbooks,2,cook+books ratingcmp=93.0,93.041664,2.371015388192085,cook,books
textbooks,2,text+books ratingcmp=89.7,89.65625,2.945046655919803,text,books
hymnbooks,2,hymn+books ratingcmp=80.0,80.041664,1.07,hymn,books
checkbooks,2,check+books ratingcmp=61.9,61.851852,2.29183414214446,check,books
wordbooks,2,word+books ratingcmp=62.5,62.454544,0.0,word,books
notebooks,2,note+books ratingcmp=86.6,86.633331,3.205647994528177,note,books
pocketbooks,2,pocket+books ratingcmp=74.8,74.793106,2.136932182158717,pocket,books
schoolbooks,2,school+books ratingcmp=91.9,91.89286,2.495954124800384,school,books
songbooks,2,song+books ratingcmp=89.6,89.571426,1.82,song,books
guidebooks,2,guide+books ratingcmp=92.5,92.541664,2.495954124800384,guide,books
jibboom,2,jib+boom ratingcmp=24.8,24.791666,0.0,jib,boom
jackboot,2,jack+boot ratingcmp=28.8,28.807692,1.592864137808441,jack,boot
tollbooth,2,toll+booth ratingcmp=70.7,70.68,2.371015388192085,toll,booth
tollbooths,2,toll+booths ratingcmp=78.4,78.375,1.893894133472422,toll,booths
jackboots,2,jack+boots ratingcmp=34.3,34.296295,1.893894133472422,jack,boots
slyboots,2,sly+boots ratingcmp=32.0,32.040001,1.592864137808441,sly,boots
smoothbore,2,smooth+bore ratingcmp=42.9,42.931034,1.592864137808441,smooth,bore
woodborer,2,wood+borer ratingcmp=57.3,57.303032,0.0,wood,borer
firstborn,2,first+born ratingcmp=96.4,96.400002,2.904617998864195,first,born
newborn,2,new+born ratingcmp=93.2,93.19355,3.402423852443709,new,born
bluebottle,2,blue+bottle ratingcmp=63.2,63.25,1.893894133472422,blue,bottle
greenbottle,2,green+bottle ratingcmp=72.7,72.720001,0.0,green,bottle
bluebottles,2,blue+bottles ratingcmp=64.1,64.090912,1.22,blue,bottles
homebound,2,home+bound ratingcmp=82.5,82.517242,1.768955396864122,home,bound
longbow,2,long+bow ratingcmp=70.2,70.24324,2.194924129136403,long,bow
rainbow,2,rain+bow ratingcmp=40.0,39.971428,3.90249430523434,rain,bow
saddlebow,2,saddle+bow ratingcmp=44.1,44.148148,0.0,saddle,bow
crossbow,2,cross+bow ratingcmp=51.6,51.648647,3.047708997816951,cross,bow
handbow,2,hand+bow ratingcmp=62.3,62.333332,0.0,hand,bow
washbowl,2,wash+bowl ratingcmp=81.0,80.965515,1.592864137808441,wash,bowl
fishbowl,2,fish+bowl ratingcmp=87.4,87.360001,2.29183414214446,fish,bowl
fishbowls,2,fish+bowls ratingcmp=79.5,79.5,1.592864137808441,fish,bowls
washbowls,2,wash+bowls ratingcmp=77.7,77.714287,0.0,wash,bowls
longbows,2,long+bows ratingcmp=73.2,73.185188,1.69,long,bows
crossbows,2,cross+bows ratingcmp=55.4,55.360001,1.990804146480479,cross,bows
rainbows,2,rain+bows ratingcmp=46.0,46.047619,2.999404318242396,rain,bows
jukebox,2,juke+box ratingcmp=49.9,49.866665,3.360020003890622,juke,box
bandbox,2,band+box ratingcmp=43.4,43.395832,1.893894133472422,band,box
toolbox,2,tool+box ratingcmp=92.5,92.518517,3.104747498787316,tool,box
workbox,2,work+box ratingcmp=73.6,73.590912,1.592864137808441,work,box
soapbox,2,soap+box ratingcmp=46.1,46.125,2.689774150816497,soap,box
matchbox,2,match+box ratingcmp=77.0,77.0,2.592864137808441,match,box
lockbox,2,lock+box ratingcmp=83.0,83.0,2.522283063522734,lock,box
paintbox,2,paint+box ratingcmp=64.7,64.743591,2.069985392528103,paint,box
horsebox,2,horse+box ratingcmp=54.4,54.416668,1.47,horse,box
cashbox,2,cash+box ratingcmp=86.3,86.291664,1.990804146480479,cash,box
skybox,2,sky+box ratingcmp=56.3,56.285713,2.36,sky,box
hotbox,2,hot+box ratingcmp=57.2,57.222221,1.768955396864122,hot,box
rattlebox,2,rattle+box ratingcmp=61.4,61.423077,0.0,rattle,box
postbox,2,post+box ratingcmp=69.7,69.666664,1.9,post,box
tinderbox,2,tinder+box ratingcmp=50.4,50.424999,1.768955396864122,tinder,box
sandbox,2,sand+box ratingcmp=86.8,86.794868,3.032196831638704,sand,box
mailbox,2,mail+box ratingcmp=92.4,92.421051,3.620213745583198,mail,box
hatbox,2,hat+box ratingcmp=72.0,72.035713,2.29183414214446,hat,box
icebox,2,ice+box ratingcmp=86.0,86.0,3.388744155152517,ice,box
pillbox,2,pill+box ratingcmp=74.4,74.405403,2.706807490115278,pill,box
sweatbox,2,sweat+box ratingcmp=57.5,57.541668,2.29183414214446,sweat,box
chatterbox,2,chatter+box ratingcmp=46.5,46.526318,2.672045383856066,chatter,box
playbox,2,play+box ratingcmp=80.7,80.696968,1.42,play,box
gearbox,2,gear+box ratingcmp=74.7,74.703705,2.29183414214446,gear,box
snuffbox,2,snuff+box ratingcmp=49.1,49.136364,1.893894133472422,snuff,box
shoebox,2,shoe+box ratingcmp=94.1,94.125,2.55,shoe,box
deedbox,2,deed+box ratingcmp=49.5,49.466667,0.0,deed,box
strongbox,2,strong+box ratingcmp=41.5,41.46154,2.522283063522734,strong,box
firebox,2,fire+box ratingcmp=50.3,50.307693,1.768955396864122,fire,box
saltbox,2,salt+box ratingcmp=68.1,68.07692,1.55,salt,box
soundbox,2,sound+box ratingcmp=72.5,72.46154,1.32,sound,box
breadbox,2,bread+box ratingcmp=83.1,83.07692,2.136932182158717,bread,box
chatterboxes,2,chatter+boxes ratingcmp=34.9,34.857143,1.592864137808441,chatter,boxes
tinderboxes,2,tinder+boxes ratingcmp=61.4,61.392857,0.0,tinder,boxes
hotboxes,2,hot+boxes ratingcmp=57.6,57.583332,0.0,hot,boxes
snuffboxes,2,snuff+boxes ratingcmp=53.6,53.642857,0.0,snuff,boxes
iceboxes,2,ice+boxes ratingcmp=85.6,85.559998,1.768955396864122,ice,boxes
matchboxes,2,match+boxes ratingcmp=81.2,81.199997,1.592864137808441,match,boxes
fireboxes,2,fire+boxes ratingcmp=68.6,68.599998,1.29,fire,boxes
paintboxes,2,paint+boxes ratingcmp=82.7,82.724136,0.0,paint,boxes
postboxes,2,post+boxes ratingcmp=69.6,69.599998,1.592864137808441,post,boxes
gearboxes,2,gear+boxes ratingcmp=78.5,78.53846,1.592864137808441,gear,boxes
breadboxes,2,bread+boxes ratingcmp=77.3,77.321426,0.0,bread,boxes
saltboxes,2,salt+boxes ratingcmp=63.0,62.962963,1.592864137808441,salt,boxes
pillboxes,2,pill+boxes ratingcmp=80.9,80.875,2.069985392528103,pill,boxes
bandboxes,2,band+boxes ratingcmp=45.8,45.777779,0.0,band,boxes
sandboxes,2,sand+boxes ratingcmp=88.3,88.321426,1.990804146480479,sand,boxes
jukeboxes,2,juke+boxes ratingcmp=43.9,43.923077,1.990804146480479,juke,boxes
toolboxes,2,tool+boxes ratingcmp=93.7,93.708336,1.990804146480479,tool,boxes
hatboxes,2,hat+boxes ratingcmp=78.1,78.125,0.0,hat,boxes
strongboxes,2,strong+boxes ratingcmp=64.9,64.925926,1.2,strong,boxes
soapboxes,2,soap+boxes ratingcmp=74.6,74.633331,1.18,soap,boxes
mailboxes,2,mail+boxes ratingcmp=92.6,92.551727,2.796984120464366,mail,boxes
shadowboxing,2,shadow+boxing ratingcmp=55.4,55.363636,1.768955396864122,shadow,boxing
bellboy,2,bell+boy ratingcmp=47.1,47.142857,3.098014116128347,bell,boy
schoolboy,2,school+boy ratingcmp=79.9,79.875,3.124343054850696,school,boy
pageboy,2,page+boy ratingcmp=57.9,57.851852,2.333226827302685,page,boy
plowboy,2,plow+boy ratingcmp=58.6,58.592594,1.592864137808441,plow,boy
homeboy,2,home+boy ratingcmp=59.6,59.592594,3.388744155152517,home,boy
sandboy,2,sand+boy ratingcmp=52.7,52.68182,0.0,sand,boy
potboy,2,pot+boy ratingcmp=44.0,43.959999,0.0,pot,boy
newsboy,2,news+boy ratingcmp=67.9,67.925003,2.467925401200141,news,boy
cowboy,2,cow+boy ratingcmp=58.7,58.666668,4.278157919195225,cow,boy
dayboy,2,day+boy ratingcmp=44.4,44.360001,0.0,day,boy
doughboy,2,dough+boy ratingcmp=50.5,50.5,2.904617998864195,dough,boy
paperboy,2,paper+boy ratingcmp=65.5,65.512817,2.653561978162053,paper,boy
playboy,2,play+boy ratingcmp=52.1,52.068966,3.628293875992989,play,boy
tallboy,2,tall+boy ratingcmp=65.9,65.928574,1.592864137808441,tall,boy
lowboy,2,low+boy ratingcmp=29.1,29.076923,1.592864137808441,low,boy
ploughboy,2,plough+boy ratingcmp=54.0,54.0,1.1,plough,boy
highboy,2,high+boy ratingcmp=47.7,47.666668,1.990804146480479,high,boy
busboy,2,bus+boy ratingcmp=40.0,40.040001,3.231353394763079,bus,boy
stableboy,2,stable+boy ratingcmp=74.4,74.434784,1.768955396864122,stable,boy
choirboy,2,choir+boy ratingcmp=74.9,74.900002,2.371015388192085,choir,boy
tomboy,2,tom+boy ratingcmp=22.6,22.636364,2.495954124800384,tom,boy
linkboy,2,link+boy ratingcmp=30.3,30.32,0.0,link,boy
bullyboy,2,bully+boy ratingcmp=75.8,75.833336,1.592864137808441,bully,boy
tallboys,2,tall+boys ratingcmp=70.4,70.428574,1.43,tall,boys
busboys,2,bus+boys ratingcmp=51.3,51.333332,2.689774150816497,bus,boys
bellboys,2,bell+boys ratingcmp=70.2,70.225807,2.437962177822698,bell,boys
schoolboys,2,school+boys ratingcmp=93.0,93.033333,2.333226827302685,school,boys
choirboys,2,choir+boys ratingcmp=92.8,92.833336,1.592864137808441,choir,boys
homeboys,2,home+boys ratingcmp=66.1,66.07692,2.754232140043416,home,boys
cowboys,2,cow+boys ratingcmp=61.9,61.931034,3.65732212703536,cow,boys
pageboys,2,page+boys ratingcmp=53.2,53.208332,1.768955396864122,page,boys
playboys,2,play+boys ratingcmp=54.4,54.360001,3.016110011745249,play,boys
newsboys,2,news+boys ratingcmp=70.1,70.080002,1.990804146480479,news,boys
paperboys,2,paper+boys ratingcmp=71.1,71.14286,1.592864137808441,paper,boys
lowboys,2,low+boys ratingcmp=31.7,31.652174,0.0,low,boys
bullyboys,2,bully+boys ratingcmp=74.1,74.066666,1.893894133472422,bully,boys
bootboys,2,boot+boys ratingcmp=53.7,53.709679,0.0,boot,boys
highboys,2,high+boys ratingcmp=41.9,41.866665,0.0,high,boys
tomboys,2,tom+boys ratingcmp=33.3,33.346153,1.592864137808441,tom,boys
midbrain,2,mid+brain ratingcmp=81.6,81.64286,1.893894133472422,mid,brain
hindbrain,2,hind+brain ratingcmp=81.1,81.066666,1.79,hind,brain
birdbrain,2,bird+brain ratingcmp=48.0,48.045456,2.405777494451296,bird,brain
scatterbrain,2,scatter+brain ratingcmp=71.2,71.172417,2.194924129136403,scatter,brain
birdbrains,2,bird+brains ratingcmp=64.8,64.791664,1.768955396864122,bird,brains
scatterbrains,2,scatter+brains ratingcmp=50.1,50.111111,1.768955396864122,scatter,brains
canebrake,2,cane+brake ratingcmp=32.0,31.956522,1.768955396864122,cane,brake
airbrake,2,air+brake ratingcmp=75.0,75.0,1.41,air,brake
canebrakes,2,cane+brakes ratingcmp=33.9,33.933334,0.0,cane,brakes
firebrand,2,fire+brand ratingcmp=40.6,40.628571,1.592864137808441,fire,brand
firebrands,2,fire+brands ratingcmp=52.0,52.032257,1.79,fire,brands
firebrat,2,fire+brat ratingcmp=30.1,30.111111,0.0,fire,brat
sowbread,2,sow+bread ratingcmp=50.3,50.275864,0.0,sow,bread
flatbread,2,flat+bread ratingcmp=91.3,91.322578,2.45,flat,bread
cornbread,2,corn+bread ratingcmp=75.0,74.974358,2.963932000080177,corn,bread
sweetbread,2,sweet+bread ratingcmp=79.3,79.322578,1.51,sweet,bread
shortbread,2,short+bread ratingcmp=38.9,38.891891,2.333226827302685,short,bread
gingerbread,2,ginger+bread ratingcmp=66.8,66.795456,2.823313059186715,ginger,bread
beebread,2,bee+bread ratingcmp=30.6,30.592592,0.0,bee,bread
sweetbreads,2,sweet+breads ratingcmp=75.6,75.571426,2.405777494451296,sweet,breads
fingerbreadth,2,finger+breadth ratingcmp=43.4,43.384617,0.0,finger,breadth
hairsbreadth,2,hairs+breadth ratingcmp=39.0,39.0,1.09,hairs,breadth
handbreadth,2,hand+breadth ratingcmp=53.1,53.066666,0.0,hand,breadth
handsbreadth,2,hands+breadth ratingcmp=42.6,42.566666,0.0,hands,breadth
hairsbreadths,2,hairs+breadths ratingcmp=44.4,44.400002,0.0,hairs,breadths
prisonbreak,2,prison+break ratingcmp=86.6,86.571426,0.0,prison,break
firebreak,2,fire+break ratingcmp=54.6,54.615383,1.893894133472422,fire,break
jailbreak,2,jail+break ratingcmp=73.1,73.14286,2.723197906303447,jail,break
daybreak,2,day+break ratingcmp=70.6,70.631577,3.143092490863535,day,break
newsbreak,2,news+break ratingcmp=64.2,64.181816,2.136932182158717,news,break
heartbreak,2,heart+break ratingcmp=73.1,73.128204,3.34491258562788,heart,break
windbreak,2,wind+break ratingcmp=61.4,61.43182,1.592864137808441,wind,break
gaolbreak,2,gaol+break ratingcmp=38.0,38.041668,0.0,gaol,break
strikebreaker,2,strike+breaker ratingcmp=60.7,60.733334,1.592864137808441,strike,breaker
safebreaker,2,safe+breaker ratingcmp=65.6,65.620689,0.0,safe,breaker
icebreaker,2,ice+breaker ratingcmp=64.2,64.241379,2.634256822966666,ice,breaker
middlebreaker,2,middle+breaker ratingcmp=49.8,49.791668,0.0,middle,breaker
groundbreaker,2,ground+breaker ratingcmp=77.8,77.777779,1.46,ground,breaker
jawbreaker,2,jaw+breaker ratingcmp=66.9,66.866669,2.136932182158717,jaw,breaker
lawbreaker,2,law+breaker ratingcmp=90.6,90.555557,2.194924129136403,law,breaker
heartbreaker,2,heart+breaker ratingcmp=90.8,90.75,2.810348082022347,heart,breaker
housebreaker,2,house+breaker ratingcmp=60.8,60.791668,1.07,house,breaker
windbreaker,2,wind+breaker ratingcmp=75.6,75.580643,2.522283063522734,wind,breaker
tiebreaker,2,tie+breaker ratingcmp=73.1,73.128204,2.405777494451296,tie,breaker
lawbreakers,2,law+breakers ratingcmp=91.8,91.761902,2.194924129136403,law,breakers
tiebreakers,2,tie+breakers ratingcmp=65.7,65.68,1.99,tie,breakers
housebreakers,2,house+breakers ratingcmp=70.6,70.620689,0.0,house,breakers
icebreakers,2,ice+breakers ratingcmp=57.2,57.173912,1.592864137808441,ice,breakers
strikebreakers,2,strike+breakers ratingcmp=55.9,55.892857,1.592864137808441,strike,breakers
windbreakers,2,wind+breakers ratingcmp=68.9,68.851852,1.592864137808441,wind,breakers
jawbreakers,2,jaw+breakers ratingcmp=64.8,64.800003,1.768955396864122,jaw,breakers
housebreaking,2,house+breaking ratingcmp=60.0,60.0,1.768955396864122,house,breaking
strikebreaking,2,strike+breaking ratingcmp=47.2,47.200001,1.2,strike,breaking
groundbreaking,2,ground+breaking ratingcmp=62.1,62.142857,2.783195835978733,ground,breaking
jailbreaks,2,jail+breaks ratingcmp=81.0,81.041664,1.592864137808441,jail,breaks
firebreaks,2,fire+breaks ratingcmp=54.6,54.551723,1.592864137808441,fire,breaks
heartbreaks,2,heart+breaks ratingcmp=74.5,74.53846,1.768955396864122,heart,breaks
windbreaks,2,wind+breaks ratingcmp=70.5,70.517242,1.7,wind,breaks
redbreast,2,red+breast ratingcmp=40.7,40.68182,2.136932182158717,red,breast
redbreasts,2,red+breasts ratingcmp=47.8,47.791668,0.0,red,breasts
purebred,2,pure+bred ratingcmp=88.8,88.827583,2.570587743097289,pure,bred
thoroughbred,2,thorough+bred ratingcmp=57.6,57.599998,2.954591973826034,thorough,bred
crossbreed,2,cross+breed ratingcmp=85.5,85.46875,1.768955396864122,cross,breed
mouthbreeder,2,mouth+breeder ratingcmp=50.2,50.21212,0.0,mouth,breeder
crossbreeding,2,cross+breeding ratingcmp=83.7,83.714287,1.990804146480479,cross,breeding
crossbreeds,2,cross+breeds ratingcmp=84.8,84.8125,1.48,cross,breeds
homebrew,2,home+brew ratingcmp=75.8,75.785713,2.069985392528103,home,brew
sweetbriar,2,sweet+briar ratingcmp=29.0,28.96875,1.57,sweet,briar
firebrick,2,fire+brick ratingcmp=59.0,58.965519,1.72,fire,brick
goldbrick,2,gold+brick ratingcmp=74.2,74.178574,2.29183414214446,gold,brick
goldbricking,2,gold+bricking ratingcmp=45.1,45.142857,1.990804146480479,gold,bricking
goldbricks,2,gold+bricks ratingcmp=81.2,81.25,1.990804146480479,gold,bricks
firebricks,2,fire+bricks ratingcmp=53.5,53.5,1.09,fire,bricks
flybridge,2,fly+bridge ratingcmp=35.4,35.391304,1.15,fly,bridge
footbridge,2,foot+bridge ratingcmp=60.2,60.179485,2.136932182158717,foot,bridge
weighbridge,2,weigh+bridge ratingcmp=39.0,39.0,1.76,weigh,bridge
drawbridge,2,draw+bridge ratingcmp=46.3,46.349998,2.738992173486679,draw,bridge
drawbridges,2,draw+bridges ratingcmp=63.7,63.655174,1.68,draw,bridges
footbridges,2,foot+bridges ratingcmp=67.6,67.590912,1.64,foot,bridges
weighbridges,2,weigh+bridges ratingcmp=50.8,50.75,1.05,weigh,bridges
greenbrier,2,green+brier ratingcmp=41.0,41.0,2.58,green,brier
bullbrier,2,bull+brier ratingcmp=33.9,33.916668,0.0,bull,brier
sweetbrier,2,sweet+brier ratingcmp=38.6,38.599998,0.0,sweet,brier
catbrier,2,cat+brier ratingcmp=38.5,38.458332,0.0,cat,brier
sweetbriers,2,sweet+briers ratingcmp=35.3,35.333332,0.0,sweet,briers
stockbroker,2,stock+broker ratingcmp=58.5,58.512821,3.032196831638704,stock,broker
pawnbroker,2,pawn+broker ratingcmp=44.7,44.743591,2.29183414214446,pawn,broker
powerbroker,2,power+broker ratingcmp=49.0,49.0,1.31,power,broker
stockbrokers,2,stock+brokers ratingcmp=68.1,68.071426,2.405777494451296,stock,brokers
pawnbrokers,2,pawn+brokers ratingcmp=61.0,61.035713,1.768955396864122,pawn,brokers
middlebrow,2,middle+brow ratingcmp=49.3,49.325001,1.768955396864122,middle,brow
highbrow,2,high+brow ratingcmp=47.1,47.052631,2.547106647247766,high,brow
eyebrow,2,eye+brow ratingcmp=66.1,66.081078,3.149166638575728,eye,brow
lowbrow,2,low+brow ratingcmp=41.8,41.775002,2.194924129136403,low,brow
eyebrows,2,eye+brows ratingcmp=79.3,79.26667,3.519720846758133,eye,brows
highbrows,2,high+brows ratingcmp=46.1,46.086956,1.02,high,brows
lowbrows,2,low+brows ratingcmp=47.4,47.357143,1.893894133472422,low,brows
middlebrows,2,middle+brows ratingcmp=57.4,57.444443,0.0,middle,brows
toothbrush,2,tooth+brush ratingcmp=91.3,91.342857,3.700074107456309,tooth,brush
redbrush,2,red+brush ratingcmp=67.2,67.206894,0.0,red,brush
bottlebrush,2,bottle+brush ratingcmp=58.0,58.041668,1.43,bottle,brush
paintbrush,2,paint+brush ratingcmp=89.9,89.949997,2.738992173486679,paint,brush
clothesbrush,2,clothes+brush ratingcmp=61.0,61.0,0.0,clothes,brush
sagebrush,2,sage+brush ratingcmp=47.3,47.333332,2.495954124800384,sage,brush
nailbrush,2,nail+brush ratingcmp=77.1,77.125,0.0,nail,brush
hairbrush,2,hair+brush ratingcmp=90.4,90.394737,2.87161773876127,hair,brush
airbrush,2,air+brush ratingcmp=69.8,69.839996,2.29183414214446,air,brush
airbrushes,2,air+brushes ratingcmp=72.5,72.535713,1.34,air,brushes
paintbrushes,2,paint+brushes ratingcmp=89.2,89.25,1.893894133472422,paint,brushes
toothbrushes,2,tooth+brushes ratingcmp=90.7,90.714287,2.570587743097289,tooth,brushes
hairbrushes,2,hair+brushes ratingcmp=90.1,90.115387,2.136932182158717,hair,brushes
nailbrushes,2,nail+brushes ratingcmp=72.0,72.0,0.0,nail,brushes
bushbuck,2,bush+buck ratingcmp=39.8,39.799999,1.3,bush,buck
gemsbuck,2,gems+buck ratingcmp=26.6,26.559999,0.0,gems,buck
roebuck,2,roe+buck ratingcmp=29.7,29.703703,3.047708997816951,roe,buck
blackbuck,2,black+buck ratingcmp=54.3,54.333332,1.24,black,buck
sawbuck,2,saw+buck ratingcmp=36.6,36.555557,2.614053436878379,saw,buck
prongbuck,2,prong+buck ratingcmp=35.0,35.034481,0.0,prong,buck
waterbuck,2,water+buck ratingcmp=46.3,46.291668,1.47,water,buck
springbuck,2,spring+buck ratingcmp=46.7,46.68,0.0,spring,buck
turnbuckle,2,turn+buckle ratingcmp=38.4,38.416668,1.893894133472422,turn,buckle
swashbuckler,2,swash+buckler ratingcmp=39.7,39.655174,1.990804146480479,swash,buckler
swashbucklers,2,swash+bucklers ratingcmp=22.0,22.040001,1.592864137808441,swash,bucklers
turnbuckles,2,turn+buckles ratingcmp=40.0,39.958332,1.592864137808441,turn,buckles
swashbuckling,2,swash+buckling ratingcmp=25.2,25.192308,1.990804146480479,swash,buckling
roebucks,2,roe+bucks ratingcmp=29.8,29.75,1.592864137808441,roe,bucks
sawbucks,2,saw+bucks ratingcmp=33.1,33.083332,0.0,saw,bucks
rosebud,2,rose+bud ratingcmp=71.9,71.945946,3.155157002264916,rose,bud
redbud,2,red+bud ratingcmp=61.7,61.689655,1.78,red,bud
tastebud,2,taste+bud ratingcmp=70.9,70.875,1.15,taste,bud
rosebuds,2,rose+buds ratingcmp=89.3,89.258064,2.437962177822698,rose,buds
crotonbug,2,croton+bug ratingcmp=33.1,33.099998,0.0,croton,bug
redbug,2,red+bug ratingcmp=67.5,67.480003,0.0,red,bug
bedbug,2,bed+bug ratingcmp=78.3,78.333336,2.495954124800384,bed,bug
firebug,2,fire+bug ratingcmp=46.3,46.270271,2.405777494451296,fire,bug
ladybug,2,lady+bug ratingcmp=27.1,27.135136,2.614053436878379,lady,bug
litterbug,2,litter+bug ratingcmp=53.9,53.86842,1.893894133472422,litter,bug
mealybug,2,mealy+bug ratingcmp=46.5,46.466667,1.53,mealy,bug
spittlebug,2,spittle+bug ratingcmp=47.7,47.708332,0.0,spittle,bug
doodlebug,2,doodle+bug ratingcmp=33.5,33.459461,2.136932182158717,doodle,bug
tumblebug,2,tumble+bug ratingcmp=42.4,42.439999,0.0,tumble,bug
jitterbug,2,jitter+bug ratingcmp=47.1,47.133335,2.592864137808441,jitter,bug
shutterbug,2,shutter+bug ratingcmp=42.0,41.964287,1.990804146480479,shutter,bug
superbug,2,super+bug ratingcmp=72.9,72.933334,2.01,super,bug
bedbugs,2,bed+bugs ratingcmp=90.9,90.928574,2.945046655919803,bed,bugs
doodlebugs,2,doodle+bugs ratingcmp=30.4,30.4,1.592864137808441,doodle,bugs
ladybugs,2,lady+bugs ratingcmp=51.0,51.041668,2.333226827302685,lady,bugs
jitterbugs,2,jitter+bugs ratingcmp=45.0,45.035713,1.768955396864122,jitter,bugs
mealybugs,2,mealy+bugs ratingcmp=36.0,36.041668,1.57,mealy,bugs
shutterbugs,2,shutter+bugs ratingcmp=45.8,45.833332,1.4,shutter,bugs
litterbugs,2,litter+bugs ratingcmp=47.1,47.07143,1.592864137808441,litter,bugs
firebugs,2,fire+bugs ratingcmp=61.8,61.833332,1.768955396864122,fire,bugs
housebuilder,2,house+builder ratingcmp=89.0,89.0,1.5,house,builder
bodybuilder,2,body+builder ratingcmp=72.9,72.903229,2.467925401200141,body,builder
coachbuilder,2,coach+builder ratingcmp=61.2,61.17857,1.33,coach,builder
boatbuilder,2,boat+builder ratingcmp=87.3,87.258064,1.34,boat,builder
musclebuilder,2,muscle+builder ratingcmp=87.1,87.10714,0.0,muscle,builder
shipbuilder,2,ship+builder ratingcmp=88.7,88.736839,1.768955396864122,ship,builder
homebuilder,2,home+builder ratingcmp=88.3,88.32,1.92,home,builder
homebuilders,2,home+builders ratingcmp=93.2,93.199997,2.08,home,builders
bodybuilders,2,body+builders ratingcmp=73.6,73.633331,2.069985392528103,body,builders
shipbuilders,2,ship+builders ratingcmp=84.6,84.559998,1.990804146480479,ship,builders
bodybuilding,2,body+building ratingcmp=84.8,84.75,2.522283063522734,body,building
shipbuilding,2,ship+building ratingcmp=80.0,79.966667,2.069985392528103,ship,building
musclebuilding,2,muscle+building ratingcmp=86.3,86.333336,0.0,muscle,building
lightbulb,2,light+bulb ratingcmp=90.9,90.862068,2.71,light,bulb
flashbulb,2,flash+bulb ratingcmp=81.4,81.3871,1.893894133472422,flash,bulb
flashbulbs,2,flash+bulbs ratingcmp=68.2,68.239998,2.547106647247766,flash,bulbs
stumblebum,2,stumble+bum ratingcmp=30.1,30.08,1.592864137808441,stumble,bum
goosebump,2,goose+bump ratingcmp=46.8,46.757576,1.53,goose,bump
cocklebur,2,cockle+bur ratingcmp=25.0,24.961538,0.0,cockle,bur
sandbur,2,sand+bur ratingcmp=49.3,49.310345,0.0,sand,bur
butterbur,2,butter+bur ratingcmp=36.2,36.227272,1.29,butter,bur
cheeseburger,2,cheese+burger ratingcmp=91.3,91.304344,3.506677990192158,cheese,burger
beefburger,2,beef+burger ratingcmp=92.1,92.120003,1.768955396864122,beef,burger
tunaburger,2,tuna+burger ratingcmp=86.2,86.225807,0.0,tuna,burger
cheeseburgers,2,cheese+burgers ratingcmp=89.5,89.481483,3.111378077686329,cheese,burgers
beefburgers,2,beef+burgers ratingcmp=91.4,91.400002,0.0,beef,burgers
sideburn,2,side+burn ratingcmp=55.9,55.851852,1.990804146480479,side,burn
heartburn,2,heart+burn ratingcmp=70.6,70.594597,2.882898749170959,heart,burn
windburn,2,wind+burn ratingcmp=68.5,68.464287,1.592864137808441,wind,burn
sunburn,2,sun+burn ratingcmp=87.8,87.818184,2.823313059186715,sun,burn
afterburner,2,after+burner ratingcmp=61.6,61.625,1.768955396864122,after,burner
barnburner,2,barn+burner ratingcmp=61.4,61.407406,1.39,barn,burner
afterburners,2,after+burners ratingcmp=64.8,64.821426,1.893894133472422,after,burners
heartburning,2,heart+burning ratingcmp=80.4,80.409088,0.0,heart,burning
sideburns,2,side+burns ratingcmp=30.3,30.333334,3.069985392528104,side,burns
sunburns,2,sun+burns ratingcmp=88.0,87.959999,1.768955396864122,sun,burns
windburns,2,wind+burns ratingcmp=70.0,70.034485,0.0,wind,burns
cockleburr,2,cockle+burr ratingcmp=29.7,29.733334,0.0,cockle,burr
cloudburst,2,cloud+burst ratingcmp=48.5,48.53846,1.768955396864122,cloud,burst
sunburst,2,sun+burst ratingcmp=50.6,50.599998,2.136932182158717,sun,burst
airburst,2,air+burst ratingcmp=72.2,72.178574,1.768955396864122,air,burst
cloudbursts,2,cloud+bursts ratingcmp=62.0,61.952381,1.990804146480479,cloud,bursts
sunbursts,2,sun+bursts ratingcmp=73.4,73.400002,1.35,sun,bursts
trolleybus,2,trolley+bus ratingcmp=75.8,75.818184,2.06,trolley,bus
airbus,2,air+bus ratingcmp=64.4,64.35714,3.33,air,bus
motorbus,2,motor+bus ratingcmp=80.5,80.46154,1.893894133472422,motor,bus
airbuses,2,air+buses ratingcmp=59.5,59.548386,1.07,air,buses
trolleybuses,2,trolley+buses ratingcmp=70.6,70.645164,1.49,trolley,buses
flannelbush,2,flannel+bush ratingcmp=42.5,42.466667,0.0,flannel,bush
daisybush,2,daisy+bush ratingcmp=71.2,71.199997,0.0,daisy,bush
brittlebush,2,brittle+bush ratingcmp=54.7,54.700001,0.0,brittle,bush
lawyerbush,2,lawyer+bush ratingcmp=30.7,30.666666,0.0,lawyer,bush
silverbush,2,silver+bush ratingcmp=48.7,48.727272,0.0,silver,bush
goldenbush,2,golden+bush ratingcmp=60.9,60.896553,0.0,golden,bush
tanglebush,2,tangle+bush ratingcmp=62.0,62.034481,0.0,tangle,bush
rosebush,2,rose+bush ratingcmp=89.9,89.931038,2.069985392528103,rose,bush
skunkbush,2,skunk+bush ratingcmp=45.8,45.785713,1.592864137808441,skunk,bush
shadbush,2,shad+bush ratingcmp=38.0,38.0,0.0,shad,bush
matchbush,2,match+bush ratingcmp=37.5,37.5,0.0,match,bush
saltbush,2,salt+bush ratingcmp=39.7,39.71875,1.71,salt,bush
staggerbush,2,stagger+bush ratingcmp=35.9,35.909092,0.0,stagger,bush
needlebush,2,needle+bush ratingcmp=61.1,61.066666,0.0,needle,bush
puckerbush,2,pucker+bush ratingcmp=39.7,39.700001,0.0,pucker,bush
squawbush,2,squaw+bush ratingcmp=40.3,40.32143,0.0,squaw,bush
spicebush,2,spice+bush ratingcmp=49.3,49.304348,1.04,spice,bush
fetterbush,2,fetter+bush ratingcmp=37.0,36.954544,0.0,fetter,bush
rosebushes,2,rose+bushes ratingcmp=88.7,88.68,2.371015388192085,rose,bushes
sodbuster,2,sod+buster ratingcmp=38.2,38.214287,2.467925401200141,sod,buster
trustbuster,2,trust+buster ratingcmp=56.3,56.26923,0.0,trust,buster
blockbuster,2,block+buster ratingcmp=34.2,34.157894,3.032196831638704,block,buster
broncobuster,2,bronco+buster ratingcmp=33.8,33.75,1.768955396864122,bronco,buster
blockbusters,2,block+busters ratingcmp=37.8,37.807693,2.467925401200141,block,busters
broncobusters,2,bronco+busters ratingcmp=45.2,45.166668,0.0,bronco,busters
scuttlebutt,2,scuttle+butt ratingcmp=37.1,37.111111,2.768955396864123,scuttle,butt
bellybutton,2,belly+button ratingcmp=77.1,77.08696,2.823313059186715,belly,button
bellybuttons,2,belly+buttons ratingcmp=60.6,60.619049,1.592864137808441,belly,buttons
goodbye,2,good+bye ratingcmp=73.1,73.068962,5.06583987240267,good,bye
goodbyes,2,good+byes ratingcmp=77.4,77.416664,3.20031916102311,good,byes
taxicab,2,taxi+cab ratingcmp=77.5,77.486488,2.945046655919803,taxi,cab
taxicabs,2,taxi+cabs ratingcmp=83.3,83.296295,2.29183414214446,taxi,cabs
birdcage,2,bird+cage ratingcmp=89.5,89.5,2.689774150816497,bird,cage
birdcages,2,bird+cages ratingcmp=96.5,96.53846,1.29,bird,cages
yellowcake,2,yellow+cake ratingcmp=71.5,71.541664,1.89,yellow,cake
battercake,2,batter+cake ratingcmp=65.3,65.346153,0.0,batter,cake
flapcake,2,flap+cake ratingcmp=46.0,46.033333,0.0,flap,cake
cheesecake,2,cheese+cake ratingcmp=75.1,75.081078,3.36738110353699,cheese,cake
hotcake,2,hot+cake ratingcmp=65.7,65.714287,1.768955396864122,hot,cake
oatcake,2,oat+cake ratingcmp=72.9,72.875,1.38,oat,cake
bridecake,2,bride+cake ratingcmp=68.3,68.310349,0.0,bride,cake
hoecake,2,hoe+cake ratingcmp=27.2,27.233334,0.0,hoe,cake
griddlecake,2,griddle+cake ratingcmp=55.7,55.720001,0.0,griddle,cake
coffeecake,2,coffee+cake ratingcmp=81.1,81.125,2.069985392528103,coffee,cake
johnnycake,2,johnny+cake ratingcmp=23.1,23.125,0.0,johnny,cake
cupcake,2,cup+cake ratingcmp=71.0,71.028572,3.517143423870323,cup,cake
pancake,2,pan+cake ratingcmp=65.1,65.057144,3.599330180057673,pan,cake
fruitcake,2,fruit+cake ratingcmp=84.7,84.692307,3.31714000740923,fruit,cake
shortcake,2,short+cake ratingcmp=46.0,46.0,2.723197906303447,short,cake
seedcake,2,seed+cake ratingcmp=66.0,66.0,0.0,seed,cake
friedcake,2,fried+cake ratingcmp=75.0,75.040001,0.0,fried,cake
ashcake,2,ash+cake ratingcmp=30.5,30.52,0.0,ash,cake
teacake,2,tea+cake ratingcmp=84.5,84.451614,1.49,tea,cake
beefcake,2,beef+cake ratingcmp=55.4,55.405407,2.29183414214446,beef,cake
friedcakes,2,fried+cakes ratingcmp=75.9,75.854164,0.0,fried,cakes
shortcakes,2,short+cakes ratingcmp=62.9,62.916668,1.592864137808441,short,cakes
pancakes,2,pan+cakes ratingcmp=76.6,76.629631,3.98468106142169,pan,cakes
cheesecakes,2,cheese+cakes ratingcmp=77.6,77.599998,1.990804146480479,cheese,cakes
cupcakes,2,cup+cakes ratingcmp=78.0,77.959999,3.178324867316942,cup,cakes
johnnycakes,2,johnny+cakes ratingcmp=31.2,31.208334,0.0,johnny,cakes
hoecakes,2,hoe+cakes ratingcmp=33.2,33.17857,0.0,hoe,cakes
coffeecakes,2,coffee+cakes ratingcmp=84.2,84.199997,0.0,coffee,cakes
hotcakes,2,hot+cakes ratingcmp=81.1,81.083336,2.723197906303447,hot,cakes
fruitcakes,2,fruit+cakes ratingcmp=83.1,83.080002,2.069985392528103,fruit,cakes
oatcakes,2,oat+cakes ratingcmp=76.4,76.440002,1.69,oat,cakes
beefcakes,2,beef+cakes ratingcmp=61.7,61.666668,1.21,beef,cakes
griddlecakes,2,griddle+cakes ratingcmp=51.4,51.444443,1.768955396864122,griddle,cakes
teacakes,2,tea+cakes ratingcmp=78.6,78.583336,1.53,tea,cakes
catcall,2,cat+call ratingcmp=58.7,58.714287,1.84,cat,call
birdcall,2,bird+call ratingcmp=92.5,92.481483,0.0,bird,call
catcalls,2,cat+calls ratingcmp=52.5,52.541668,1.893894133472422,cat,calls
webcam,2,web+cam ratingcmp=79.8,79.821426,2.371015388192085,web,cam
oilcan,2,oil+can ratingcmp=73.3,73.324997,2.136932182158717,oil,can
ashcan,2,ash+can ratingcmp=61.1,61.128204,2.194924129136403,ash,can
footcandle,2,foot+candle ratingcmp=38.5,38.46154,0.0,foot,candle
sugarcane,2,sugar+cane ratingcmp=63.2,63.25,2.136932182158717,sugar,cane
watercannon,2,water+cannon ratingcmp=82.8,82.833336,0.0,water,cannon
oilcans,2,oil+cans ratingcmp=85.0,85.0,0.0,oil,cans
ashcans,2,ash+cans ratingcmp=71.2,71.214287,2.069985392528103,ash,cans
cancans,2,can+cans ratingcmp=29.6,29.642857,0.0,can,cans
skycap,2,sky+cap ratingcmp=42.9,42.880001,2.194924129136403,sky,cap
blackcap,2,black+cap ratingcmp=54.2,54.166668,1.7,black,cap
icecap,2,ice+cap ratingcmp=60.3,60.342106,1.990804146480479,ice,cap
madcap,2,mad+cap ratingcmp=31.2,31.228571,2.522283063522734,mad,cap
hubcap,2,hub+cap ratingcmp=50.3,50.270271,2.194924129136403,hub,cap
nightcap,2,night+cap ratingcmp=59.7,59.692307,3.250875534465553,night,cap
kneecap,2,knee+cap ratingcmp=72.3,72.333336,2.768955396864123,knee,cap
skullcap,2,skull+cap ratingcmp=58.3,58.307693,2.069985392528103,skull,cap
toecap,2,toe+cap ratingcmp=54.1,54.115383,0.0,toe,cap
snowcap,2,snow+cap ratingcmp=64.2,64.192307,1.592864137808441,snow,cap
bottlecap,2,bottle+cap ratingcmp=92.2,92.161293,1.27,bottle,cap
foolscap,2,fools+cap ratingcmp=38.2,38.16,1.592864137808441,fools,cap
milkcap,2,milk+cap ratingcmp=64.9,64.85714,0.0,milk,cap
redcap,2,red+cap ratingcmp=51.9,51.892857,2.069985392528103,red,cap
mobcap,2,mob+cap ratingcmp=30.3,30.333334,0.0,mob,cap
waxycap,2,waxy+cap ratingcmp=49.2,49.208332,0.0,waxy,cap
whitecap,2,white+cap ratingcmp=65.8,65.833336,1.6,white,cap
landscaper,2,lands+caper ratingcmp=34.8,34.761906,2.592864137808441,lands,caper
landscapes,2,lands+capes ratingcmp=27.5,27.535715,2.754232140043416,lands,capes
madcaps,2,mad+caps ratingcmp=33.5,33.5,0.0,mad,caps
toecaps,2,toe+caps ratingcmp=51.8,51.777779,0.0,toe,caps
icecaps,2,ice+caps ratingcmp=60.8,60.84,1.990804146480479,ice,caps
kneecaps,2,knee+caps ratingcmp=84.2,84.160004,2.848136642911747,knee,caps
skycaps,2,sky+caps ratingcmp=46.0,46.047619,1.768955396864122,sky,caps
hubcaps,2,hub+caps ratingcmp=55.7,55.714287,2.738992173486679,hub,caps
redcaps,2,red+caps ratingcmp=51.6,51.639999,1.16,red,caps
skullcaps,2,skull+caps ratingcmp=69.9,69.904762,1.592864137808441,skull,caps
nightcaps,2,night+caps ratingcmp=77.5,77.541664,1.592864137808441,night,caps
whitecaps,2,white+caps ratingcmp=53.6,53.599998,1.592864137808441,white,caps
tramcar,2,tram+car ratingcmp=66.0,65.965515,1.6,tram,car
boxcar,2,box+car ratingcmp=68.5,68.517242,2.823313059186715,box,car
horsecar,2,horse+car ratingcmp=66.1,66.10714,0.0,horse,car
motorcar,2,motor+car ratingcmp=82.1,82.102562,2.768955396864123,motor,car
stockcar,2,stock+car ratingcmp=61.3,61.322582,1.08,stock,car
railcar,2,rail+car ratingcmp=70.3,70.296295,1.768955396864122,rail,car
handcar,2,hand+car ratingcmp=57.2,57.17857,1.18,hand,car
sidecar,2,side+car ratingcmp=58.4,58.351353,2.783195835978733,side,car
flatcar,2,flat+car ratingcmp=56.6,56.605263,2.069985392528103,flat,car
streetcar,2,street+car ratingcmp=76.5,76.526314,3.111378077686329,street,car
flashcard,2,flash+card ratingcmp=86.0,86.034485,2.06,flash,card
keycard,2,key+card ratingcmp=88.7,88.666664,1.96,key,card
postcard,2,post+card ratingcmp=71.2,71.181816,3.618170003073211,post,card
cashcard,2,cash+card ratingcmp=77.6,77.633331,0.0,cash,card
scorecard,2,score+card ratingcmp=88.1,88.078949,2.246076651583785,score,card
racecard,2,race+card ratingcmp=60.4,60.375,1.592864137808441,race,card
lettercard,2,letter+card ratingcmp=65.7,65.68,0.0,letter,card
timecard,2,time+card ratingcmp=77.9,77.89286,1.990804146480479,time,card
echocardiogram,2,echo+cardiogram ratingcmp=68.4,68.375,1.768955396864122,echo,cardiogram
flashcards,2,flash+cards ratingcmp=72.8,72.770836,1.990804146480479,flash,cards
postcards,2,post+cards ratingcmp=75.2,75.1875,3.32121791982967,post,cards
scorecards,2,score+cards ratingcmp=86.2,86.199997,2.136932182158717,score,cards
aftercare,2,after+care ratingcmp=67.0,66.974358,2.069985392528103,after,care
childcare,2,child+care ratingcmp=92.0,91.964287,2.136932182158717,child,care
healthcare,2,health+care ratingcmp=94.2,94.160004,2.768955396864123,health,care
skincare,2,skin+care ratingcmp=93.6,93.60714,1.592864137808441,skin,care
haircare,2,hair+care ratingcmp=90.5,90.533333,2.15,hair,care
daycare,2,day+care ratingcmp=85.3,85.279999,3.18392874483494,day,care
handcars,2,hand+cars ratingcmp=52.7,52.733334,0.0,hand,cars
flatcars,2,flat+cars ratingcmp=49.4,49.400002,1.990804146480479,flat,cars
boxcars,2,box+cars ratingcmp=68.2,68.172417,2.246076651583785,box,cars
streetcars,2,street+cars ratingcmp=84.8,84.800003,1.990804146480479,street,cars
sidecars,2,side+cars ratingcmp=75.8,75.821426,1.990804146480479,side,cars
motorcars,2,motor+cars ratingcmp=87.8,87.846153,2.371015388192085,motor,cars
tramcars,2,tram+cars ratingcmp=55.7,55.68,1.51,tram,cars
applecart,2,apple+cart ratingcmp=74.3,74.346153,1.592864137808441,apple,cart
golfcart,2,golf+cart ratingcmp=93.4,93.379311,0.0,golf,cart
pushcart,2,push+cart ratingcmp=72.7,72.699997,2.547106647247766,push,cart
dustcart,2,dust+cart ratingcmp=55.1,55.104168,0.0,dust,cart
handcart,2,hand+cart ratingcmp=59.4,59.37838,1.990804146480479,hand,cart
teacart,2,tea+cart ratingcmp=79.2,79.172417,0.0,tea,cart
dumpcart,2,dump+cart ratingcmp=73.0,73.037041,0.0,dump,cart
dogcart,2,dog+cart ratingcmp=61.3,61.259258,0.0,dog,cart
ponycart,2,pony+cart ratingcmp=60.8,60.833332,0.0,pony,cart
pushcarts,2,push+carts ratingcmp=79.0,78.959999,1.592864137808441,push,carts
handcarts,2,hand+carts ratingcmp=72.2,72.208336,1.3,hand,carts
dustcarts,2,dust+carts ratingcmp=53.9,53.916668,0.0,dust,carts
dogcarts,2,dog+carts ratingcmp=66.2,66.206894,0.0,dog,carts
woodcarver,2,wood+carver ratingcmp=85.8,85.800003,1.768955396864122,wood,carver
woodcarvers,2,wood+carvers ratingcmp=80.5,80.458336,1.768955396864122,wood,carvers
woodcarving,2,wood+carving ratingcmp=89.5,89.480003,1.990804146480479,wood,carving
woodcarvings,2,wood+carvings ratingcmp=95.3,95.32,1.34,wood,carvings
notecase,2,note+case ratingcmp=71.5,71.533333,0.0,note,case
crankcase,2,crank+case ratingcmp=35.5,35.48,2.246076651583785,crank,case
uppercase,2,upper+case ratingcmp=77.2,77.241379,2.47,upper,case
briefcase,2,brief+case ratingcmp=44.5,44.457142,3.934298662386581,brief,case
braincase,2,brain+case ratingcmp=59.9,59.925926,1.59,brain,case
seedcase,2,seed+case ratingcmp=65.2,65.199997,0.0,seed,case
doorcase,2,door+case ratingcmp=59.9,59.916668,0.0,door,case
showcase,2,show+case ratingcmp=61.9,61.909092,2.796984120464366,show,case
cardcase,2,card+case ratingcmp=70.8,70.75,0.0,card,case
bookcase,2,book+case ratingcmp=78.6,78.589745,2.982030222172974,book,case
suitcase,2,suit+case ratingcmp=62.1,62.135136,4.126890243864576,suit,case
pillowcase,2,pillow+case ratingcmp=88.6,88.589745,2.823313059186715,pillow,case
lowercase,2,lower+case ratingcmp=44.7,44.653847,1.768955396864122,lower,case
nutcase,2,nut+case ratingcmp=25.0,24.972973,3.124343054850696,nut,case
staircase,2,stair+case ratingcmp=54.2,54.200001,3.246076651583785,stair,case
bookcases,2,book+cases ratingcmp=85.5,85.533333,1.990804146480479,book,cases
crankcases,2,crank+cases ratingcmp=32.0,31.954546,1.15,crank,cases
briefcases,2,brief+cases ratingcmp=47.0,47.037037,2.495954124800384,brief,cases
showcases,2,show+cases ratingcmp=64.6,64.583336,1.768955396864122,show,cases
seedcases,2,seed+cases ratingcmp=59.1,59.129032,0.0,seed,cases
pillowcases,2,pillow+cases ratingcmp=94.5,94.5,2.467925401200141,pillow,cases
staircases,2,stair+cases ratingcmp=50.9,50.90625,2.405777494451296,stair,cases
nutcases,2,nut+cases ratingcmp=47.8,47.833332,2.069985392528103,nut,cases
suitcases,2,suit+cases ratingcmp=68.0,68.0,3.264961995744159,suit,cases
videocassette,2,video+cassette ratingcmp=82.0,82.045456,2.194924129136403,video,cassette
audiocassette,2,audio+cassette ratingcmp=83.9,83.862068,1.31,audio,cassette
videocassettes,2,video+cassettes ratingcmp=82.0,82.0,1.893894133472422,video,cassettes
colorcast,2,color+cast ratingcmp=62.7,62.666668,0.0,color,cast
colourcast,2,colour+cast ratingcmp=59.0,59.0,0.0,colour,cast
downcast,2,down+cast ratingcmp=64.5,64.5,2.194924129136403,down,cast
sportscast,2,sports+cast ratingcmp=62.1,62.119999,1.768955396864122,sports,cast
broadcast,2,broad+cast ratingcmp=49.1,49.085712,3.952699620148329,broad,cast
newscast,2,news+cast ratingcmp=63.7,63.659092,2.738992173486679,news,cast
wormcast,2,worm+cast ratingcmp=38.8,38.766666,0.0,worm,cast
roughcast,2,rough+cast ratingcmp=64.1,64.103447,1.3,rough,cast
broadcaster,2,broad+caster ratingcmp=45.9,45.866665,2.194924129136403,broad,caster
sportscaster,2,sports+caster ratingcmp=75.3,75.346153,2.194924129136403,sports,caster
newscaster,2,news+caster ratingcmp=74.0,74.033333,2.768955396864123,news,caster
sportscasters,2,sports+casters ratingcmp=63.0,63.035713,1.592864137808441,sports,casters
newscasters,2,news+casters ratingcmp=67.7,67.678574,1.893894133472422,news,casters
broadcasters,2,broad+casters ratingcmp=50.0,49.966667,1.990804146480479,broad,casters
broadcasting,2,broad+casting ratingcmp=65.6,65.586205,3.506677990192158,broad,casting
broadcastings,2,broad+castings ratingcmp=53.7,53.689655,0.0,broad,castings
cardcastle,2,card+castle ratingcmp=74.8,74.774193,0.0,card,castle
sportscasts,2,sports+casts ratingcmp=66.4,66.370369,0.0,sports,casts
outcasts,2,out+casts ratingcmp=56.6,56.633335,2.954591973826034,out,casts
newscasts,2,news+casts ratingcmp=77.7,77.666664,1.893894133472422,news,casts
broadcasts,2,broad+casts ratingcmp=53.4,53.354839,2.754232140043416,broad,casts
hellcat,2,hell+cat ratingcmp=38.8,38.75,2.522283063522734,hell,cat
tomcat,2,tom+cat ratingcmp=44.1,44.052631,2.835902186494736,tom,cat
bearcat,2,bear+cat ratingcmp=57.0,57.0,2.136932182158717,bear,cat
bobcat,2,bob+cat ratingcmp=39.2,39.157894,2.614053436878379,bob,cat
wildcat,2,wild+cat ratingcmp=82.5,82.487183,3.149166638575728,wild,cat
polecat,2,pole+cat ratingcmp=41.1,41.099998,2.495954124800384,pole,cat
mudcat,2,mud+cat ratingcmp=39.6,39.599998,1.22,mud,cat
pussycat,2,pussy+cat ratingcmp=75.8,75.827583,3.681000226508993,pussy,cat
copycat,2,copy+cat ratingcmp=42.4,42.424999,2.945046655919803,copy,cat
oystercatcher,2,oyster+catcher ratingcmp=81.6,81.586205,1.66,oyster,catcher
cowcatcher,2,cow+catcher ratingcmp=61.2,61.172413,1.17,cow,catcher
flycatcher,2,fly+catcher ratingcmp=78.7,78.724998,1.768955396864122,fly,catcher
gnatcatcher,2,gnat+catcher ratingcmp=57.4,57.42857,1.48,gnat,catcher
cowcatchers,2,cow+catchers ratingcmp=53.7,53.720001,0.0,cow,catchers
flycatchers,2,fly+catchers ratingcmp=88.9,88.862068,1.89,fly,catchers
summercaters,2,summer+caters ratingcmp=36.5,36.484848,0.0,summer,caters
wildcats,2,wild+cats ratingcmp=90.0,90.045456,3.205647994528177,wild,cats
polecats,2,pole+cats ratingcmp=29.0,28.959999,1.768955396864122,pole,cats
tomcats,2,tom+cats ratingcmp=40.6,40.555557,2.29183414214446,tom,cats
copycats,2,copy+cats ratingcmp=51.4,51.416668,2.194924129136403,copy,cats
hellcats,2,hell+cats ratingcmp=40.6,40.639999,2.653561978162053,hell,cats
bobcats,2,bob+cats ratingcmp=40.6,40.608696,2.333226827302685,bob,cats
pussycats,2,pussy+cats ratingcmp=57.2,57.16,2.467925401200141,pussy,cats
saltcellar,2,salt+cellar ratingcmp=61.4,61.413792,0.0,salt,cellar
saltcellars,2,salt+cellars ratingcmp=60.5,60.517242,0.0,salt,cellars
jobcentre,2,job+centre ratingcmp=86.8,86.838707,2.12,job,centre
highchair,2,high+chair ratingcmp=89.2,89.25,2.246076651583785,high,chair
pushchair,2,push+chair ratingcmp=67.3,67.333336,2.17,push,chair
armchair,2,arm+chair ratingcmp=54.0,53.977272,2.634256822966666,arm,chair
wheelchair,2,wheel+chair ratingcmp=88.9,88.921051,3.792893404362212,wheel,chair
pushchairs,2,push+chairs ratingcmp=58.0,58.037037,1.68,push,chairs
highchairs,2,high+chairs ratingcmp=85.2,85.214287,1.592864137808441,high,chairs
wheelchairs,2,wheel+chairs ratingcmp=93.8,93.814812,2.522283063522734,wheel,chairs
armchairs,2,arm+chairs ratingcmp=70.9,70.896553,1.893894133472422,arm,chairs
bedchamber,2,bed+chamber ratingcmp=78.1,78.083336,2.405777494451296,bed,chamber
bedchambers,2,bed+chambers ratingcmp=82.7,82.724136,1.31,bed,chambers
plainchant,2,plain+chant ratingcmp=26.2,26.153847,1.5,plain,chant
flowchart,2,flow+chart ratingcmp=80.9,80.900002,2.58,flow,chart
flowcharts,2,flow+charts ratingcmp=77.7,77.681816,1.94,flow,charts
steeplechase,2,steeple+chase ratingcmp=32.0,32.027027,2.194924129136403,steeple,chase
steeplechaser,2,steeple+chaser ratingcmp=45.9,45.919998,1.768955396864122,steeple,chaser
steeplechases,2,steeple+chases ratingcmp=50.0,50.041668,1.14,steeple,chases
chitchat,2,chit+chat ratingcmp=48.4,48.392857,3.124343054850696,chit,chat
stonechat,2,stone+chat ratingcmp=32.9,32.916668,1.29,stone,chat
backchat,2,back+chat ratingcmp=37.5,37.48,1.592864137808441,back,chat
whinchat,2,whin+chat ratingcmp=29.5,29.533333,1.18,whin,chat
chitchats,2,chit+chats ratingcmp=44.6,44.560001,0.0,chit,chats
windcheater,2,wind+cheater ratingcmp=44.0,43.958332,1.592864137808441,wind,cheater
windcheaters,2,wind+cheaters ratingcmp=35.7,35.6875,0.0,wind,cheaters
crosscheck,2,cross+check ratingcmp=61.9,61.931034,1.990804146480479,cross,check
paycheck,2,pay+check ratingcmp=77.4,77.413795,3.632278256984578,pay,check
paychecks,2,pay+checks ratingcmp=68.9,68.909088,2.91508343254236,pay,checks
crosschecks,2,cross+checks ratingcmp=59.4,59.363636,0.0,cross,checks
headcheese,2,head+cheese ratingcmp=30.2,30.205128,1.592864137808441,head,cheese
chokecherries,2,choke+cherries ratingcmp=42.9,42.904762,1.592864137808441,choke,cherries
chokecherry,2,choke+cherry ratingcmp=42.0,41.964287,1.592864137808441,choke,cherry
peachick,2,pea+chick ratingcmp=34.2,34.185184,0.0,pea,chick
neckerchief,2,necker+chief ratingcmp=24.1,24.114286,1.768955396864122,necker,chief
neckerchiefs,2,necker+chiefs ratingcmp=41.9,41.931034,1.27,necker,chiefs
godchild,2,god+child ratingcmp=33.7,33.729729,1.768955396864122,god,child
schoolchild,2,school+child ratingcmp=89.4,89.409088,1.768955396864122,school,child
stepchild,2,step+child ratingcmp=42.4,42.424999,2.194924129136403,step,child
grandchild,2,grand+child ratingcmp=45.7,45.650002,3.189461233434901,grand,child
brainchild,2,brain+child ratingcmp=50.2,50.153847,2.371015388192085,brain,child
grandchildren,2,grand+children ratingcmp=50.9,50.870968,3.590687218554167,grand,children
schoolchildren,2,school+children ratingcmp=92.7,92.699997,2.592864137808441,school,children
brainchildren,2,brain+children ratingcmp=52.2,52.19355,0.0,brain,children
godchildren,2,god+children ratingcmp=46.0,45.962963,1.592864137808441,god,children
radiochlorine,2,radio+chlorine ratingcmp=44.4,44.42857,0.0,radio,chlorine
sunchoke,2,sun+choke ratingcmp=28.9,28.892857,1.22,sun,choke
hogchoker,2,hog+choker ratingcmp=44.6,44.633335,0.0,hog,choker
acetylcholine,2,acetyl+choline ratingcmp=54.6,54.625,2.194924129136403,acetyl,choline
lambchop,2,lamb+chop ratingcmp=72.5,72.466667,1.66,lamb,chop
porkchop,2,pork+chop ratingcmp=78.2,78.208336,1.893894133472422,pork,chop
rockchuck,2,rock+chuck ratingcmp=40.8,40.833332,0.0,rock,chuck
woodchuck,2,wood+chuck ratingcmp=63.5,63.5,2.547106647247766,wood,chuck
woodchucks,2,wood+chucks ratingcmp=42.0,42.035713,1.592864137808441,wood,chucks
ironclad,2,iron+clad ratingcmp=70.8,70.827583,2.723197906303447,iron,clad
quitclaim,2,quit+claim ratingcmp=43.0,42.964287,1.893894133472422,quit,claim
quitclaims,2,quit+claims ratingcmp=50.9,50.863636,0.0,quit,claims
handclap,2,hand+clap ratingcmp=75.2,75.199997,2.136932182158717,hand,clap
thunderclap,2,thunder+clap ratingcmp=66.8,66.771431,2.768955396864123,thunder,clap
thunderclaps,2,thunder+claps ratingcmp=71.1,71.0625,2.194924129136403,thunder,claps
handclasp,2,hand+clasp ratingcmp=60.4,60.4375,1.893894133472422,hand,clasp
handclasps,2,hand+clasps ratingcmp=78.8,78.814812,0.0,hand,clasps
catclaw,2,cat+claw ratingcmp=72.7,72.703705,0.0,cat,claw
owlclaws,2,owl+claws ratingcmp=64.7,64.699997,0.0,owl,claws
fireclay,2,fire+clay ratingcmp=51.3,51.346153,1.7,fire,clay
pipeclay,2,pipe+clay ratingcmp=49.5,49.51852,1.05,pipe,clay
housecleaning,2,house+cleaning ratingcmp=93.0,93.035713,2.547106647247766,house,cleaning
salesclerk,2,sales+clerk ratingcmp=88.9,88.870964,1.22,sales,clerk
salesclerks,2,sales+clerks ratingcmp=88.1,88.099998,0.0,sales,clerks
paperclip,2,paper+clip ratingcmp=89.4,89.40741,1.768955396864122,paper,clip
paperclips,2,paper+clips ratingcmp=82.7,82.692307,1.893894133472422,paper,clips
haircloth,2,hair+cloth ratingcmp=68.8,68.827583,0.0,hair,cloth
tablecloth,2,table+cloth ratingcmp=84.2,84.199997,2.982030222172974,table,cloth
backcloth,2,back+cloth ratingcmp=67.2,67.166664,1.39,back,cloth
dustcloth,2,dust+cloth ratingcmp=81.4,81.434784,0.0,dust,cloth
oilcloth,2,oil+cloth ratingcmp=58.9,58.871796,1.592864137808441,oil,cloth
sackcloth,2,sack+cloth ratingcmp=60.1,60.114285,2.246076651583785,sack,cloth
broadcloth,2,broad+cloth ratingcmp=43.9,43.857143,1.768955396864122,broad,cloth
dishcloth,2,dish+cloth ratingcmp=88.9,88.903229,1.71,dish,cloth
terrycloth,2,terry+cloth ratingcmp=30.1,30.142857,2.069985392528103,terry,cloth
cheesecloth,2,cheese+cloth ratingcmp=43.3,43.295456,1.768955396864122,cheese,cloth
saddlecloth,2,saddle+cloth ratingcmp=60.4,60.439999,0.0,saddle,cloth
cerecloth,2,cere+cloth ratingcmp=31.8,31.766666,0.0,cere,cloth
sailcloth,2,sail+cloth ratingcmp=58.7,58.685715,1.768955396864122,sail,cloth
neckcloth,2,neck+cloth ratingcmp=66.0,65.96154,0.0,neck,cloth
washcloth,2,wash+cloth ratingcmp=83.1,83.133331,2.592864137808441,wash,cloth
waistcloth,2,waist+cloth ratingcmp=69.4,69.433334,0.0,waist,cloth
breechcloth,2,breech+cloth ratingcmp=44.7,44.729168,0.0,breech,cloth
horsecloth,2,horse+cloth ratingcmp=59.0,58.954544,0.0,horse,cloth
loincloth,2,loin+cloth ratingcmp=56.2,56.216217,2.29183414214446,loin,cloth
bedclothes,2,bed+clothes ratingcmp=79.8,79.800003,2.29183414214446,bed,clothes
nightclothes,2,night+clothes ratingcmp=84.1,84.071426,1.41,night,clothes
washcloths,2,wash+cloths ratingcmp=92.7,92.678574,1.893894133472422,wash,cloths
tablecloths,2,table+cloths ratingcmp=82.9,82.866669,2.882898749170959,table,cloths
oilcloths,2,oil+cloths ratingcmp=67.8,67.791664,0.0,oil,cloths
dishcloths,2,dish+cloths ratingcmp=83.4,83.409088,1.592864137808441,dish,cloths
backcloths,2,back+cloths ratingcmp=67.9,67.875,0.0,back,cloths
loincloths,2,loin+cloths ratingcmp=68.7,68.666664,1.893894133472422,loin,cloths
thundercloud,2,thunder+cloud ratingcmp=83.8,83.846153,2.246076651583785,thunder,cloud
thunderclouds,2,thunder+clouds ratingcmp=88.0,88.0,1.592864137808441,thunder,clouds
breechclout,2,breech+clout ratingcmp=28.0,28.038462,0.0,breech,clout
nightclub,2,night+club ratingcmp=83.0,82.977272,3.668411099200972,night,club
bookclub,2,book+club ratingcmp=88.6,88.6129,1.69,book,club
nightclubs,2,night+clubs ratingcmp=84.1,84.071426,3.055262135707397,night,clubs
slowcoach,2,slow+coach ratingcmp=54.4,54.407406,0.0,slow,coach
motorcoach,2,motor+coach ratingcmp=50.7,50.720001,1.592864137808441,motor,coach
stagecoach,2,stage+coach ratingcmp=42.8,42.75,3.007837485779259,stage,coach
slowcoaches,2,slow+coaches ratingcmp=53.8,53.81818,0.0,slow,coaches
stagecoaches,2,stage+coaches ratingcmp=50.6,50.645832,2.069985392528103,stage,coaches
photocoagulator,2,photo+coagulator ratingcmp=48.7,48.689655,0.0,photo,coagulator
charcoals,2,char+coals ratingcmp=61.5,61.5,1.990804146480479,char,coals
seacoast,2,sea+coast ratingcmp=90.3,90.322578,1.592864137808441,sea,coast
seacoasts,2,sea+coasts ratingcmp=83.0,83.0,0.0,sea,coasts
raincoat,2,rain+coat ratingcmp=89.1,89.07692,3.221253067858753,rain,coat
waistcoat,2,waist+coat ratingcmp=53.6,53.615383,2.570587743097289,waist,coat
redcoat,2,red+coat ratingcmp=65.8,65.820511,1.990804146480479,red,coat
peacoat,2,pea+coat ratingcmp=34.1,34.115383,1.768955396864122,pea,coat
turncoat,2,turn+coat ratingcmp=50.4,50.354839,2.437962177822698,turn,coat
housecoat,2,house+coat ratingcmp=64.5,64.540543,2.136932182158717,house,coat
tailcoat,2,tail+coat ratingcmp=52.3,52.297298,1.592864137808441,tail,coat
topcoat,2,top+coat ratingcmp=59.6,59.641026,2.405777494451296,top,coat
bluecoat,2,blue+coat ratingcmp=62.2,62.1875,1.74,blue,coat
greatcoat,2,great+coat ratingcmp=50.8,50.814816,1.592864137808441,great,coat
turncoats,2,turn+coats ratingcmp=41.7,41.666668,1.768955396864122,turn,coats
waistcoats,2,waist+coats ratingcmp=60.6,60.590908,2.069985392528103,waist,coats
greatcoats,2,great+coats ratingcmp=46.3,46.31818,1.592864137808441,great,coats
topcoats,2,top+coats ratingcmp=70.2,70.166664,1.990804146480479,top,coats
raincoats,2,rain+coats ratingcmp=94.0,94.033333,2.547106647247766,rain,coats
redcoats,2,red+coats ratingcmp=76.1,76.071426,2.592864137808441,red,coats
housecoats,2,house+coats ratingcmp=72.4,72.380951,0.0,house,coats
tailcoats,2,tail+coats ratingcmp=60.5,60.51852,1.768955396864122,tail,coats
corncob,2,corn+cob ratingcmp=69.8,69.828575,2.371015388192085,corn,cob
corncobs,2,corn+cobs ratingcmp=72.9,72.919998,2.29183414214446,corn,cobs
turncock,2,turn+cock ratingcmp=29.1,29.125,0.0,turn,cock
haycock,2,hay+cock ratingcmp=34.4,34.439999,1.768955396864122,hay,cock
blackcock,2,black+cock ratingcmp=41.3,41.346153,1.23,black,cock
moorcock,2,moor+cock ratingcmp=37.6,37.625,1.8,moor,cock
ballcock,2,ball+cock ratingcmp=36.5,36.476189,1.768955396864122,ball,cock
peacock,2,pea+cock ratingcmp=32.7,32.733334,3.710135433464205,pea,cock
gamecock,2,game+cock ratingcmp=40.8,40.766666,1.98,game,cock
woodcock,2,wood+cock ratingcmp=43.3,43.344826,1.990804146480479,wood,cock
shuttlecock,2,shuttle+cock ratingcmp=30.2,30.241379,1.96,shuttle,cock
weathercock,2,weather+cock ratingcmp=40.7,40.666668,1.768955396864122,weather,cock
stopcock,2,stop+cock ratingcmp=51.7,51.700001,1.49,stop,cock
peacocks,2,pea+cocks ratingcmp=26.3,26.266666,2.672045383856066,pea,cocks
woodcocks,2,wood+cocks ratingcmp=35.6,35.625,1.6,wood,cocks
haycocks,2,hay+cocks ratingcmp=40.5,40.458332,0.0,hay,cocks
petcocks,2,pet+cocks ratingcmp=25.1,25.136364,0.0,pet,cocks
gamecocks,2,game+cocks ratingcmp=41.6,41.629631,1.592864137808441,game,cocks
stopcocks,2,stop+cocks ratingcmp=40.5,40.476189,0.0,stop,cocks
lingcod,2,ling+cod ratingcmp=33.6,33.625,1.3,ling,cod
mollycoddle,2,molly+coddle ratingcmp=37.3,37.333332,1.51,molly,coddle
mollycoddler,2,molly+coddler ratingcmp=25.3,25.299999,0.0,molly,coddler
mollycoddles,2,molly+coddles ratingcmp=20.7,20.678572,1.990804146480479,molly,coddles
postcode,2,post+code ratingcmp=71.4,71.433334,3.0,post,code
postcodes,2,post+codes ratingcmp=59.0,59.0,2.23,post,codes
watercolor,2,water+color ratingcmp=72.6,72.551727,2.069985392528103,water,color
watercolorist,2,water+colorist ratingcmp=69.5,69.517242,1.768955396864122,water,colorist
watercolorists,2,water+colorists ratingcmp=66.7,66.741936,0.0,water,colorists
watercolors,2,water+colors ratingcmp=73.3,73.333336,2.634256822966666,water,colors
watercolour,2,water+colour ratingcmp=80.0,79.958336,1.990804146480479,water,colour
honeycomb,2,honey+comb ratingcmp=54.1,54.13158,2.614053436878379,honey,comb
coxcomb,2,cox+comb ratingcmp=26.6,26.592592,1.990804146480479,cox,comb
currycomb,2,curry+comb ratingcmp=29.3,29.299999,0.0,curry,comb
cockscomb,2,cocks+comb ratingcmp=30.4,30.379311,1.44,cocks,comb
pocketcomb,2,pocket+comb ratingcmp=77.6,77.59259,0.0,pocket,comb
beachcomber,2,beach+comber ratingcmp=42.2,42.18182,2.246076651583785,beach,comber
beachcombers,2,beach+combers ratingcmp=51.8,51.82143,1.768955396864122,beach,combers
currycombs,2,curry+combs ratingcmp=34.6,34.604168,0.0,curry,combs
honeycombs,2,honey+combs ratingcmp=62.2,62.240002,1.592864137808441,honey,combs
coxcombs,2,cox+combs ratingcmp=27.7,27.700001,0.0,cox,combs
newcomer,2,new+comer ratingcmp=83.4,83.448273,3.040022169150661,new,comer
latecomer,2,late+comer ratingcmp=87.8,87.80645,1.592864137808441,late,comer
latecomers,2,late+comers ratingcmp=82.4,82.366669,1.96,late,comers
newcomers,2,new+comers ratingcmp=92.5,92.482758,2.768955396864123,new,comers
shortcoming,2,short+coming ratingcmp=58.1,58.099998,2.069985392528103,short,coming
homecoming,2,home+coming ratingcmp=62.6,62.642857,3.748200175273503,home,coming
homecomings,2,home+comings ratingcmp=66.1,66.064514,1.69,home,comings
pinecone,2,pine+cone ratingcmp=68.7,68.692307,2.437962177822698,pine,cone
hencoop,2,hen+coop ratingcmp=74.3,74.285713,1.768955396864122,hen,coop
ripcord,2,rip+cord ratingcmp=54.6,54.566666,1.768955396864122,rip,cord
patchcord,2,patch+cord ratingcmp=57.3,57.275864,0.0,patch,cord
whipcord,2,whip+cord ratingcmp=55.7,55.666668,1.08,whip,cord
ripcords,2,rip+cords ratingcmp=50.9,50.916668,0.0,rip,cords
broomcorn,2,broom+corn ratingcmp=42.4,42.413792,1.22,broom,corn
peppercorn,2,pepper+corn ratingcmp=52.3,52.325001,2.136932182158717,pepper,corn
barleycorn,2,barley+corn ratingcmp=45.8,45.76923,1.592864137808441,barley,corn
popcorn,2,pop+corn ratingcmp=74.7,74.655174,3.96022005883446,pop,corn
barleycorns,2,barley+corns ratingcmp=55.8,55.827587,0.0,barley,corns
peppercorns,2,pepper+corns ratingcmp=53.5,53.458332,1.893894133472422,pepper,corns
alecost,2,ale+cost ratingcmp=24.1,24.148148,0.0,ale,cost
carrycot,2,carry+cot ratingcmp=37.3,37.32,0.0,carry,cot
dovecote,2,dove+cote ratingcmp=29.9,29.851852,1.8,dove,cote
sheepcote,2,sheep+cote ratingcmp=33.7,33.666668,0.0,sheep,cote
dovecotes,2,dove+cotes ratingcmp=29.0,29.0,1.1,dove,cotes
carrycots,2,carry+cots ratingcmp=46.0,46.0,0.0,carry,cots
guncotton,2,gun+cotton ratingcmp=31.8,31.84,1.592864137808441,gun,cotton
headcount,2,head+count ratingcmp=85.1,85.083336,1.990804146480479,head,count
nosecount,2,nose+count ratingcmp=49.6,49.590908,0.0,nose,count
headcounter,2,head+counter ratingcmp=69.5,69.515152,0.0,head,counter
headcounts,2,head+counts ratingcmp=76.1,76.120003,1.17,head,counts
outercourse,2,outer+course ratingcmp=66.7,66.73333,1.09,outer,course
watercourse,2,water+course ratingcmp=70.4,70.400002,2.35,water,course
racecourse,2,race+course ratingcmp=73.2,73.150002,2.246076651583785,race,course
watercourses,2,water+courses ratingcmp=59.8,59.791668,2.36,water,courses
racecourses,2,race+courses ratingcmp=85.0,85.0,1.9,race,courses
lawcourt,2,law+court ratingcmp=75.0,75.040001,0.0,law,court
groundcover,2,ground+cover ratingcmp=76.7,76.714287,1.71,ground,cover
bedcover,2,bed+cover ratingcmp=92.4,92.400002,1.16,bed,cover
hardcover,2,hard+cover ratingcmp=79.4,79.384613,2.246076651583785,hard,cover
slipcover,2,slip+cover ratingcmp=63.6,63.566666,1.768955396864122,slip,cover
hardcovers,2,hard+covers ratingcmp=82.2,82.160004,1.86,hard,covers
slipcovers,2,slip+covers ratingcmp=63.4,63.42857,2.246076651583785,slip,covers
wisecrack,2,wise+crack ratingcmp=38.6,38.56818,2.467925401200141,wise,crack
nutcracker,2,nut+cracker ratingcmp=82.7,82.685715,2.860035866211455,nut,cracker
safecracker,2,safe+cracker ratingcmp=47.2,47.161289,2.194924129136403,safe,cracker
firecracker,2,fire+cracker ratingcmp=52.4,52.435898,3.032196831638704,fire,cracker
nutcrackers,2,nut+crackers ratingcmp=83.7,83.666664,1.990804146480479,nut,crackers
firecrackers,2,fire+crackers ratingcmp=71.1,71.10714,2.860035866211455,fire,crackers
wisecracks,2,wise+cracks ratingcmp=46.9,46.857143,2.689774150816497,wise,cracks
needlecraft,2,needle+craft ratingcmp=78.0,77.967743,1.41,needle,craft
woodcraft,2,wood+craft ratingcmp=71.1,71.051285,1.592864137808441,wood,craft
handcraft,2,hand+craft ratingcmp=79.2,79.199997,1.893894133472422,hand,craft
watercraft,2,water+craft ratingcmp=73.6,73.599998,2.57,water,craft
aircraft,2,air+craft ratingcmp=61.3,61.333332,3.975781272895972,air,craft
tradecraft,2,trade+craft ratingcmp=60.2,60.25,1.768955396864122,trade,craft
housecraft,2,house+craft ratingcmp=60.3,60.266666,0.0,house,craft
hovercraft,2,hover+craft ratingcmp=72.4,72.435898,2.723197906303447,hover,craft
priestcraft,2,priest+craft ratingcmp=46.0,45.954544,1.05,priest,craft
witchcraft,2,witch+craft ratingcmp=61.7,61.743591,3.44105325479984,witch,craft
spacecraft,2,space+craft ratingcmp=64.7,64.650002,3.356292131371378,space,craft
statecraft,2,state+craft ratingcmp=43.6,43.57143,1.592864137808441,state,craft
stagecraft,2,stage+craft ratingcmp=59.1,59.086956,1.592864137808441,stage,craft
spacecrafts,2,space+crafts ratingcmp=65.3,65.285713,1.893894133472422,space,crafts
handcrafts,2,hand+crafts ratingcmp=80.2,80.166664,1.89,hand,crafts
aircraftsman,2,air+craftsman ratingcmp=55.5,55.535713,1.592864137808441,air,craftsman
corncrake,2,corn+crake ratingcmp=41.9,41.857143,1.38,corn,crake
gatecrasher,2,gate+crasher ratingcmp=57.0,56.964287,1.768955396864122,gate,crasher
gatecrashers,2,gate+crashers ratingcmp=54.5,54.52174,1.893894133472422,gate,crashers
nightcrawler,2,night+crawler ratingcmp=68.3,68.333336,1.592864137808441,night,crawler
coldcream,2,cold+cream ratingcmp=71.6,71.63636,0.0,cold,cream
icecream,2,ice+cream ratingcmp=87.7,87.666664,2.53,ice,cream
honeycreeper,2,honey+creeper ratingcmp=36.5,36.5,0.0,honey,creeper
woodcreeper,2,wood+creeper ratingcmp=46.8,46.766666,0.0,wood,creeper
stonecress,2,stone+cress ratingcmp=45.0,44.954544,0.0,stone,cress
pennycress,2,penny+cress ratingcmp=33.3,33.285713,0.0,penny,cress
watercress,2,water+cress ratingcmp=34.9,34.909092,1.990804146480479,water,cress
rockcress,2,rock+cress ratingcmp=52.2,52.206898,0.0,rock,cress
bittercress,2,bitter+cress ratingcmp=30.0,30.0,1.03,bitter,cress
goldcrest,2,gold+crest ratingcmp=57.1,57.130436,1.44,gold,crest
aircrew,2,air+crew ratingcmp=72.5,72.485718,1.893894133472422,air,crew
aircrewman,2,air+crewman ratingcmp=75.3,75.26667,0.0,air,crewman
aircrews,2,air+crews ratingcmp=80.6,80.639999,1.95,air,crews
corncrib,2,corn+crib ratingcmp=33.9,33.904762,1.592864137808441,corn,crib
stonecrop,2,stone+crop ratingcmp=39.4,39.392857,1.34,stone,crop
sharecropper,2,share+cropper ratingcmp=45.9,45.933334,2.069985392528103,share,cropper
sharecroppers,2,share+croppers ratingcmp=43.4,43.400002,2.069985392528103,share,croppers
testcross,2,test+cross ratingcmp=54.0,54.0,0.0,test,cross
scarecrow,2,scare+crow ratingcmp=68.9,68.891891,3.246076651583785,scare,crow
cockcrow,2,cock+crow ratingcmp=39.2,39.214287,1.592864137808441,cock,crow
cockcrows,2,cock+crows ratingcmp=41.1,41.104168,0.0,cock,crows
scarecrows,2,scare+crows ratingcmp=77.3,77.333336,2.405777494451296,scare,crows
breadcrumb,2,bread+crumb ratingcmp=94.7,94.655174,2.06,bread,crumb
breadcrumbs,2,bread+crumbs ratingcmp=95.3,95.279999,2.371015388192085,bread,crumbs
buttercrunch,2,butter+crunch ratingcmp=46.7,46.695652,0.0,butter,crunch
handcuff,2,hand+cuff ratingcmp=75.0,74.973686,3.016110011745249,hand,cuff
handcuffs,2,hand+cuffs ratingcmp=80.1,80.102562,3.713438069014291,hand,cuffs
countercultures,2,counter+cultures ratingcmp=68.2,68.161293,0.0,counter,cultures
eyecup,2,eye+cup ratingcmp=42.2,42.208332,0.0,eye,cup
goldcup,2,gold+cup ratingcmp=72.6,72.63636,0.0,gold,cup
eggcup,2,egg+cup ratingcmp=69.7,69.742859,1.592864137808441,egg,cup
buttercup,2,butter+cup ratingcmp=44.0,44.0,3.378193972819208,butter,cup
kingcup,2,king+cup ratingcmp=52.3,52.32,0.0,king,cup
teacup,2,tea+cup ratingcmp=92.0,91.973686,2.823313059186715,tea,cup
whitecup,2,white+cup ratingcmp=59.8,59.791668,0.0,white,cup
teacupful,2,tea+cupful ratingcmp=61.9,61.857143,0.0,tea,cupful
teacupfuls,2,tea+cupfuls ratingcmp=65.6,65.599998,0.0,tea,cupfuls
buttercups,2,butter+cups ratingcmp=39.2,39.25,2.069985392528103,butter,cups
creamcups,2,cream+cups ratingcmp=73.8,73.772728,0.0,cream,cups
eggcups,2,egg+cups ratingcmp=65.6,65.571426,0.0,egg,cups
teacups,2,tea+cups ratingcmp=92.8,92.809525,2.371015388192085,tea,cups
sinecures,2,sine+cures ratingcmp=32.0,32.0,1.42,sine,cures
pincushion,2,pin+cushion ratingcmp=63.4,63.358974,2.29183414214446,pin,cushion
pincushions,2,pin+cushions ratingcmp=77.2,77.208336,1.768955396864122,pin,cushions
woodcut,2,wood+cut ratingcmp=80.1,80.066666,2.52,wood,cut
haircut,2,hair+cut ratingcmp=90.9,90.918922,3.925302597724047,hair,cut
linecut,2,line+cut ratingcmp=48.7,48.652172,0.0,line,cut
linocut,2,lino+cut ratingcmp=23.0,23.040001,1.72,lino,cut
crosscut,2,cross+cut ratingcmp=76.7,76.724136,2.136932182158717,cross,cut
uppercut,2,upper+cut ratingcmp=43.4,43.375,2.768955396864123,upper,cut
shortcut,2,short+cut ratingcmp=64.4,64.421051,3.597185511591084,short,cut
crosscuts,2,cross+cuts ratingcmp=50.7,50.692307,1.893894133472422,cross,cuts
haircuts,2,hair+cuts ratingcmp=90.1,90.066666,3.016110011745249,hair,cuts
shortcuts,2,short+cuts ratingcmp=67.3,67.26667,2.87161773876127,short,cuts
woodcuts,2,wood+cuts ratingcmp=62.6,62.615383,2.44,wood,cuts
stonecutter,2,stone+cutter ratingcmp=79.7,79.710526,1.592864137808441,stone,cutter
canecutter,2,cane+cutter ratingcmp=61.7,61.689655,0.0,cane,cutter
woodcutter,2,wood+cutter ratingcmp=87.1,87.064514,2.405777494451296,wood,cutter
woodcutters,2,wood+cutters ratingcmp=92.8,92.800003,1.592864137808441,wood,cutters
motorcycle,2,motor+cycle ratingcmp=73.9,73.86364,3.950798984808895,motor,cycle
motorcycles,2,motor+cycles ratingcmp=79.6,79.57692,3.117908944845286,motor,cycles
motorcycling,2,motor+cycling ratingcmp=84.7,84.740738,1.592864137808441,motor,cycling
motorcyclist,2,motor+cyclist ratingcmp=79.8,79.846153,2.437962177822698,motor,cyclist
motorcyclists,2,motor+cyclists ratingcmp=76.8,76.777779,2.437962177822698,motor,cyclists
crawdad,2,craw+dad ratingcmp=26.6,26.615385,2.069985392528103,craw,dad
grandad,2,gran+dad ratingcmp=46.5,46.485714,2.614053436878379,gran,dad
crawdaddy,2,craw+daddy ratingcmp=28.5,28.52,1.37,craw,daddy
crawdads,2,craw+dads ratingcmp=21.8,21.821428,1.990804146480479,craw,dads
dillydallier,2,dilly+dallier ratingcmp=19.8,19.818182,0.0,dilly,dallier
cofferdam,2,coffer+dam ratingcmp=25.5,25.52174,1.592864137808441,coffer,dam
milldam,2,mill+dam ratingcmp=38.6,38.620689,0.0,mill,dam
chokedamp,2,choke+damp ratingcmp=40.5,40.517242,0.0,choke,damp
blackdamp,2,black+damp ratingcmp=35.6,35.633335,0.0,black,damp
afterdamp,2,after+damp ratingcmp=46.9,46.919998,0.0,after,damp
firedamp,2,fire+damp ratingcmp=37.3,37.259258,1.56,fire,damp
cofferdams,2,coffer+dams ratingcmp=28.4,28.395834,1.23,coffer,dams
ropedancer,2,rope+dancer ratingcmp=78.6,78.586205,0.0,rope,dancer
granddaughter,2,grand+daughter ratingcmp=62.9,62.921051,3.811662135920179,grand,daughter
goddaughter,2,god+daughter ratingcmp=30.9,30.885714,2.495954124800384,god,daughter
goddaughters,2,god+daughters ratingcmp=38.9,38.92857,2.371015388192085,god,daughters
midday,2,mid+day ratingcmp=83.9,83.928574,2.925302597724047,mid,day
payday,2,pay+day ratingcmp=83.8,83.75,3.402423852443709,pay,day
weekday,2,week+day ratingcmp=80.2,80.230766,2.653561978162053,week,day
noonday,2,noon+day ratingcmp=61.1,61.076923,1.768955396864122,noon,day
doomsday,2,dooms+day ratingcmp=74.4,74.433334,2.91508343254236,dooms,day
workday,2,work+day ratingcmp=81.1,81.114288,2.437962177822698,work,day
washday,2,wash+day ratingcmp=79.8,79.75,1.768955396864122,wash,day
playday,2,play+day ratingcmp=86.4,86.39286,1.03,play,day
birthday,2,birth+day ratingcmp=94.8,94.769234,4.98722825043557,birth,day
workdays,2,work+days ratingcmp=89.8,89.839996,1.768955396864122,work,days
birthdays,2,birth+days ratingcmp=86.3,86.279999,3.482165840314751,birth,days
paydays,2,pay+days ratingcmp=87.0,86.964287,1.893894133472422,pay,days
weekdays,2,week+days ratingcmp=89.4,89.40741,2.522283063522734,week,days
schooldays,2,school+days ratingcmp=86.9,86.870964,1.592864137808441,school,days
newsdealer,2,news+dealer ratingcmp=70.7,70.720001,0.0,news,dealer
bookdealer,2,book+dealer ratingcmp=70.2,70.239998,0.0,book,dealer
newsdealers,2,news+dealers ratingcmp=65.3,65.32,1.592864137808441,news,dealers
quarterdeck,2,quarter+deck ratingcmp=44.7,44.708332,2.333226827302685,quarter,deck
quarterdecks,2,quarter+decks ratingcmp=46.3,46.32143,1.592864137808441,quarter,decks
killdeer,2,kill+deer ratingcmp=48.1,48.107143,1.7,kill,deer
reindeer,2,rein+deer ratingcmp=39.6,39.564102,3.529880245273255,rein,deer
killdeers,2,kill+deers ratingcmp=33.6,33.599998,0.0,kill,deers
helpdesk,2,help+desk ratingcmp=92.1,92.074074,2.41,help,desk
daredevil,2,dare+devil ratingcmp=70.2,70.199997,2.823313059186715,dare,devil
daredevilry,2,dare+devilry ratingcmp=60.1,60.066666,0.0,dare,devilry
daredevils,2,dare+devils ratingcmp=61.5,61.535713,2.069985392528103,dare,devils
sundew,2,sun+dew ratingcmp=71.3,71.310349,1.61,sun,dew
honeydew,2,honey+dew ratingcmp=39.7,39.684212,2.467925401200141,honey,dew
honeydews,2,honey+dews ratingcmp=53.8,53.84,0.0,honey,dews
sundial,2,sun+dial ratingcmp=55.4,55.358974,2.672045383856066,sun,dial
sundials,2,sun+dials ratingcmp=74.9,74.896553,1.8,sun,dials
shindig,2,shin+dig ratingcmp=23.3,23.333334,3.136932182158717,shin,dig
gravedigger,2,grave+digger ratingcmp=91.8,91.75,2.495954124800384,grave,digger
gravediggers,2,grave+diggers ratingcmp=86.6,86.59259,1.990804146480479,grave,diggers
shindigs,2,shin+digs ratingcmp=28.6,28.629629,1.768955396864122,shin,digs
videodisc,2,video+disc ratingcmp=80.9,80.925926,1.43,video,disc
videodiscs,2,video+discs ratingcmp=87.8,87.793106,0.0,video,discs
videodisk,2,video+disk ratingcmp=80.8,80.76667,0.0,video,disk
videodisks,2,video+disks ratingcmp=80.5,80.458336,0.0,video,disks
nosedive,2,nose+dive ratingcmp=56.3,56.333332,2.246076651583785,nose,dive
skydiver,2,sky+diver ratingcmp=80.4,80.384613,1.990804146480479,sky,diver
skydivers,2,sky+divers ratingcmp=89.9,89.895836,1.768955396864122,sky,divers
skydiving,2,sky+diving ratingcmp=84.1,84.07692,2.935286818630647,sky,diving
drydock,2,dry+dock ratingcmp=59.0,58.966667,2.09,dry,dock
burdock,2,bur+dock ratingcmp=34.7,34.720001,1.893894133472422,bur,dock
spatterdock,2,spatter+dock ratingcmp=32.3,32.333332,0.0,spatter,dock
airdock,2,air+dock ratingcmp=58.3,58.275864,0.0,air,dock
evildoer,2,evil+doer ratingcmp=89.2,89.23333,1.893894133472422,evil,doer
wrongdoer,2,wrong+doer ratingcmp=78.4,78.413795,1.592864137808441,wrong,doer
evildoers,2,evil+doers ratingcmp=84.8,84.774193,2.634256822966666,evil,doers
wrongdoers,2,wrong+doers ratingcmp=74.9,74.86364,2.069985392528103,wrong,doers
watchdog,2,watch+dog ratingcmp=79.4,79.371429,3.024227901967429,watch,dog
sheepdog,2,sheep+dog ratingcmp=52.9,52.924999,2.738992173486679,sheep,dog
underdog,2,under+dog ratingcmp=25.5,25.514286,2.990804146480479,under,dog
housedog,2,house+dog ratingcmp=77.3,77.322578,0.0,house,dog
bulldog,2,bull+dog ratingcmp=48.3,48.299999,3.659190063170479,bull,dog
coondog,2,coon+dog ratingcmp=39.5,39.533333,0.0,coon,dog
hotdog,2,hot+dog ratingcmp=34.7,34.67857,2.614053436878379,hot,dog
firedog,2,fire+dog ratingcmp=66.7,66.699997,0.0,fire,dog
sundog,2,sun+dog ratingcmp=40.3,40.291668,1.33,sun,dog
lapdog,2,lap+dog ratingcmp=55.1,55.081081,2.634256822966666,lap,dog
waterdog,2,water+dog ratingcmp=67.2,67.172417,0.0,water,dog
coydog,2,coy+dog ratingcmp=40.7,40.692307,0.0,coy,dog
sheepdogs,2,sheep+dogs ratingcmp=73.2,73.208336,1.990804146480479,sheep,dogs
watchdogs,2,watch+dogs ratingcmp=86.6,86.599998,2.570587743097289,watch,dogs
bulldogs,2,bull+dogs ratingcmp=54.8,54.814816,2.706807490115278,bull,dogs
lapdogs,2,lap+dogs ratingcmp=71.2,71.214287,2.069985392528103,lap,dogs
hotdogs,2,hot+dogs ratingcmp=46.7,46.724136,2.437962177822698,hot,dogs
evildoing,2,evil+doing ratingcmp=79.2,79.222221,1.592864137808441,evil,doing
wrongdoing,2,wrong+doing ratingcmp=84.4,84.435898,2.723197906303447,wrong,doing
wrongdoings,2,wrong+doings ratingcmp=83.2,83.214287,2.246076651583785,wrong,doings
backdoor,2,back+door ratingcmp=90.0,89.973686,2.783195835978733,back,door
barndoor,2,barn+door ratingcmp=92.8,92.772728,1.16,barn,door
hairdos,2,hair+dos ratingcmp=64.5,64.5,2.136932182158717,hair,dos
sourdough,2,sour+dough ratingcmp=66.9,66.891891,2.547106647247766,sour,dough
sourdoughs,2,sour+doughs ratingcmp=77.8,77.846153,1.06,sour,doughs
ringdove,2,ring+dove ratingcmp=36.4,36.423077,0.0,ring,dove
turtledove,2,turtle+dove ratingcmp=26.0,25.97436,2.547106647247766,turtle,dove
turtledoves,2,turtle+doves ratingcmp=49.1,49.125,2.437962177822698,turtle,doves
meltdown,2,melt+down ratingcmp=69.4,69.428574,3.30886748144324,melt,down
touchdown,2,touch+down ratingcmp=68.5,68.533333,3.696667858764398,touch,down
countdown,2,count+down ratingcmp=84.9,84.948715,3.549512717013644,count,down
closedown,2,close+down ratingcmp=61.0,61.0,1.26,close,down
turndown,2,turn+down ratingcmp=64.6,64.559998,2.29183414214446,turn,down
lookdown,2,look+down ratingcmp=66.5,66.5,1.592864137808441,look,down
knockdown,2,knock+down ratingcmp=80.9,80.896553,2.570587743097289,knock,down
crackdown,2,crack+down ratingcmp=48.2,48.200001,2.333226827302685,crack,down
takedown,2,take+down ratingcmp=84.3,84.32,2.437962177822698,take,down
clampdown,2,clamp+down ratingcmp=70.8,70.833336,1.768955396864122,clamp,down
standdown,2,stand+down ratingcmp=71.4,71.416664,1.09,stand,down
rubdown,2,rub+down ratingcmp=68.4,68.366669,2.796984120464366,rub,down
shutdown,2,shut+down ratingcmp=68.8,68.76667,3.172647734425251,shut,down
letdown,2,let+down ratingcmp=73.8,73.833336,2.547106647247766,let,down
spelldown,2,spell+down ratingcmp=38.6,38.566666,0.0,spell,down
slowdown,2,slow+down ratingcmp=85.6,85.629631,2.495954124800384,slow,down
showdown,2,show+down ratingcmp=39.1,39.135136,3.104747498787316,show,down
breakdown,2,break+down ratingcmp=77.1,77.10714,3.86470574434494,break,down
rundown,2,run+down ratingcmp=67.5,67.517242,3.16689540553616,run,down
comedown,2,come+down ratingcmp=77.1,77.068962,2.136932182158717,come,down
backdown,2,back+down ratingcmp=73.8,73.833336,1.592864137808441,back,down
splashdown,2,splash+down ratingcmp=70.9,70.896553,2.29183414214446,splash,down
lockdown,2,lock+down ratingcmp=74.6,74.633331,3.52,lock,down
eiderdown,2,eider+down ratingcmp=27.8,27.814816,1.893894133472422,eider,down
sundown,2,sun+down ratingcmp=90.6,90.551727,3.534872190830754,sun,down
shakedown,2,shake+down ratingcmp=68.0,68.0,2.963932000080177,shake,down
thistledown,2,thistle+down ratingcmp=32.9,32.884617,1.592864137808441,thistle,down
sundowner,2,sun+downer ratingcmp=33.8,33.82143,1.768955396864122,sun,downer
comedowns,2,come+downs ratingcmp=63.7,63.724136,1.01,come,downs
letdowns,2,let+downs ratingcmp=57.6,57.592594,1.592864137808441,let,downs
countdowns,2,count+downs ratingcmp=85.9,85.925926,2.03,count,downs
eiderdowns,2,eider+downs ratingcmp=31.2,31.208334,0.0,eider,downs
splashdowns,2,splash+downs ratingcmp=56.9,56.888889,0.0,splash,downs
crackdowns,2,crack+downs ratingcmp=48.2,48.25,1.592864137808441,crack,downs
spelldowns,2,spell+downs ratingcmp=28.8,28.814816,0.0,spell,downs
rubdowns,2,rub+downs ratingcmp=48.2,48.23077,1.592864137808441,rub,downs
shakedowns,2,shake+downs ratingcmp=52.4,52.42857,1.990804146480479,shake,downs
breakdowns,2,break+downs ratingcmp=64.3,64.300003,2.689774150816497,break,downs
meltdowns,2,melt+downs ratingcmp=59.7,59.708332,2.246076651583785,melt,downs
clampdowns,2,clamp+downs ratingcmp=72.8,72.821426,0.0,clamp,downs
rundowns,2,run+downs ratingcmp=39.4,39.360001,1.592864137808441,run,downs
slowdowns,2,slow+downs ratingcmp=66.6,66.590912,1.592864137808441,slow,downs
sundowns,2,sun+downs ratingcmp=71.4,71.370369,2.1,sun,downs
touchdowns,2,touch+downs ratingcmp=49.4,49.448277,2.999404318242396,touch,downs
bulldozer,2,bull+dozer ratingcmp=38.6,38.566666,3.117908944845286,bull,dozer
angledozer,2,angle+dozer ratingcmp=40.8,40.774193,0.0,angle,dozer
downdraft,2,down+draft ratingcmp=49.6,49.590908,1.592864137808441,down,draft
downdrafts,2,down+drafts ratingcmp=57.1,57.133335,1.48,down,drafts
snapdragon,2,snap+dragon ratingcmp=29.9,29.918919,1.592864137808441,snap,dragon
pendragon,2,pen+dragon ratingcmp=19.5,19.461538,2.634256822966666,pen,dragon
snapdragons,2,snap+dragons ratingcmp=48.1,48.099998,1.768955396864122,snap,dragons
firedrake,2,fire+drake ratingcmp=35.1,35.066666,0.0,fire,drake
mandrakes,2,man+drakes ratingcmp=20.9,20.923077,1.893894133472422,man,drakes
linendraper,2,linen+draper ratingcmp=64.9,64.866669,0.0,linen,draper
withdrawer,2,with+drawer ratingcmp=34.8,34.757576,0.0,with,drawer
daydream,2,day+dream ratingcmp=81.1,81.102562,2.990804146480479,day,dream
daydreamer,2,day+dreamer ratingcmp=85.2,85.208336,1.990804146480479,day,dreamer
daydreamers,2,day+dreamers ratingcmp=78.0,78.035713,1.592864137808441,day,dreamers
daydreaming,2,day+dreaming ratingcmp=90.8,90.833336,3.047708997816951,day,dreaming
daydreams,2,day+dreams ratingcmp=89.3,89.259262,2.706807490115278,day,dreams
sundress,2,sun+dress ratingcmp=72.8,72.785713,1.990804146480479,sun,dress
nightdress,2,night+dress ratingcmp=66.2,66.175003,1.990804146480479,night,dress
shirtdress,2,shirt+dress ratingcmp=70.9,70.879997,1.36,shirt,dress
coatdress,2,coat+dress ratingcmp=55.7,55.727272,0.0,coat,dress
headdress,2,head+dress ratingcmp=62.3,62.285713,2.495954124800384,head,dress
balldress,2,ball+dress ratingcmp=67.5,67.483871,0.0,ball,dress
hairdresser,2,hair+dresser ratingcmp=70.8,70.794868,3.395637863100417,hair,dresser
hairdressers,2,hair+dressers ratingcmp=75.8,75.839996,2.437962177822698,hair,dressers
nightdresses,2,night+dresses ratingcmp=83.6,83.625,1.17,night,dresses
headdresses,2,head+dresses ratingcmp=63.5,63.535713,1.768955396864122,head,dresses
hairdressing,2,hair+dressing ratingcmp=74.1,74.125,2.547106647247766,hair,dressing
snowdrift,2,snow+drift ratingcmp=64.9,64.948715,2.29183414214446,snow,drift
spoondrift,2,spoon+drift ratingcmp=33.0,33.0,0.0,spoon,drift
spindrift,2,spin+drift ratingcmp=47.0,47.020832,1.69,spin,drift
snowdrifts,2,snow+drifts ratingcmp=60.4,60.400002,1.893894133472422,snow,drifts
mandrill,2,man+drill ratingcmp=35.3,35.259258,1.592864137808441,man,drill
mandrills,2,man+drills ratingcmp=54.4,54.413792,1.1,man,drills
overdrive,2,over+drive ratingcmp=49.2,49.228573,2.768955396864123,over,drive
cabdriver,2,cab+driver ratingcmp=85.4,85.432434,2.467925401200141,cab,driver
taxidriver,2,taxi+driver ratingcmp=92.7,92.666664,0.0,taxi,driver
screwdriver,2,screw+driver ratingcmp=60.4,60.366665,3.402423852443709,screw,driver
cabdrivers,2,cab+drivers ratingcmp=90.1,90.14286,1.592864137808441,cab,drivers
screwdrivers,2,screw+drivers ratingcmp=62.2,62.200001,1.893894133472422,screw,drivers
airdrome,2,air+drome ratingcmp=41.4,41.444443,1.768955396864122,air,drome
backdrop,2,back+drop ratingcmp=47.5,47.487179,2.689774150816497,back,drop
dewdrop,2,dew+drop ratingcmp=66.2,66.150002,2.246076651583785,dew,drop
gumdrop,2,gum+drop ratingcmp=47.4,47.358974,2.246076651583785,gum,drop
snowdrop,2,snow+drop ratingcmp=72.1,72.074074,1.592864137808441,snow,drop
raindrop,2,rain+drop ratingcmp=90.7,90.650002,2.405777494451296,rain,drop
eyedrop,2,eye+drop ratingcmp=77.5,77.53846,1.893894133472422,eye,drop
airdrop,2,air+drop ratingcmp=49.9,49.924999,1.768955396864122,air,drop
teardrop,2,tear+drop ratingcmp=83.4,83.428574,2.467925401200141,tear,drop
eardrop,2,ear+drop ratingcmp=54.5,54.485714,1.768955396864122,ear,drop
maildrop,2,mail+drop ratingcmp=74.6,74.559998,0.0,mail,drop
eavesdropper,2,eaves+dropper ratingcmp=30.0,30.0,1.990804146480479,eaves,dropper
eavesdroppers,2,eaves+droppers ratingcmp=34.3,34.272728,1.592864137808441,eaves,droppers
gumdrops,2,gum+drops ratingcmp=66.3,66.269234,2.371015388192085,gum,drops
snowdrops,2,snow+drops ratingcmp=72.5,72.519997,2.16,snow,drops
backdrops,2,back+drops ratingcmp=52.8,52.84,1.768955396864122,back,drops
teardrops,2,tear+drops ratingcmp=82.6,82.599998,2.783195835978733,tear,drops
airdrops,2,air+drops ratingcmp=66.5,66.464287,2.2,air,drops
dewdrops,2,dew+drops ratingcmp=82.1,82.096771,2.29183414214446,dew,drops
sundrops,2,sun+drops ratingcmp=57.0,57.0,0.0,sun,drops
raindrops,2,rain+drops ratingcmp=89.7,89.666664,2.882898749170959,rain,drops
eardrum,2,ear+drum ratingcmp=55.1,55.052631,2.495954124800384,ear,drum
kettledrum,2,kettle+drum ratingcmp=38.6,38.56818,1.768955396864122,kettle,drum
eardrums,2,ear+drums ratingcmp=62.8,62.838711,2.723197906303447,ear,drums
kettledrums,2,kettle+drums ratingcmp=49.0,48.964287,1.47,kettle,drums
viaduct,2,via+duct ratingcmp=55.6,55.607143,2.371015388192085,via,duct
viaducts,2,via+ducts ratingcmp=35.3,35.307693,1.768955396864122,via,ducts
sawdust,2,saw+dust ratingcmp=79.9,79.871796,2.783195835978733,saw,dust
stardust,2,star+dust ratingcmp=64.6,64.641029,2.904617998864195,star,dust
sawdusts,2,saw+dusts ratingcmp=81.2,81.151512,0.0,saw,dusts
wheatear,2,wheat+ear ratingcmp=36.9,36.900002,1.65,wheat,ear
heartsease,2,hearts+ease ratingcmp=44.6,44.586208,1.34,hearts,ease
northeast,2,north+east ratingcmp=92.0,92.0,3.509318086358366,north,east
southeast,2,south+east ratingcmp=91.0,90.954544,3.517143423870323,south,east
southeaster,2,south+easter ratingcmp=59.6,59.629631,0.0,south,easter
northeaster,2,north+easter ratingcmp=53.6,53.612904,1.592864137808441,north,easter
speakeasy,2,speak+easy ratingcmp=57.6,57.586208,2.835902186494736,speak,easy
figeater,2,fig+eater ratingcmp=57.2,57.185184,0.0,fig,eater
beefeater,2,beef+eater ratingcmp=55.8,55.794872,1.893894133472422,beef,eater
anteater,2,ant+eater ratingcmp=80.2,80.171425,2.371015388192085,ant,eater
anteaters,2,ant+eaters ratingcmp=81.9,81.916664,2.04,ant,eaters
featheredge,2,feather+edge ratingcmp=47.1,47.133335,0.0,feather,edge
straightedge,2,straight+edge ratingcmp=69.4,69.435898,1.768955396864122,straight,edge
straightedges,2,straight+edges ratingcmp=70.7,70.666664,0.0,straight,edges
aftereffect,2,after+effect ratingcmp=84.2,84.23333,1.893894133472422,after,effect
aftereffects,2,after+effects ratingcmp=74.6,74.571426,2.194924129136403,after,effects
superego,2,super+ego ratingcmp=71.9,71.85714,1.990804146480479,super,ego
superegos,2,super+egos ratingcmp=62.5,62.466667,0.0,super,egos
bookend,2,book+end ratingcmp=45.5,45.525002,1.768955396864122,book,end
weekend,2,week+end ratingcmp=87.5,87.5,4.785849516901604,week,end
bookends,2,book+ends ratingcmp=74.0,74.041664,2.405777494451296,book,ends
quintessences,2,quint+essences ratingcmp=32.9,32.909092,0.0,quint,essences
counterexamples,2,counter+examples ratingcmp=75.2,75.166664,2.04,counter,examples
rabbiteye,2,rabbit+eye ratingcmp=64.8,64.833336,0.0,rabbit,eye
deadeye,2,dead+eye ratingcmp=59.0,59.035713,1.893894133472422,dead,eye
greeneye,2,green+eye ratingcmp=60.1,60.080002,0.0,green,eye
goldeneye,2,golden+eye ratingcmp=57.9,57.884617,2.437962177822698,golden,eye
walleye,2,wall+eye ratingcmp=22.6,22.571428,2.194924129136403,wall,eye
shuteye,2,shut+eye ratingcmp=77.5,77.518517,2.754232140043416,shut,eye
redeye,2,red+eye ratingcmp=76.9,76.89286,2.333226827302685,red,eye
buckeye,2,buck+eye ratingcmp=42.3,42.285713,2.29183414214446,buck,eye
mooneye,2,moon+eye ratingcmp=44.9,44.851852,0.0,moon,eye
pinkeye,2,pink+eye ratingcmp=84.2,84.181816,1.768955396864122,pink,eye
bigeye,2,big+eye ratingcmp=72.1,72.090912,1.66,big,eye
buckeyes,2,buck+eyes ratingcmp=42.2,42.25,1.893894133472422,buck,eyes
blackface,2,black+face ratingcmp=62.4,62.444443,2.672045383856066,black,face
coalface,2,coal+face ratingcmp=50.8,50.827587,1.65,coal,face
whiteface,2,white+face ratingcmp=65.3,65.269234,1.99,white,face
paleface,2,pale+face ratingcmp=74.1,74.054054,2.371015388192085,pale,face
boldface,2,bold+face ratingcmp=57.9,57.947369,1.768955396864122,bold,face
typeface,2,type+face ratingcmp=41.0,41.026318,2.29183414214446,type,face
stoneface,2,stone+face ratingcmp=75.7,75.703705,1.27,stone,face
typefaces,2,type+faces ratingcmp=42.2,42.208332,2.44,type,faces
palefaces,2,pale+faces ratingcmp=82.6,82.629631,1.768955396864122,pale,faces
coalfaces,2,coal+faces ratingcmp=53.6,53.612904,0.0,coal,faces
bookfair,2,book+fair ratingcmp=80.8,80.800003,1.48,book,fair
funfair,2,fun+fair ratingcmp=65.7,65.742859,1.893894133472422,fun,fair
funfairs,2,fun+fairs ratingcmp=69.4,69.400002,1.28,fun,fairs
nightfall,2,night+fall ratingcmp=61.4,61.375,3.36738110353699,night,fall
waterfall,2,water+fall ratingcmp=88.4,88.37838,3.274105375184028,water,fall
pitfall,2,pit+fall ratingcmp=58.9,58.864864,1.592864137808441,pit,fall
shortfall,2,short+fall ratingcmp=64.0,63.967743,1.990804146480479,short,fall
snowfall,2,snow+fall ratingcmp=92.3,92.300003,2.614053436878379,snow,fall
rainfall,2,rain+fall ratingcmp=91.3,91.315788,2.547106647247766,rain,fall
icefall,2,ice+fall ratingcmp=72.3,72.285713,1.768955396864122,ice,fall
footfall,2,foot+fall ratingcmp=51.3,51.291668,1.768955396864122,foot,fall
windfall,2,wind+fall ratingcmp=43.3,43.307693,2.614053436878379,wind,fall
evenfall,2,even+fall ratingcmp=46.6,46.566666,0.0,even,fall
landfall,2,land+fall ratingcmp=61.5,61.474998,2.706807490115278,land,fall
downfall,2,down+fall ratingcmp=71.3,71.28125,3.104747498787316,down,fall
pratfall,2,prat+fall ratingcmp=31.8,31.821428,1.893894133472422,prat,fall
landfalls,2,land+falls ratingcmp=57.0,57.0,1.48,land,falls
shortfalls,2,short+falls ratingcmp=49.9,49.857143,1.768955396864122,short,falls
rainfalls,2,rain+falls ratingcmp=87.5,87.519997,2.05,rain,falls
pitfalls,2,pit+falls ratingcmp=59.0,59.033333,2.467925401200141,pit,falls
pratfalls,2,prat+falls ratingcmp=31.9,31.879999,2.136932182158717,prat,falls
footfalls,2,foot+falls ratingcmp=42.9,42.875,1.768955396864122,foot,falls
windfalls,2,wind+falls ratingcmp=49.2,49.222221,1.592864137808441,wind,falls
downfalls,2,down+falls ratingcmp=76.0,75.962959,2.16,down,falls
snowfalls,2,snow+falls ratingcmp=90.1,90.083336,1.592864137808441,snow,falls
waterfalls,2,water+falls ratingcmp=90.9,90.931038,2.689774150816497,water,falls
warfare,2,war+fare ratingcmp=48.7,48.729729,3.470811089437629,war,fare
fieldfare,2,field+fare ratingcmp=53.2,53.172413,1.29,field,fare
carfare,2,car+fare ratingcmp=64.8,64.769234,2.522283063522734,car,fare
airfare,2,air+fare ratingcmp=73.0,73.03846,2.405777494451296,air,fare
airfares,2,air+fares ratingcmp=83.8,83.761902,1.768955396864122,air,fares
seafaring,2,sea+faring ratingcmp=54.4,54.379311,2.333226827302685,sea,faring
wayfaring,2,way+faring ratingcmp=28.7,28.73077,1.592864137808441,way,faring
spacefaring,2,space+faring ratingcmp=33.3,33.333332,1.69,space,faring
breakfast,2,break+fast ratingcmp=49.3,49.307693,4.821007745406183,break,fast
headfast,2,head+fast ratingcmp=40.2,40.153847,0.0,head,fast
holdfast,2,hold+fast ratingcmp=46.9,46.895832,2.13,hold,fast
breakfasts,2,break+fasts ratingcmp=45.4,45.400002,2.672045383856066,break,fasts
butterfat,2,butter+fat ratingcmp=79.4,79.366669,1.768955396864122,butter,fat
godfather,2,god+father ratingcmp=42.8,42.76923,3.737438345418057,god,father
grandfather,2,grand+father ratingcmp=64.8,64.769234,4.385955737985022,grand,father
housefather,2,house+father ratingcmp=69.1,69.133331,0.0,house,father
grandfathers,2,grand+fathers ratingcmp=56.0,56.032257,2.653561978162053,grand,fathers
godfathers,2,god+fathers ratingcmp=55.0,55.04348,2.405777494451296,god,fathers
footfault,2,foot+fault ratingcmp=48.6,48.625,0.0,foot,fault
beanfeast,2,bean+feast ratingcmp=62.2,62.151516,0.0,bean,feast
beanfeasts,2,bean+feasts ratingcmp=55.7,55.714287,0.0,bean,feasts
gayfeather,2,gay+feather ratingcmp=31.9,31.931034,0.0,gay,feather
chickenfeed,2,chicken+feed ratingcmp=76.3,76.340912,1.893894133472422,chicken,feed
birdfeeder,2,bird+feeder ratingcmp=93.7,93.678574,1.14,bird,feeder
spoonfeeding,2,spoon+feeding ratingcmp=85.9,85.928574,0.0,spoon,feeding
clubfeet,2,club+feet ratingcmp=48.0,47.966667,0.0,club,feet
webfeet,2,web+feet ratingcmp=76.0,75.952377,0.0,web,feet
splayfeet,2,splay+feet ratingcmp=39.2,39.166668,0.0,splay,feet
crowfeet,2,crow+feet ratingcmp=60.6,60.645161,0.0,crow,feet
workfellow,2,work+fellow ratingcmp=77.5,77.533333,0.0,work,fellow
bedfellow,2,bed+fellow ratingcmp=41.2,41.18919,2.194924129136403,bed,fellow
playfellow,2,play+fellow ratingcmp=65.6,65.551727,0.0,play,fellow
schoolfellow,2,school+fellow ratingcmp=73.9,73.896553,0.0,school,fellow
schoolfellows,2,school+fellows ratingcmp=73.9,73.9375,1.07,school,fellows
bedfellows,2,bed+fellows ratingcmp=47.0,47.0,2.405777494451296,bed,fellows
playfellows,2,play+fellows ratingcmp=51.2,51.16,0.0,play,fellows
lipfern,2,lip+fern ratingcmp=36.2,36.206898,0.0,lip,fern
woodfern,2,wood+fern ratingcmp=60.5,60.516129,0.0,wood,fern
gabfest,2,gab+fest ratingcmp=61.5,61.47826,2.069985392528103,gab,fest
slugfest,2,slug+fest ratingcmp=33.0,33.045456,1.893894133472422,slug,fest
gabfests,2,gab+fests ratingcmp=41.0,40.964287,0.0,gab,fests
grainfield,2,grain+field ratingcmp=85.6,85.59259,0.0,grain,field
hayfield,2,hay+field ratingcmp=88.3,88.279999,1.592864137808441,hay,field
coalfield,2,coal+field ratingcmp=81.5,81.482758,2.34,coal,field
outfield,2,out+field ratingcmp=81.0,80.967743,2.405777494451296,out,field
rightfield,2,right+field ratingcmp=84.3,84.322578,0.0,right,field
goldfield,2,gold+field ratingcmp=55.4,55.42857,1.592864137808441,gold,field
cornfield,2,corn+field ratingcmp=83.4,83.384613,2.860035866211455,corn,field
brickfield,2,brick+field ratingcmp=60.2,60.18182,1.27,brick,field
snowfield,2,snow+field ratingcmp=77.3,77.324326,1.893894133472422,snow,field
leftfield,2,left+field ratingcmp=83.8,83.8125,1.92,left,field
midfield,2,mid+field ratingcmp=92.2,92.178574,2.467925401200141,mid,field
backfield,2,back+field ratingcmp=81.7,81.678574,2.522283063522734,back,field
gasfield,2,gas+field ratingcmp=63.6,63.566666,1.27,gas,field
centerfield,2,center+field ratingcmp=87.9,87.919998,1.9,center,field
oilfield,2,oil+field ratingcmp=87.1,87.133331,2.74,oil,field
minefield,2,mine+field ratingcmp=80.7,80.736839,3.016110011745249,mine,field
airfield,2,air+field ratingcmp=57.3,57.340908,3.36738110353699,air,field
wheatfield,2,wheat+field ratingcmp=87.7,87.739128,1.85,wheat,field
battlefield,2,battle+field ratingcmp=85.4,85.449997,3.511942230184515,battle,field
centerfielder,2,center+fielder ratingcmp=80.8,80.809525,1.58,center,fielder
backfields,2,back+fields ratingcmp=77.5,77.545456,1.13,back,fields
coalfields,2,coal+fields ratingcmp=71.0,70.954544,1.592864137808441,coal,fields
battlefields,2,battle+fields ratingcmp=90.6,90.620689,2.672045383856066,battle,fields
cornfields,2,corn+fields ratingcmp=92.4,92.440002,2.069985392528103,corn,fields
airfields,2,air+fields ratingcmp=73.1,73.099998,2.194924129136403,air,fields
snowfields,2,snow+fields ratingcmp=87.2,87.160004,1.73,snow,fields
goldfields,2,gold+fields ratingcmp=62.0,62.040001,1.893894133472422,gold,fields
oilfields,2,oil+fields ratingcmp=88.6,88.555557,1.893894133472422,oil,fields
minefields,2,mine+fields ratingcmp=86.5,86.519997,2.653561978162053,mine,fields
cockfight,2,cock+fight ratingcmp=67.1,67.066666,2.29183414214446,cock,fight
dogfight,2,dog+fight ratingcmp=66.8,66.75676,2.246076651583785,dog,fight
gunfight,2,gun+fight ratingcmp=92.8,92.782608,3.062686153786604,gun,fight
bunfight,2,bun+fight ratingcmp=33.7,33.73077,0.0,bun,fight
fistfight,2,fist+fight ratingcmp=89.2,89.239998,2.689774150816497,fist,fight
bullfight,2,bull+fight ratingcmp=91.5,91.480003,2.495954124800384,bull,fight
prizefight,2,prize+fight ratingcmp=57.5,57.549999,1.768955396864122,prize,fight
firefighter,2,fire+fighter ratingcmp=90.4,90.370369,3.016110011745249,fire,fighter
bullfighter,2,bull+fighter ratingcmp=92.2,92.172417,2.835902186494736,bull,fighter
dogfighter,2,dog+fighter ratingcmp=75.7,75.727272,1.2,dog,fighter
prizefighter,2,prize+fighter ratingcmp=56.3,56.346153,2.522283063522734,prize,fighter
bullfighters,2,bull+fighters ratingcmp=87.2,87.25,2.29183414214446,bull,fighters
prizefighters,2,prize+fighters ratingcmp=77.5,77.5,1.768955396864122,prize,fighters
firefighters,2,fire+fighters ratingcmp=93.5,93.458336,2.935286818630647,fire,fighters
cockfighting,2,cock+fighting ratingcmp=60.6,60.592594,2.069985392528103,cock,fighting
bullfighting,2,bull+fighting ratingcmp=87.6,87.555557,2.467925401200141,bull,fighting
cockfights,2,cock+fights ratingcmp=60.2,60.238094,2.069985392528103,cock,fights
prizefights,2,prize+fights ratingcmp=52.7,52.653847,1.592864137808441,prize,fights
gunfights,2,gun+fights ratingcmp=88.8,88.785713,2.194924129136403,gun,fights
bullfights,2,bull+fights ratingcmp=88.0,88.037041,2.136932182158717,bull,fights
fistfights,2,fist+fights ratingcmp=93.5,93.519997,2.194924129136403,fist,fights
dogfights,2,dog+fights ratingcmp=82.8,82.839996,2.08,dog,fights
nailfile,2,nail+file ratingcmp=78.9,78.91304,1.990804146480479,nail,file
landfill,2,land+fill ratingcmp=69.7,69.666664,3.117908944845286,land,fill
landfills,2,land+fills ratingcmp=68.4,68.36364,1.768955396864122,land,fills
clingfilm,2,cling+film ratingcmp=46.4,46.409092,1.87,cling,film
threadfin,2,thread+fin ratingcmp=34.4,34.39394,1.28,thread,fin
lobefin,2,lobe+fin ratingcmp=36.3,36.346153,0.0,lobe,fin
bowfin,2,bow+fin ratingcmp=41.4,41.360001,1.33,bow,fin
bluefin,2,blue+fin ratingcmp=47.3,47.26923,1.990804146480479,blue,fin
yellowfin,2,yellow+fin ratingcmp=60.5,60.5,2.23,yellow,fin
soupfin,2,soup+fin ratingcmp=41.6,41.586208,0.0,soup,fin
tailfin,2,tail+fin ratingcmp=75.2,75.241379,1.4,tail,fin
quarterfinal,2,quarter+final ratingcmp=70.6,70.599998,2.194924129136403,quarter,final
quarterfinals,2,quarter+finals ratingcmp=85.6,85.599998,1.893894133472422,quarter,finals
goldfinch,2,gold+finch ratingcmp=45.3,45.325001,1.768955396864122,gold,finch
hawfinch,2,haw+finch ratingcmp=41.2,41.166668,1.34,haw,finch
bullfinch,2,bull+finch ratingcmp=28.7,28.674999,1.893894133472422,bull,finch
grassfinch,2,grass+finch ratingcmp=53.9,53.862068,0.0,grass,finch
bullfinches,2,bull+finches ratingcmp=43.8,43.75,1.3,bull,finches
goldfinches,2,gold+finches ratingcmp=52.1,52.142857,1.592864137808441,gold,finches
wordfinder,2,word+finder ratingcmp=80.6,80.580643,0.0,word,finder
waterfinder,2,water+finder ratingcmp=58.5,58.479168,0.0,water,finder
rangefinder,2,range+finder ratingcmp=68.7,68.729164,2.39,range,finder
viewfinder,2,view+finder ratingcmp=64.5,64.513512,1.990804146480479,view,finder
faultfinder,2,fault+finder ratingcmp=81.6,81.620689,0.0,fault,finder
pathfinder,2,path+finder ratingcmp=70.3,70.349998,2.136932182158717,path,finder
pathfinders,2,path+finders ratingcmp=76.5,76.454544,1.893894133472422,path,finders
rangefinders,2,range+finders ratingcmp=69.4,69.448273,1.63,range,finders
faultfinders,2,fault+finders ratingcmp=67.4,67.400002,0.0,fault,finders
viewfinders,2,view+finders ratingcmp=81.3,81.344826,1.55,view,finders
faultfinding,2,fault+finding ratingcmp=74.4,74.400002,0.0,fault,finding
ladyfinger,2,lady+finger ratingcmp=47.5,47.5,1.04,lady,finger
ladyfingers,2,lady+fingers ratingcmp=45.8,45.791668,1.990804146480479,lady,fingers
butterfingers,2,butter+fingers ratingcmp=48.2,48.171429,2.738992173486679,butter,fingers
crossfire,2,cross+fire ratingcmp=69.1,69.068962,2.963932000080177,cross,fire
hellfire,2,hell+fire ratingcmp=66.0,66.0,2.893894133472422,hell,fire
spitfire,2,spit+fire ratingcmp=53.6,53.620689,2.783195835978733,spit,fire
campfire,2,camp+fire ratingcmp=89.9,89.871796,3.104747498787316,camp,fire
wildfire,2,wild+fire ratingcmp=80.6,80.564102,2.999404318242396,wild,fire
balefire,2,bale+fire ratingcmp=49.8,49.84,0.0,bale,fire
cookfire,2,cook+fire ratingcmp=72.8,72.800003,0.0,cook,fire
backfire,2,back+fire ratingcmp=60.3,60.333332,2.945046655919803,back,fire
drumfire,2,drum+fire ratingcmp=53.8,53.785713,0.0,drum,fire
gunfire,2,gun+fire ratingcmp=71.1,71.13636,3.718345403509035,gun,fire
shellfire,2,shell+fire ratingcmp=45.0,44.959999,1.990804146480479,shell,fire
grassfire,2,grass+fire ratingcmp=84.2,84.15625,1.18,grass,fire
crossfires,2,cross+fires ratingcmp=71.6,71.551727,0.0,cross,fires
backfires,2,back+fires ratingcmp=48.4,48.384617,2.467925401200141,back,fires
wildfires,2,wild+fires ratingcmp=82.6,82.559998,3.17,wild,fires
campfires,2,camp+fires ratingcmp=90.5,90.519997,2.522283063522734,camp,fires
spitfires,2,spit+fires ratingcmp=43.3,43.272728,1.768955396864122,spit,fires
hogfish,2,hog+fish ratingcmp=43.6,43.560001,1.592864137808441,hog,fish
billfish,2,bill+fish ratingcmp=43.4,43.433334,1.73,bill,fish
anglerfish,2,angler+fish ratingcmp=62.3,62.31818,1.61,angler,fish
sailfish,2,sail+fish ratingcmp=64.9,64.916664,1.768955396864122,sail,fish
sunfish,2,sun+fish ratingcmp=49.2,49.174999,2.246076651583785,sun,fish
archerfish,2,archer+fish ratingcmp=37.7,37.720001,1.24,archer,fish
blackfish,2,black+fish ratingcmp=66.2,66.199997,1.592864137808441,black,fish
lionfish,2,lion+fish ratingcmp=44.8,44.807693,2.136932182158717,lion,fish
queenfish,2,queen+fish ratingcmp=47.5,47.466667,0.0,queen,fish
lanternfish,2,lantern+fish ratingcmp=65.1,65.090912,0.0,lantern,fish
cardinalfish,2,cardinal+fish ratingcmp=50.3,50.333332,0.0,cardinal,fish
sawfish,2,saw+fish ratingcmp=55.6,55.599998,1.68,saw,fish
snipefish,2,snipe+fish ratingcmp=33.9,33.863636,0.0,snipe,fish
tonguefish,2,tongue+fish ratingcmp=48.1,48.121212,0.0,tongue,fish
numbfish,2,numb+fish ratingcmp=42.5,42.466667,0.0,numb,fish
mayfish,2,may+fish ratingcmp=38.1,38.125,0.0,may,fish
amberfish,2,amber+fish ratingcmp=52.3,52.291668,0.0,amber,fish
balloonfish,2,balloon+fish ratingcmp=71.3,71.321426,0.0,balloon,fish
devilfish,2,devil+fish ratingcmp=50.9,50.916668,2.069985392528103,devil,fish
spearfish,2,spear+fish ratingcmp=63.5,63.541668,2.405777494451296,spear,fish
surffish,2,surf+fish ratingcmp=44.6,44.60606,0.0,surf,fish
cutlassfish,2,cutlass+fish ratingcmp=48.3,48.291668,0.0,cutlass,fish
weakfish,2,weak+fish ratingcmp=40.6,40.560001,1.21,weak,fish
headfish,2,head+fish ratingcmp=46.7,46.708332,0.0,head,fish
hagfish,2,hag+fish ratingcmp=47.7,47.73077,1.71,hag,fish
flamefish,2,flame+fish ratingcmp=44.1,44.066666,0.0,flame,fish
catfish,2,cat+fish ratingcmp=50.5,50.457142,3.098014116128347,cat,fish
soldierfish,2,soldier+fish ratingcmp=49.5,49.545456,0.0,soldier,fish
damselfish,2,damsel+fish ratingcmp=55.1,55.148148,1.33,damsel,fish
pipefish,2,pipe+fish ratingcmp=51.3,51.299999,1.29,pipe,fish
suckerfish,2,sucker+fish ratingcmp=59.7,59.739132,1.768955396864122,sucker,fish
stockfish,2,stock+fish ratingcmp=65.3,65.259262,1.8,stock,fish
soapfish,2,soap+fish ratingcmp=33.5,33.48148,0.0,soap,fish
globefish,2,globe+fish ratingcmp=43.2,43.166668,0.0,globe,fish
dogfish,2,dog+fish ratingcmp=47.7,47.714287,1.990804146480479,dog,fish
groundfish,2,ground+fish ratingcmp=48.4,48.363636,1.54,ground,fish
leatherfish,2,leather+fish ratingcmp=57.2,57.166668,0.0,leather,fish
oilfish,2,oil+fish ratingcmp=52.5,52.533333,0.0,oil,fish
driftfish,2,drift+fish ratingcmp=51.2,51.200001,0.0,drift,fish
butterflyfish,2,butterfly+fish ratingcmp=56.4,56.375,1.27,butterfly,fish
starfish,2,star+fish ratingcmp=76.7,76.675674,2.882898749170959,star,fish
crampfish,2,cramp+fish ratingcmp=45.7,45.708332,0.0,cramp,fish
flagfish,2,flag+fish ratingcmp=44.3,44.296295,0.0,flag,fish
barrelfish,2,barrel+fish ratingcmp=56.2,56.166668,0.0,barrel,fish
lancetfish,2,lancet+fish ratingcmp=34.4,34.407406,0.0,lancet,fish
doctorfish,2,doctor+fish ratingcmp=34.6,34.645161,0.0,doctor,fish
crawfish,2,craw+fish ratingcmp=59.9,59.933334,2.437962177822698,craw,fish
pilotfish,2,pilot+fish ratingcmp=40.4,40.392857,0.0,pilot,fish
harvestfish,2,harvest+fish ratingcmp=52.4,52.423077,0.0,harvest,fish
conchfish,2,conch+fish ratingcmp=47.2,47.214287,0.0,conch,fish
stonefish,2,stone+fish ratingcmp=46.6,46.642857,1.592864137808441,stone,fish
clingfish,2,cling+fish ratingcmp=42.8,42.76923,0.0,cling,fish
guitarfish,2,guitar+fish ratingcmp=34.1,34.099998,0.0,guitar,fish
shrimpfish,2,shrimp+fish ratingcmp=79.8,79.793106,0.0,shrimp,fish
cowfish,2,cow+fish ratingcmp=51.1,51.068966,1.2,cow,fish
dolphinfish,2,dolphin+fish ratingcmp=73.7,73.714287,0.0,dolphin,fish
ladyfish,2,lady+fish ratingcmp=58.1,58.115383,2.547106647247766,lady,fish
alligatorfish,2,alligator+fish ratingcmp=67.7,67.73333,0.0,alligator,fish
squirrelfish,2,squirrel+fish ratingcmp=41.7,41.666668,0.0,squirrel,fish
goldfish,2,gold+fish ratingcmp=72.5,72.487183,3.484958740498922,gold,fish
parrotfish,2,parrot+fish ratingcmp=51.9,51.916668,1.592864137808441,parrot,fish
ghostfish,2,ghost+fish ratingcmp=59.2,59.200001,0.0,ghost,fish
porcupinefish,2,porcupine+fish ratingcmp=55.6,55.586208,0.0,porcupine,fish
dollarfish,2,dollar+fish ratingcmp=50.3,50.344826,0.0,dollar,fish
trunkfish,2,trunk+fish ratingcmp=55.8,55.793102,0.0,trunk,fish
frogfish,2,frog+fish ratingcmp=56.7,56.714287,1.768955396864122,frog,fish
kingfish,2,king+fish ratingcmp=51.0,51.0,2.136932182158717,king,fish
lungfish,2,lung+fish ratingcmp=47.3,47.333332,2.371015388192085,lung,fish
goosefish,2,goose+fish ratingcmp=45.9,45.900002,0.0,goose,fish
swordfish,2,sword+fish ratingcmp=71.3,71.289474,3.016110011745249,sword,fish
pigfish,2,pig+fish ratingcmp=43.7,43.733334,0.0,pig,fish
scorpionfish,2,scorpion+fish ratingcmp=58.0,57.966667,1.15,scorpion,fish
needlefish,2,needle+fish ratingcmp=58.6,58.599998,1.14,needle,fish
oarfish,2,oar+fish ratingcmp=49.1,49.096775,1.85,oar,fish
batfish,2,bat+fish ratingcmp=55.4,55.448277,1.24,bat,fish
pinfish,2,pin+fish ratingcmp=45.6,45.599998,0.0,pin,fish
rockfish,2,rock+fish ratingcmp=58.8,58.81818,2.23,rock,fish
boarfish,2,boar+fish ratingcmp=41.7,41.666668,0.0,boar,fish
burrfish,2,burr+fish ratingcmp=38.8,38.772728,0.0,burr,fish
flatfish,2,flat+fish ratingcmp=65.4,65.370369,2.069985392528103,flat,fish
cuttlefish,2,cuttle+fish ratingcmp=41.6,41.642857,2.333226827302685,cuttle,fish
tilefish,2,tile+fish ratingcmp=44.3,44.307693,1.58,tile,fish
surgeonfish,2,surgeon+fish ratingcmp=37.3,37.285713,1.24,surgeon,fish
blowfish,2,blow+fish ratingcmp=67.4,67.354836,2.796984120464366,blow,fish
skilletfish,2,skillet+fish ratingcmp=58.8,58.81818,0.0,skillet,fish
whitefish,2,white+fish ratingcmp=79.4,79.35714,2.706807490115278,white,fish
filefish,2,file+fish ratingcmp=36.3,36.291668,0.0,file,fish
shellfish,2,shell+fish ratingcmp=79.9,79.918922,2.999404318242396,shell,fish
jellyfish,2,jelly+fish ratingcmp=63.0,63.028572,3.16689540553616,jelly,fish
mosquitofish,2,mosquito+fish ratingcmp=44.1,44.080002,1.31,mosquito,fish
monkfish,2,monk+fish ratingcmp=44.9,44.892857,1.768955396864122,monk,fish
pufferfish,2,puffer+fish ratingcmp=83.1,83.068962,1.98,puffer,fish
moonfish,2,moon+fish ratingcmp=53.9,53.875,1.03,moon,fish
rudderfish,2,rudder+fish ratingcmp=52.0,52.035713,0.0,rudder,fish
toadfish,2,toad+fish ratingcmp=56.6,56.615383,1.41,toad,fish
garfish,2,gar+fish ratingcmp=35.3,35.32143,1.893894133472422,gar,fish
rabbitfish,2,rabbit+fish ratingcmp=36.3,36.32,0.0,rabbit,fish
jawfish,2,jaw+fish ratingcmp=66.5,66.5,0.0,jaw,fish
sandfish,2,sand+fish ratingcmp=61.8,61.759998,0.0,sand,fish
paddlefish,2,paddle+fish ratingcmp=58.8,58.78788,1.49,paddle,fish
buffalofish,2,buffalo+fish ratingcmp=44.9,44.866665,0.0,buffalo,fish
ribbonfish,2,ribbon+fish ratingcmp=50.5,50.48148,0.0,ribbon,fish
muttonfish,2,mutton+fish ratingcmp=37.3,37.32,0.0,mutton,fish
redfish,2,red+fish ratingcmp=84.4,84.428574,2.07,red,fish
threadfish,2,thread+fish ratingcmp=37.0,37.0,0.0,thread,fish
angelfish,2,angel+fish ratingcmp=52.9,52.916668,2.069985392528103,angel,fish
wolffish,2,wolf+fish ratingcmp=43.0,42.958332,1.05,wolf,fish
pearlfish,2,pearl+fish ratingcmp=59.5,59.466667,0.0,pearl,fish
boxfish,2,box+fish ratingcmp=51.7,51.720001,1.23,box,fish
spadefish,2,spade+fish ratingcmp=57.1,57.137932,1.23,spade,fish
horsefish,2,horse+fish ratingcmp=56.9,56.900002,0.0,horse,fish
wreckfish,2,wreck+fish ratingcmp=37.2,37.200001,0.0,wreck,fish
snakefish,2,snake+fish ratingcmp=59.7,59.666668,0.0,snake,fish
silverfish,2,silver+fish ratingcmp=62.4,62.400002,1.990804146480479,silver,fish
cigarfish,2,cigar+fish ratingcmp=43.4,43.39394,0.0,cigar,fish
butterfish,2,butter+fish ratingcmp=48.1,48.125,1.45,butter,fish
porkfish,2,pork+fish ratingcmp=55.9,55.931034,0.0,pork,fish
trumpetfish,2,trumpet+fish ratingcmp=48.6,48.615383,0.0,trumpet,fish
rosefish,2,rose+fish ratingcmp=50.5,50.48148,0.0,rose,fish
triggerfish,2,trigger+fish ratingcmp=49.2,49.25,1.64,trigger,fish
snailfish,2,snail+fish ratingcmp=62.0,61.969696,0.0,snail,fish
drumfish,2,drum+fish ratingcmp=38.2,38.200001,0.0,drum,fish
cornetfish,2,cornet+fish ratingcmp=42.5,42.517242,0.0,cornet,fish
goatfish,2,goat+fish ratingcmp=50.4,50.379311,1.05,goat,fish
lizardfish,2,lizard+fish ratingcmp=48.5,48.48,0.0,lizard,fish
lumpfish,2,lump+fish ratingcmp=54.0,54.0,0.0,lump,fish
convictfish,2,convict+fish ratingcmp=25.8,25.799999,0.0,convict,fish
codfish,2,cod+fish ratingcmp=63.9,63.857143,2.634256822966666,cod,fish
bluefish,2,blue+fish ratingcmp=86.5,86.517242,2.246076651583785,blue,fish
dealfish,2,deal+fish ratingcmp=30.0,30.0,0.0,deal,fish
oysterfish,2,oyster+fish ratingcmp=73.3,73.258064,0.0,oyster,fish
bonefish,2,bone+fish ratingcmp=53.0,52.964287,1.86,bone,fish
panfish,2,pan+fish ratingcmp=48.2,48.166668,1.67,pan,fish
kingfisher,2,king+fisher ratingcmp=31.7,31.743589,2.29183414214446,king,fisher
kingfishers,2,king+fishers ratingcmp=52.6,52.615383,2.42,king,fishers
bluefishes,2,blue+fishes ratingcmp=79.8,79.818184,0.0,blue,fishes
dogfishes,2,dog+fishes ratingcmp=39.7,39.68,0.0,dog,fishes
lungfishes,2,lung+fishes ratingcmp=46.9,46.909092,0.0,lung,fishes
sportfishing,2,sport+fishing ratingcmp=88.0,88.0,1.62,sport,fishing
outfitter,2,out+fitter ratingcmp=50.0,49.967743,1.768955396864122,out,fitter
steamfitter,2,steam+fitter ratingcmp=52.9,52.923077,0.0,steam,fitter
steamfitters,2,steam+fitters ratingcmp=54.0,54.0,1.11,steam,fitters
pipefitting,2,pipe+fitting ratingcmp=75.0,75.0,1.04,pipe,fitting
wheatflake,2,wheat+flake ratingcmp=73.1,73.099998,0.0,wheat,flake
snowflake,2,snow+flake ratingcmp=85.1,85.07692,3.077163977155227,snow,flake
snowflakes,2,snow+flakes ratingcmp=93.9,93.862068,2.823313059186715,snow,flakes
earflap,2,ear+flap ratingcmp=73.0,73.0,0.0,ear,flap
newsflash,2,news+flash ratingcmp=60.9,60.924999,2.810348082022347,news,flash
newsflashes,2,news+flashes ratingcmp=71.8,71.76667,0.0,news,flashes
hipflask,2,hip+flask ratingcmp=62.7,62.666668,0.0,hip,flask
toadflax,2,toad+flax ratingcmp=35.6,35.633335,1.24,toad,flax
gooseflesh,2,goose+flesh ratingcmp=57.9,57.888889,1.893894133472422,goose,flesh
horseflesh,2,horse+flesh ratingcmp=61.6,61.583332,2.333226827302685,horse,flesh
highflier,2,high+flier ratingcmp=54.3,54.32,1.592864137808441,high,flier
mayflies,2,may+flies ratingcmp=53.1,53.083332,1.592864137808441,may,flies
greenflies,2,green+flies ratingcmp=71.5,71.548386,0.0,green,flies
butterflies,2,butter+flies ratingcmp=27.3,27.266666,3.356292131371378,butter,flies
gadflies,2,gad+flies ratingcmp=36.4,36.357143,1.592864137808441,gad,flies
houseflies,2,house+flies ratingcmp=80.4,80.370369,1.768955396864122,house,flies
horseflies,2,horse+flies ratingcmp=53.8,53.75,1.592864137808441,horse,flies
damselflies,2,damsel+flies ratingcmp=43.4,43.387096,1.7,damsel,flies
fireflies,2,fire+flies ratingcmp=68.8,68.833336,3.016110011745249,fire,flies
blowflies,2,blow+flies ratingcmp=47.5,47.541668,1.768955396864122,blow,flies
dragonflies,2,dragon+flies ratingcmp=45.5,45.46154,2.405777494451296,dragon,flies
sawflies,2,saw+flies ratingcmp=46.4,46.448277,1.37,saw,flies
spaceflight,2,space+flight ratingcmp=89.6,89.571426,2.76,space,flight
spaceflights,2,space+flights ratingcmp=86.4,86.40741,1.63,space,flights
skinflint,2,skin+flint ratingcmp=40.1,40.066666,2.29183414214446,skin,flint
gunflint,2,gun+flint ratingcmp=65.1,65.137932,1.31,gun,flint
skinflints,2,skin+flints ratingcmp=34.7,34.73077,1.592864137808441,skin,flints
bobfloat,2,bob+float ratingcmp=43.8,43.82143,0.0,bob,float
flashflood,2,flash+flood ratingcmp=68.4,68.416664,0.0,flash,flood
candyfloss,2,candy+floss ratingcmp=48.9,48.851852,1.768955396864122,candy,floss
cornflour,2,corn+flour ratingcmp=90.6,90.566666,1.97,corn,flour
airflow,2,air+flow ratingcmp=81.8,81.837837,2.194924129136403,air,flow
backflow,2,back+flow ratingcmp=67.3,67.259262,1.592864137808441,back,flow
workflow,2,work+flow ratingcmp=76.5,76.533333,3.16,work,flow
flameflower,2,flame+flower ratingcmp=42.4,42.416668,0.0,flame,flower
spoonflower,2,spoon+flower ratingcmp=43.6,43.575756,1.08,spoon,flower
mistflower,2,mist+flower ratingcmp=58.7,58.714287,0.0,mist,flower
cuckooflower,2,cuckoo+flower ratingcmp=40.2,40.208332,0.0,cuckoo,flower
bellflower,2,bell+flower ratingcmp=45.2,45.179485,1.893894133472422,bell,flower
swanflower,2,swan+flower ratingcmp=42.3,42.279999,0.0,swan,flower
cornflower,2,corn+flower ratingcmp=50.6,50.641026,1.893894133472422,corn,flower
mayflower,2,may+flower ratingcmp=56.6,56.620689,3.178324867316942,may,flower
lyreflower,2,lyre+flower ratingcmp=39.6,39.625,0.0,lyre,flower
wallflower,2,wall+flower ratingcmp=47.7,47.675674,2.634256822966666,wall,flower
shadflower,2,shad+flower ratingcmp=33.3,33.266666,0.0,shad,flower
globeflower,2,globe+flower ratingcmp=39.4,39.375,0.0,globe,flower
shellflower,2,shell+flower ratingcmp=50.1,50.130436,0.0,shell,flower
snailflower,2,snail+flower ratingcmp=55.2,55.166668,0.0,snail,flower
cheeseflower,2,cheese+flower ratingcmp=39.0,38.969696,0.0,cheese,flower
helmetflower,2,helmet+flower ratingcmp=39.9,39.869564,0.0,helmet,flower
dayflower,2,day+flower ratingcmp=60.8,60.82143,0.0,day,flower
spiderflower,2,spider+flower ratingcmp=49.7,49.708332,0.0,spider,flower
butterflower,2,butter+flower ratingcmp=35.6,35.608696,0.0,butter,flower
sunflower,2,sun+flower ratingcmp=62.0,62.045456,2.835902186494736,sun,flower
wildflower,2,wild+flower ratingcmp=89.8,89.839996,1.893894133472422,wild,flower
moonflower,2,moon+flower ratingcmp=46.5,46.5,1.66,moon,flower
windflower,2,wind+flower ratingcmp=47.0,47.0,1.45,wind,flower
tongueflower,2,tongue+flower ratingcmp=43.1,43.066666,0.0,tongue,flower
foamflower,2,foam+flower ratingcmp=40.4,40.444443,0.0,foam,flower
honeyflower,2,honey+flower ratingcmp=70.0,70.03846,0.0,honey,flower
waxflower,2,wax+flower ratingcmp=53.4,53.360001,0.0,wax,flower
fingerflower,2,finger+flower ratingcmp=47.5,47.464287,0.0,finger,flower
coneflower,2,cone+flower ratingcmp=64.3,64.333336,1.57,cone,flower
twinflower,2,twin+flower ratingcmp=50.9,50.888889,0.0,twin,flower
cupflower,2,cup+flower ratingcmp=44.9,44.913044,0.0,cup,flower
wandflower,2,wand+flower ratingcmp=40.8,40.82143,0.0,wand,flower
starflower,2,star+flower ratingcmp=61.5,61.458332,1.02,star,flower
tailflower,2,tail+flower ratingcmp=48.0,48.0,0.0,tail,flower
chiggerflower,2,chigger+flower ratingcmp=35.9,35.892857,0.0,chigger,flower
passionflower,2,passion+flower ratingcmp=44.7,44.684212,1.592864137808441,passion,flower
strawflower,2,straw+flower ratingcmp=54.9,54.878788,0.0,straw,flower
windflowers,2,wind+flowers ratingcmp=56.3,56.26923,0.0,wind,flowers
wildflowers,2,wild+flowers ratingcmp=86.2,86.166664,2.371015388192085,wild,flowers
passionflowers,2,passion+flowers ratingcmp=50.6,50.615383,0.0,passion,flowers
sunflowers,2,sun+flowers ratingcmp=78.6,78.625,2.689774150816497,sun,flowers
cornflowers,2,corn+flowers ratingcmp=58.8,58.76923,2.136932182158717,corn,flowers
wallflowers,2,wall+flowers ratingcmp=48.7,48.692307,2.333226827302685,wall,flowers
mayflowers,2,may+flowers ratingcmp=50.9,50.857143,2.371015388192085,may,flowers
backflowing,2,back+flowing ratingcmp=70.8,70.793106,0.0,back,flowing
whitefly,2,white+fly ratingcmp=70.1,70.133331,1.75,white,fly
dayfly,2,day+fly ratingcmp=44.5,44.466667,0.0,day,fly
housefly,2,house+fly ratingcmp=68.2,68.199997,2.29183414214446,house,fly
blackfly,2,black+fly ratingcmp=76.4,76.36364,1.31,black,fly
blowfly,2,blow+fly ratingcmp=46.7,46.655174,1.768955396864122,blow,fly
butterfly,2,butter+fly ratingcmp=27.6,27.564102,3.742083250463821,butter,fly
dobsonfly,2,dobson+fly ratingcmp=30.2,30.238094,0.0,dobson,fly
firefly,2,fire+fly ratingcmp=55.2,55.23077,2.754232140043416,fire,fly
stonefly,2,stone+fly ratingcmp=46.0,45.964287,1.37,stone,fly
spongefly,2,sponge+fly ratingcmp=38.7,38.729168,0.0,sponge,fly
gadfly,2,gad+fly ratingcmp=30.4,30.368422,1.893894133472422,gad,fly
sawfly,2,saw+fly ratingcmp=50.6,50.566666,1.78,saw,fly
catchfly,2,catch+fly ratingcmp=53.8,53.75,1.06,catch,fly
botfly,2,bot+fly ratingcmp=37.3,37.279999,1.592864137808441,bot,fly
chalcidfly,2,chalcid+fly ratingcmp=26.0,25.966667,0.0,chalcid,fly
greenfly,2,green+fly ratingcmp=68.7,68.666664,1.28,green,fly
shadfly,2,shad+fly ratingcmp=39.2,39.222221,0.0,shad,fly
rainfly,2,rain+fly ratingcmp=48.2,48.166668,0.0,rain,fly
mayfly,2,may+fly ratingcmp=29.2,29.205128,1.893894133472422,may,fly
sandfly,2,sand+fly ratingcmp=64.0,64.0,1.39,sand,fly
damselfly,2,damsel+fly ratingcmp=40.3,40.346153,1.67,damsel,fly
dragonfly,2,dragon+fly ratingcmp=43.4,43.42857,3.456186997928897,dragon,fly
snakefly,2,snake+fly ratingcmp=43.5,43.484848,0.0,snake,fly
horsefly,2,horse+fly ratingcmp=37.4,37.435898,2.069985392528103,horse,fly
alderfly,2,alder+fly ratingcmp=30.5,30.52,0.0,alder,fly
shoofly,2,shoo+fly ratingcmp=45.4,45.416668,1.18,shoo,fly
gallfly,2,gall+fly ratingcmp=34.6,34.615383,0.0,gall,fly
highflyer,2,high+flyer ratingcmp=72.5,72.480003,1.17,high,flyer
featherfoil,2,feather+foil ratingcmp=36.6,36.642857,0.0,feather,foil
rockfoil,2,rock+foil ratingcmp=38.1,38.099998,0.0,rock,foil
airfoil,2,air+foil ratingcmp=51.7,51.714287,1.592864137808441,air,foil
tinfoil,2,tin+foil ratingcmp=68.2,68.230766,2.689774150816497,tin,foil
airfoils,2,air+foils ratingcmp=41.3,41.333332,1.76,air,foils
billfold,2,bill+fold ratingcmp=44.3,44.324326,2.405777494451296,bill,fold
sheepfold,2,sheep+fold ratingcmp=37.1,37.083332,1.592864137808441,sheep,fold
pinfold,2,pin+fold ratingcmp=58.7,58.700001,1.52,pin,fold
centerfold,2,center+fold ratingcmp=73.1,73.104164,2.835902186494736,center,fold
centrefold,2,centre+fold ratingcmp=78.1,78.103447,1.47,centre,fold
blindfold,2,blind+fold ratingcmp=59.0,58.966667,3.241224148789373,blind,fold
gatefold,2,gate+fold ratingcmp=45.5,45.454544,2.09,gate,fold
sheepfolds,2,sheep+folds ratingcmp=33.0,32.964287,0.0,sheep,folds
billfolds,2,bill+folds ratingcmp=47.1,47.111111,1.592864137808441,bill,folds
blindfolds,2,blind+folds ratingcmp=57.6,57.639999,2.467925401200141,blind,folds
centerfolds,2,center+folds ratingcmp=64.5,64.519997,1.768955396864122,center,folds
kinfolk,2,kin+folk ratingcmp=58.6,58.567566,2.570587743097289,kin,folk
countryfolk,2,country+folk ratingcmp=92.6,92.586205,1.19,country,folk
townsfolk,2,towns+folk ratingcmp=81.0,81.0,2.614053436878379,towns,folk
homefolk,2,home+folk ratingcmp=75.9,75.933334,0.0,home,folk
kinsfolk,2,kins+folk ratingcmp=66.4,66.413795,1.43,kins,folk
gentlefolk,2,gentle+folk ratingcmp=59.5,59.450001,1.768955396864122,gentle,folk
gentlefolks,2,gentle+folks ratingcmp=78.3,78.32,0.0,gentle,folks
kinfolks,2,kin+folks ratingcmp=56.2,56.25,1.768955396864122,kin,folks
seafood,2,sea+food ratingcmp=91.2,91.153847,3.30886748144324,sea,food
petfood,2,pet+food ratingcmp=96.5,96.454544,1.12,pet,food
tomfool,2,tom+fool ratingcmp=27.3,27.304348,1.893894133472422,tom,fool
clawfoot,2,claw+foot ratingcmp=64.0,64.0,1.33,claw,foot
crowfoot,2,crow+foot ratingcmp=60.4,60.42857,1.83,crow,foot
hindfoot,2,hind+foot ratingcmp=79.0,78.966667,1.45,hind,foot
hotfoot,2,hot+foot ratingcmp=46.0,46.040001,2.371015388192085,hot,foot
coltsfoot,2,colts+foot ratingcmp=40.1,40.0625,1.33,colts,foot
flatfoot,2,flat+foot ratingcmp=69.6,69.615387,2.823313059186715,flat,foot
goatsfoot,2,goats+foot ratingcmp=67.4,67.370369,0.0,goats,foot
clubfoot,2,club+foot ratingcmp=45.9,45.875,2.29183414214446,club,foot
tenderfoot,2,tender+foot ratingcmp=53.0,53.049999,2.706807490115278,tender,foot
splayfoot,2,splay+foot ratingcmp=43.8,43.78788,0.0,splay,foot
spadefoot,2,spade+foot ratingcmp=35.1,35.119999,1.03,spade,foot
webfoot,2,web+foot ratingcmp=54.2,54.16,0.0,web,foot
goosefoot,2,goose+foot ratingcmp=48.8,48.75,1.16,goose,foot
tenderfoots,2,tender+foots ratingcmp=47.6,47.625,0.0,tender,foots
hotfoots,2,hot+foots ratingcmp=49.5,49.5,1.592864137808441,hot,foots
airforce,2,air+force ratingcmp=74.5,74.482758,2.76,air,force
workforce,2,work+force ratingcmp=64.6,64.615387,2.547106647247766,work,force
workforces,2,work+forces ratingcmp=78.9,78.931038,2.15,work,forces
wherefore,2,where+fore ratingcmp=46.9,46.931034,2.945046655919803,where,fore
rainforest,2,rain+forest ratingcmp=90.7,90.666664,2.689774150816497,rain,forest
hayfork,2,hay+fork ratingcmp=69.9,69.931038,1.18,hay,fork
tablefork,2,table+fork ratingcmp=76.0,76.034485,0.0,table,fork
pitchfork,2,pitch+fork ratingcmp=71.3,71.344826,2.848136642911747,pitch,fork
pitchforks,2,pitch+forks ratingcmp=68.2,68.166664,2.467925401200141,pitch,forks
waveform,2,wave+form ratingcmp=59.7,59.692307,1.592864137808441,wave,form
platforms,2,plat+forms ratingcmp=33.5,33.533333,2.882898749170959,plat,forms
waveforms,2,wave+forms ratingcmp=65.2,65.239998,2.54,wave,forms
pianoforte,2,piano+forte ratingcmp=61.7,61.709679,2.405777494451296,piano,forte
pianofortes,2,piano+fortes ratingcmp=53.5,53.47826,0.0,piano,fortes
wildfowl,2,wild+fowl ratingcmp=66.4,66.366669,2.06,wild,fowl
moorfowl,2,moor+fowl ratingcmp=36.5,36.53846,0.0,moor,fowl
heathfowl,2,heath+fowl ratingcmp=36.6,36.636364,0.0,heath,fowl
seafowl,2,sea+fowl ratingcmp=64.9,64.866669,0.0,sea,fowl
peafowl,2,pea+fowl ratingcmp=29.1,29.107143,1.72,pea,fowl
waterfowl,2,water+fowl ratingcmp=50.1,50.057144,1.592864137808441,water,fowl
peafowls,2,pea+fowls ratingcmp=39.0,38.967743,0.0,pea,fowls
bedframe,2,bed+frame ratingcmp=92.3,92.275864,1.43,bed,frame
mainframe,2,main+frame ratingcmp=71.1,71.10714,3.30886748144324,main,frame
doorframe,2,door+frame ratingcmp=86.1,86.054054,1.893894133472422,door,frame
airframe,2,air+frame ratingcmp=62.4,62.413792,2.69,air,frame
mainframes,2,main+frames ratingcmp=65.2,65.166664,1.990804146480479,main,frames
airframes,2,air+frames ratingcmp=44.0,44.0,2.05,air,frames
girlfriend,2,girl+friend ratingcmp=72.8,72.800003,4.880889673196804,girl,friend
boyfriend,2,boy+friend ratingcmp=73.7,73.743591,4.85827163433953,boy,friend
schoolfriend,2,school+friend ratingcmp=88.1,88.133331,1.48,school,friend
boyfriends,2,boy+friends ratingcmp=85.2,85.166664,3.706807490115278,boy,friends
girlfriends,2,girl+friends ratingcmp=86.9,86.89286,3.908834483265359,girl,friends
bullfrog,2,bull+frog ratingcmp=39.2,39.23077,2.723197906303447,bull,frog
leapfrog,2,leap+frog ratingcmp=63.2,63.205128,2.570587743097289,leap,frog
leapfrogs,2,leap+frogs ratingcmp=82.2,82.181816,1.592864137808441,leap,frogs
bullfrogs,2,bull+frogs ratingcmp=57.9,57.857143,1.768955396864122,bull,frogs
oceanfront,2,ocean+front ratingcmp=83.6,83.559998,1.893894133472422,ocean,front
waterfront,2,water+front ratingcmp=71.8,71.783783,3.024227901967429,water,front
lakefront,2,lake+front ratingcmp=86.5,86.5,2.136932182158717,lake,front
beachfront,2,beach+front ratingcmp=82.8,82.75,2.570587743097289,beach,front
wavefront,2,wave+front ratingcmp=68.9,68.925926,2.22,wave,front
battlefront,2,battle+front ratingcmp=76.8,76.800003,1.990804146480479,battle,front
shirtfront,2,shirt+front ratingcmp=65.2,65.227272,1.592864137808441,shirt,front
seafront,2,sea+front ratingcmp=76.2,76.150002,1.893894133472422,sea,front
storefront,2,store+front ratingcmp=85.8,85.800003,2.672045383856066,store,front
shopfront,2,shop+front ratingcmp=80.1,80.133331,1.8,shop,front
oceanfronts,2,ocean+fronts ratingcmp=87.9,87.888885,0.0,ocean,fronts
seafronts,2,sea+fronts ratingcmp=83.2,83.238098,0.0,sea,fronts
shirtfronts,2,shirt+fronts ratingcmp=63.8,63.799999,0.0,shirt,fronts
storefronts,2,store+fronts ratingcmp=80.8,80.791664,1.893894133472422,store,fronts
shopfronts,2,shop+fronts ratingcmp=81.8,81.827583,1.59,shop,fronts
battlefronts,2,battle+fronts ratingcmp=79.3,79.333336,1.44,battle,fronts
waterfronts,2,water+fronts ratingcmp=77.7,77.666664,1.592864137808441,water,fronts
lakefronts,2,lake+fronts ratingcmp=85.1,85.133331,0.0,lake,fronts
hoarfrost,2,hoar+frost ratingcmp=28.4,28.375,1.42,hoar,frost
breadfruit,2,bread+fruit ratingcmp=41.7,41.729729,2.136932182158717,bread,fruit
eggfruit,2,egg+fruit ratingcmp=47.3,47.272728,0.0,egg,fruit
grapefruit,2,grape+fruit ratingcmp=40.6,40.641026,3.395637863100417,grape,fruit
jackfruit,2,jack+fruit ratingcmp=40.8,40.75,2.2,jack,fruit
breadfruits,2,bread+fruits ratingcmp=50.4,50.370369,0.0,bread,fruits
grapefruits,2,grape+fruits ratingcmp=47.1,47.080002,2.194924129136403,grape,fruits
hedgefund,2,hedge+fund ratingcmp=37.4,37.384617,1.15,hedge,fund
greengage,2,green+gage ratingcmp=42.5,42.48148,1.41,green,gage
topgallant,2,top+gallant ratingcmp=37.2,37.25,2.136932182158717,top,gallant
moorgame,2,moor+game ratingcmp=32.9,32.857143,0.0,moor,game
ballgame,2,ball+game ratingcmp=84.9,84.916664,3.016110011745249,ball,game
endgame,2,end+game ratingcmp=77.8,77.793106,2.754232140043416,end,game
ballgames,2,ball+games ratingcmp=77.5,77.5,2.069985392528103,ball,games
backgammon,2,back+gammon ratingcmp=23.2,23.172413,2.87161773876127,back,gammon
stopgap,2,stop+gap ratingcmp=43.9,43.892857,1.990804146480479,stop,gap
stopgaps,2,stop+gaps ratingcmp=64.3,64.291664,1.592864137808441,stop,gaps
teargas,2,tear+gas ratingcmp=64.6,64.589745,1.592864137808441,tear,gas
teargases,2,tear+gases ratingcmp=71.2,71.181816,0.0,tear,gases
tailgate,2,tail+gate ratingcmp=43.7,43.717949,2.672045383856066,tail,gate
sluicegate,2,sluice+gate ratingcmp=31.1,31.08,0.0,sluice,gate
floodgate,2,flood+gate ratingcmp=74.7,74.736839,1.768955396864122,flood,gate
tollgate,2,toll+gate ratingcmp=68.0,68.025002,1.768955396864122,toll,gate
tailgates,2,tail+gates ratingcmp=56.2,56.18182,1.592864137808441,tail,gates
tollgates,2,toll+gates ratingcmp=74.2,74.23333,1.06,toll,gates
floodgates,2,flood+gates ratingcmp=83.0,82.962959,2.405777494451296,flood,gates
tollgatherer,2,toll+gatherer ratingcmp=69.6,69.583336,0.0,toll,gatherer
woolgatherer,2,wool+gatherer ratingcmp=80.8,80.821426,0.0,wool,gatherer
woolgathering,2,wool+gathering ratingcmp=70.1,70.071426,1.893894133472422,wool,gathering
nosegay,2,nose+gay ratingcmp=22.4,22.4,1.768955396864122,nose,gay
nosegays,2,nose+gays ratingcmp=14.4,14.37037,1.01,nose,gays
stargazer,2,star+gazer ratingcmp=80.1,80.114288,1.768955396864122,star,gazer
stargazers,2,star+gazers ratingcmp=84.7,84.653847,1.592864137808441,star,gazers
stargazing,2,star+gazing ratingcmp=85.4,85.42308,2.405777494451296,star,gazing
footgear,2,foot+gear ratingcmp=79.8,79.777779,1.592864137808441,foot,gear
headgear,2,head+gear ratingcmp=77.1,77.081078,2.522283063522734,head,gear
fishgig,2,fish+gig ratingcmp=33.2,33.217392,0.0,fish,gig
bluegill,2,blue+gill ratingcmp=42.2,42.208332,2.16,blue,gill
bluegills,2,blue+gills ratingcmp=50.0,50.03846,1.592864137808441,blue,gills
cowgirl,2,cow+girl ratingcmp=47.0,46.950001,3.077163977155227,cow,girl
showgirl,2,show+girl ratingcmp=82.7,82.657898,2.963932000080177,show,girl
homegirl,2,home+girl ratingcmp=75.2,75.172417,2.09,home,girl
salesgirl,2,sales+girl ratingcmp=81.1,81.125,2.634256822966666,sales,girl
daygirl,2,day+girl ratingcmp=66.8,66.758621,0.0,day,girl
schoolgirl,2,school+girl ratingcmp=90.7,90.657898,3.278605876410705,school,girl
cowgirls,2,cow+girls ratingcmp=59.0,59.037037,2.848136642911747,cow,girls
salesgirls,2,sales+girls ratingcmp=74.5,74.5,1.592864137808441,sales,girls
schoolgirls,2,school+girls ratingcmp=93.0,93.034485,2.706807490115278,school,girls
showgirls,2,show+girls ratingcmp=73.2,73.160004,2.796984120464366,show,girls
almsgiver,2,alms+giver ratingcmp=47.3,47.333332,0.0,alms,giver
lawgiver,2,law+giver ratingcmp=74.2,74.199997,2.437962177822698,law,giver
caregiver,2,care+giver ratingcmp=88.1,88.071426,2.522283063522734,care,giver
lawgivers,2,law+givers ratingcmp=69.8,69.75,1.24,law,givers
caregivers,2,care+givers ratingcmp=91.8,91.814812,2.136932182158717,care,givers
almsgiving,2,alms+giving ratingcmp=33.7,33.740742,1.71,alms,giving
thanksgiving,2,thanks+giving ratingcmp=68.2,68.1875,4.269557747433308,thanks,giving
thanksgivings,2,thanks+givings ratingcmp=82.3,82.307693,2.194924129136403,thanks,givings
sandglass,2,sand+glass ratingcmp=58.3,58.346153,1.592864137808441,sand,glass
sunglass,2,sun+glass ratingcmp=69.8,69.821426,2.194924129136403,sun,glass
hourglass,2,hour+glass ratingcmp=58.3,58.256409,2.990804146480479,hour,glass
spyglass,2,spy+glass ratingcmp=67.8,67.771431,2.467925401200141,spy,glass
fibreglass,2,fibre+glass ratingcmp=62.7,62.653847,2.405777494451296,fibre,glass
eyeglass,2,eye+glass ratingcmp=67.9,67.900002,1.893894133472422,eye,glass
fiberglass,2,fiber+glass ratingcmp=70.7,70.681816,2.689774150816497,fiber,glass
weatherglass,2,weather+glass ratingcmp=51.1,51.074074,0.0,weather,glass
wineglass,2,wine+glass ratingcmp=82.3,82.300003,1.990804146480479,wine,glass
spyglasses,2,spy+glasses ratingcmp=71.2,71.166664,1.893894133472422,spy,glasses
eyeglasses,2,eye+glasses ratingcmp=92.1,92.103447,2.835902186494736,eye,glasses
sunglasses,2,sun+glasses ratingcmp=85.3,85.275864,3.597185511591084,sun,glasses
hourglasses,2,hour+glasses ratingcmp=58.2,58.23077,1.51,hour,glasses
wineglasses,2,wine+glasses ratingcmp=86.4,86.360001,1.592864137808441,wine,glasses
paragliding,2,para+gliding ratingcmp=48.9,48.884617,1.893894133472422,para,gliding
vainglory,2,vain+glory ratingcmp=51.4,51.444443,1.592864137808441,vain,glory
foxglove,2,fox+glove ratingcmp=28.7,28.692308,1.990804146480479,fox,glove
foxgloves,2,fox+gloves ratingcmp=46.8,46.84,1.69,fox,gloves
afterglow,2,after+glow ratingcmp=64.6,64.574997,2.522283063522734,after,glow
afterglows,2,after+glows ratingcmp=71.4,71.380951,1.02,after,glows
scapegoat,2,scape+goat ratingcmp=32.7,32.736843,3.047708997816951,scape,goat
scapegoats,2,scape+goats ratingcmp=49.6,49.642857,2.333226827302685,scape,goats
hobgoblin,2,hob+goblin ratingcmp=29.8,29.84091,2.069985392528103,hob,goblin
churchgoer,2,church+goer ratingcmp=81.5,81.458336,2.437962177822698,church,goer
playgoer,2,play+goer ratingcmp=54.0,54.0,0.0,play,goer
theatregoer,2,theatre+goer ratingcmp=74.4,74.448273,1.768955396864122,theatre,goer
theatergoer,2,theater+goer ratingcmp=74.8,74.760002,1.768955396864122,theater,goer
operagoer,2,opera+goer ratingcmp=72.1,72.104164,0.0,opera,goer
partygoer,2,party+goer ratingcmp=86.3,86.296295,1.37,party,goer
moviegoer,2,movie+goer ratingcmp=82.5,82.5,1.592864137808441,movie,goer
chapelgoer,2,chapel+goer ratingcmp=66.0,65.958336,0.0,chapel,goer
theatergoers,2,theater+goers ratingcmp=85.6,85.6129,1.69,theater,goers
churchgoers,2,church+goers ratingcmp=88.3,88.333336,2.069985392528103,church,goers
moviegoers,2,movie+goers ratingcmp=84.3,84.318184,2.069985392528103,movie,goers
operagoers,2,opera+goers ratingcmp=73.9,73.933334,0.0,opera,goers
playgoers,2,play+goers ratingcmp=60.8,60.84,1.38,play,goers
scattergood,2,scatter+good ratingcmp=38.8,38.84,1.74,scatter,good
drygoods,2,dry+goods ratingcmp=84.7,84.73333,0.0,dry,goods
nightgown,2,night+gown ratingcmp=79.6,79.550003,3.296155515927103,night,gown
nightgowns,2,night+gowns ratingcmp=89.5,89.5,2.371015388192085,night,gowns
scapegrace,2,scape+grace ratingcmp=37.4,37.370369,1.768955396864122,scape,grace
scapegraces,2,scape+graces ratingcmp=29.4,29.384615,0.0,scape,graces
paygrade,2,pay+grade ratingcmp=73.8,73.774193,1.41,pay,grade
downgrade,2,down+grade ratingcmp=80.5,80.5,2.069985392528103,down,grade
downgrades,2,down+grades ratingcmp=75.3,75.296295,1.768955396864122,down,grades
woodgrain,2,wood+grain ratingcmp=58.2,58.173912,1.77,wood,grain
woodgraining,2,wood+graining ratingcmp=67.2,67.166664,0.0,wood,graining
cablegrams,2,cable+grams ratingcmp=36.5,36.51852,1.990804146480479,cable,grams
hollygrape,2,holly+grape ratingcmp=43.7,43.677418,0.0,holly,grape
viewgraph,2,view+graph ratingcmp=57.5,57.48,0.0,view,graph
shadowgraph,2,shadow+graph ratingcmp=58.5,58.517242,0.0,shadow,graph
cheatgrass,2,cheat+grass ratingcmp=33.4,33.375,1.34,cheat,grass
yardgrass,2,yard+grass ratingcmp=75.8,75.758621,0.0,yard,grass
ricegrass,2,rice+grass ratingcmp=67.1,67.083336,0.0,rice,grass
cordgrass,2,cord+grass ratingcmp=38.8,38.76923,1.48,cord,grass
crabgrass,2,crab+grass ratingcmp=29.2,29.18919,2.136932182158717,crab,grass
seagrass,2,sea+grass ratingcmp=75.6,75.620689,2.36,sea,grass
bromegrass,2,brome+grass ratingcmp=40.9,40.931034,0.0,brome,grass
bristlegrass,2,bristle+grass ratingcmp=54.2,54.23077,0.0,bristle,grass
quackgrass,2,quack+grass ratingcmp=39.2,39.166668,0.0,quack,grass
bunchgrass,2,bunch+grass ratingcmp=50.5,50.48148,1.22,bunch,grass
ryegrass,2,rye+grass ratingcmp=61.0,60.967743,1.99,rye,grass
witchgrass,2,witch+grass ratingcmp=30.6,30.566668,0.0,witch,grass
silkgrass,2,silk+grass ratingcmp=70.7,70.666664,0.0,silk,grass
bluegrass,2,blue+grass ratingcmp=49.6,49.615383,2.87161773876127,blue,grass
knotgrass,2,knot+grass ratingcmp=47.4,47.384617,1.02,knot,grass
meadowgrass,2,meadow+grass ratingcmp=72.7,72.692307,0.0,meadow,grass
eelgrass,2,eel+grass ratingcmp=41.6,41.642857,1.83,eel,grass
tallgrass,2,tall+grass ratingcmp=85.9,85.900002,1.82,tall,grass
lemongrass,2,lemon+grass ratingcmp=59.8,59.785713,1.768955396864122,lemon,grass
burgrass,2,bur+grass ratingcmp=39.4,39.433334,0.0,bur,grass
nutgrass,2,nut+grass ratingcmp=51.0,51.033333,0.0,nut,grass
ribgrass,2,rib+grass ratingcmp=31.8,31.791666,0.0,rib,grass
midgrass,2,mid+grass ratingcmp=61.4,61.42857,0.0,mid,grass
shortgrass,2,short+grass ratingcmp=77.8,77.833336,1.16,short,grass
wheatgrass,2,wheat+grass ratingcmp=80.8,80.826088,2.405777494451296,wheat,grass
landgrave,2,land+grave ratingcmp=59.3,59.296295,1.81,land,grave
evergreen,2,ever+green ratingcmp=60.1,60.057144,2.333226827302685,ever,green
wintergreen,2,winter+green ratingcmp=38.9,38.900002,1.990804146480479,winter,green
evergreens,2,ever+greens ratingcmp=54.1,54.074074,1.768955396864122,ever,greens
hairgrip,2,hair+grip ratingcmp=52.1,52.125,0.0,hair,grip
handgrip,2,hand+grip ratingcmp=84.3,84.291664,1.61,hand,grip
greengrocer,2,green+grocer ratingcmp=44.7,44.684212,2.29183414214446,green,grocer
greengrocers,2,green+grocers ratingcmp=55.2,55.241379,1.65,green,grocers
greengrocery,2,green+grocery ratingcmp=61.7,61.689655,0.0,green,grocery
bridegroom,2,bride+groom ratingcmp=52.1,52.075001,3.161065861875436,bride,groom
bridegrooms,2,bride+grooms ratingcmp=59.2,59.240002,1.62,bride,grooms
playground,2,play+ground ratingcmp=82.0,81.977272,3.708474649482741,play,ground
bedground,2,bed+ground ratingcmp=45.0,44.964287,0.0,bed,ground
campground,2,camp+ground ratingcmp=83.7,83.675003,2.29183414214446,camp,ground
foreground,2,fore+ground ratingcmp=57.9,57.875,2.653561978162053,fore,ground
fairground,2,fair+ground ratingcmp=59.6,59.636364,2.333226827302685,fair,ground
background,2,back+ground ratingcmp=53.5,53.542858,4.246076651583785,back,ground
battleground,2,battle+ground ratingcmp=87.1,87.10714,2.689774150816497,battle,ground
backgrounder,2,back+grounder ratingcmp=40.6,40.590908,1.592864137808441,back,grounder
backgrounders,2,back+grounders ratingcmp=41.8,41.759998,1.592864137808441,back,grounders
backgrounding,2,back+grounding ratingcmp=51.9,51.869564,1.38,back,grounding
battlegrounds,2,battle+grounds ratingcmp=92.3,92.321426,1.592864137808441,battle,grounds
campgrounds,2,camp+grounds ratingcmp=86.3,86.344826,1.893894133472422,camp,grounds
backgrounds,2,back+grounds ratingcmp=65.9,65.866669,2.990804146480479,back,grounds
playgrounds,2,play+grounds ratingcmp=79.8,79.800003,2.614053436878379,play,grounds
fairgrounds,2,fair+grounds ratingcmp=71.3,71.279999,2.405777494451296,fair,grounds
sandgrouse,2,sand+grouse ratingcmp=35.0,35.0,1.07,sand,grouse
mangroves,2,man+groves ratingcmp=33.3,33.333332,1.768955396864122,man,groves
moneygrubber,2,money+grubber ratingcmp=71.7,71.709679,0.0,money,grubber
coastguard,2,coast+guard ratingcmp=81.9,81.891891,2.437962177822698,coast,guard
blackguard,2,black+guard ratingcmp=52.1,52.095238,2.570587743097289,black,guard
bodyguard,2,body+guard ratingcmp=81.8,81.775002,3.758701762498569,body,guard
fireguard,2,fire+guard ratingcmp=77.3,77.296295,1.33,fire,guard
armguard,2,arm+guard ratingcmp=67.4,67.416664,0.0,arm,guard
rearguard,2,rear+guard ratingcmp=48.5,48.512821,2.069985392528103,rear,guard
safeguard,2,safe+guard ratingcmp=73.3,73.256409,2.982030222172974,safe,guard
vanguard,2,van+guard ratingcmp=42.9,42.92857,2.723197906303447,van,guard
lifeguard,2,life+guard ratingcmp=76.3,76.297295,3.226332593388028,life,guard
mudguard,2,mud+guard ratingcmp=82.7,82.689651,1.55,mud,guard
fireguards,2,fire+guards ratingcmp=79.8,79.80645,0.0,fire,guards
safeguards,2,safe+guards ratingcmp=77.4,77.366669,2.653561978162053,safe,guards
rearguards,2,rear+guards ratingcmp=59.4,59.42857,0.0,rear,guards
bodyguards,2,body+guards ratingcmp=90.8,90.821426,3.388744155152517,body,guards
mudguards,2,mud+guards ratingcmp=60.0,60.0,1.59,mud,guards
lifeguards,2,life+guards ratingcmp=83.8,83.793106,2.614053436878379,life,guards
blackguards,2,black+guards ratingcmp=40.0,39.959999,1.592864137808441,black,guards
coastguards,2,coast+guards ratingcmp=83.3,83.259262,1.76,coast,guards
coastguardsman,2,coast+guardsman ratingcmp=86.6,86.633331,0.0,coast,guardsman
houseguest,2,house+guest ratingcmp=92.8,92.760002,2.689774150816497,house,guest
waveguide,2,wave+guide ratingcmp=55.2,55.18182,2.61,wave,guide
waveguides,2,wave+guides ratingcmp=45.2,45.23077,2.17,wave,guides
bloodguilt,2,blood+guilt ratingcmp=48.1,48.148148,0.0,blood,guilt
seagull,2,sea+gull ratingcmp=61.2,61.23077,3.091174691598042,sea,gull
seagulls,2,sea+gulls ratingcmp=78.3,78.275864,3.047708997816951,sea,gulls
flashgun,2,flash+gun ratingcmp=60.2,60.214287,1.592864137808441,flash,gun
shotgun,2,shot+gun ratingcmp=55.6,55.636364,4.001951507256276,shot,gun
blowgun,2,blow+gun ratingcmp=63.3,63.299999,1.893894133472422,blow,gun
scattergun,2,scatter+gun ratingcmp=58.4,58.448277,2.069985392528103,scatter,gun
airgun,2,air+gun ratingcmp=75.0,75.0,1.94,air,gun
handgun,2,hand+gun ratingcmp=82.1,82.128204,3.117908944845286,hand,gun
popgun,2,pop+gun ratingcmp=55.1,55.066666,2.371015388192085,pop,gun
staplegun,2,staple+gun ratingcmp=84.2,84.25,0.0,staple,gun
flashguns,2,flash+guns ratingcmp=61.2,61.240002,0.0,flash,guns
blowguns,2,blow+guns ratingcmp=48.2,48.17857,1.592864137808441,blow,guns
popguns,2,pop+guns ratingcmp=48.5,48.535713,1.592864137808441,pop,guns
handguns,2,hand+guns ratingcmp=88.4,88.448273,2.614053436878379,hand,guns
shotguns,2,shot+guns ratingcmp=81.4,81.379311,2.999404318242396,shot,guns
pinchgut,2,pinch+gut ratingcmp=33.5,33.535713,0.0,pinch,gut
hindgut,2,hind+gut ratingcmp=52.5,52.533333,1.54,hind,gut
rotgut,2,rot+gut ratingcmp=38.6,38.560001,2.467925401200141,rot,gut
catgut,2,cat+gut ratingcmp=38.5,38.540539,2.437962177822698,cat,gut
horsehair,2,horse+hair ratingcmp=76.2,76.205132,2.136932182158717,horse,hair
maidenhair,2,maiden+hair ratingcmp=55.6,55.636364,1.54,maiden,hair
wirehair,2,wire+hair ratingcmp=53.4,53.357143,1.768955396864122,wire,hair
camelhair,2,camel+hair ratingcmp=72.9,72.866669,0.0,camel,hair
wirehairs,2,wire+hairs ratingcmp=58.6,58.590908,0.0,wire,hairs
crosshairs,2,cross+hairs ratingcmp=45.4,45.400002,2.634256822966666,cross,hairs
guildhall,2,guild+hall ratingcmp=58.7,58.677418,2.69,guild,hall
guildhalls,2,guild+halls ratingcmp=58.8,58.833332,0.0,guild,halls
clawhammer,2,claw+hammer ratingcmp=62.6,62.625,1.45,claw,hammer
jackhammer,2,jack+hammer ratingcmp=56.5,56.454544,2.738992173486679,jack,hammer
sledgehammer,2,sledge+hammer ratingcmp=66.7,66.657143,2.954591973826034,sledge,hammer
yellowhammer,2,yellow+hammer ratingcmp=42.6,42.560001,1.55,yellow,hammer
triphammer,2,trip+hammer ratingcmp=34.4,34.392857,1.592864137808441,trip,hammer
yellowhammers,2,yellow+hammers ratingcmp=46.7,46.666668,0.0,yellow,hammers
jackhammers,2,jack+hammers ratingcmp=51.6,51.642857,1.893894133472422,jack,hammers
sledgehammers,2,sledge+hammers ratingcmp=68.3,68.333336,2.246076651583785,sledge,hammers
longhand,2,long+hand ratingcmp=46.1,46.09375,2.0,long,hand
cowhand,2,cow+hand ratingcmp=40.0,40.0,2.634256822966666,cow,hand
dockhand,2,dock+hand ratingcmp=53.6,53.576923,0.0,dock,hand
fieldhand,2,field+hand ratingcmp=52.2,52.25,0.0,field,hand
shorthand,2,short+hand ratingcmp=41.5,41.540539,3.007837485779259,short,hand
stagehand,2,stage+hand ratingcmp=56.7,56.652172,2.754232140043416,stage,hand
deckhand,2,deck+hand ratingcmp=41.2,41.205128,2.29183414214446,deck,hand
farmhand,2,farm+hand ratingcmp=53.7,53.650002,1.893894133472422,farm,hand
backhand,2,back+hand ratingcmp=78.5,78.482758,2.87161773876127,back,hand
doorhandle,2,door+handle ratingcmp=92.4,92.413795,0.0,door,handle
panhandle,2,pan+handle ratingcmp=52.1,52.078949,2.614053436878379,pan,handle
panhandler,2,pan+handler ratingcmp=47.1,47.148148,2.467925401200141,pan,handler
panhandlers,2,pan+handlers ratingcmp=53.7,53.692307,2.29183414214446,pan,handlers
doorhandles,2,door+handles ratingcmp=85.6,85.625,0.0,door,handles
panhandles,2,pan+handles ratingcmp=65.2,65.172417,1.28,pan,handles
deckhands,2,deck+hands ratingcmp=43.3,43.279999,1.768955396864122,deck,hands
cowhands,2,cow+hands ratingcmp=39.8,39.758621,2.371015388192085,cow,hands
shorthands,2,short+hands ratingcmp=48.2,48.200001,1.12,short,hands
backhands,2,back+hands ratingcmp=58.6,58.599998,1.768955396864122,back,hands
farmhands,2,farm+hands ratingcmp=63.5,63.48148,1.893894133472422,farm,hands
stagehands,2,stage+hands ratingcmp=64.5,64.5,2.405777494451296,stage,hands
straphanger,2,strap+hanger ratingcmp=46.6,46.642857,0.0,strap,hanger
cliffhanger,2,cliff+hanger ratingcmp=62.4,62.413792,2.437962177822698,cliff,hanger
paperhanger,2,paper+hanger ratingcmp=55.1,55.119999,2.246076651583785,paper,hanger
cliffhangers,2,cliff+hangers ratingcmp=46.4,46.42857,1.893894133472422,cliff,hangers
paperhangers,2,paper+hangers ratingcmp=68.9,68.89286,0.0,paper,hangers
paperhanging,2,paper+hanging ratingcmp=64.0,64.0,0.0,paper,hanging
diehard,2,die+hard ratingcmp=51.4,51.354839,2.069985392528103,die,hard
blowhard,2,blow+hard ratingcmp=51.8,51.84375,2.592864137808441,blow,hard
foolhardiness,2,fool+hardiness ratingcmp=51.3,51.333332,1.33,fool,hardiness
restharrow,2,rest+harrow ratingcmp=27.0,27.038462,0.0,rest,harrow
sunhat,2,sun+hat ratingcmp=89.0,88.958336,1.44,sun,hat
nuthatch,2,nut+hatch ratingcmp=51.4,51.42857,1.990804146480479,nut,hatch
crosshatch,2,cross+hatch ratingcmp=40.4,40.423077,1.592864137808441,cross,hatch
crosshatches,2,cross+hatches ratingcmp=50.8,50.846153,0.0,cross,hatches
nuthatches,2,nut+hatches ratingcmp=36.8,36.770832,1.64,nut,hatches
sunhats,2,sun+hats ratingcmp=82.7,82.681816,0.0,sun,hats
nighthawk,2,night+hawk ratingcmp=67.9,67.894737,2.738992173486679,night,hawk
nighthawks,2,night+hawks ratingcmp=74.0,74.0,1.768955396864122,night,hawks
bullethead,2,bullet+head ratingcmp=58.1,58.142857,2.069985392528103,bullet,head
staghead,2,stag+head ratingcmp=46.7,46.666668,0.0,stag,head
skinhead,2,skin+head ratingcmp=47.0,47.0,2.495954124800384,skin,head
fathead,2,fat+head ratingcmp=56.5,56.46154,2.823313059186715,fat,head
thickhead,2,thick+head ratingcmp=50.2,50.200001,0.0,thick,head
bullhead,2,bull+head ratingcmp=61.6,61.639999,1.592864137808441,bull,head
trailhead,2,trail+head ratingcmp=46.2,46.173912,2.63,trail,head
blockhead,2,block+head ratingcmp=36.3,36.270271,2.91508343254236,block,head
fiddlehead,2,fiddle+head ratingcmp=48.3,48.333332,1.592864137808441,fiddle,head
wellhead,2,well+head ratingcmp=41.0,40.959999,1.893894133472422,well,head
sorehead,2,sore+head ratingcmp=63.0,62.95652,1.592864137808441,sore,head
bighead,2,big+head ratingcmp=59.1,59.128204,1.592864137808441,big,head
railhead,2,rail+head ratingcmp=42.0,41.972973,1.893894133472422,rail,head
addlehead,2,addle+head ratingcmp=36.2,36.233334,0.0,addle,head
deadhead,2,dead+head ratingcmp=51.5,51.5,2.333226827302685,dead,head
maidenhead,2,maiden+head ratingcmp=53.1,53.142857,2.333226827302685,maiden,head
bridgehead,2,bridge+head ratingcmp=42.8,42.825001,2.136932182158717,bridge,head
loggerhead,2,logger+head ratingcmp=39.1,39.148148,2.17,logger,head
blackhead,2,black+head ratingcmp=37.6,37.56818,1.990804146480479,black,head
floodhead,2,flood+head ratingcmp=42.5,42.533333,0.0,flood,head
beachhead,2,beach+head ratingcmp=48.2,48.224998,2.810348082022347,beach,head
figurehead,2,figure+head ratingcmp=53.7,53.736843,2.467925401200141,figure,head
airhead,2,air+head ratingcmp=68.5,68.518517,2.738992173486679,air,head
masthead,2,mast+head ratingcmp=41.2,41.25,2.136932182158717,mast,head
bonnethead,2,bonnet+head ratingcmp=51.2,51.23077,0.0,bonnet,head
forehead,2,fore+head ratingcmp=72.1,72.050003,3.894978514764642,fore,head
flathead,2,flat+head ratingcmp=72.6,72.633331,2.405777494451296,flat,head
metalhead,2,metal+head ratingcmp=60.0,59.966667,1.96,metal,head
hothead,2,hot+head ratingcmp=44.8,44.799999,2.882898749170959,hot,head
egghead,2,egg+head ratingcmp=46.0,45.974998,3.055262135707397,egg,head
hammerhead,2,hammer+head ratingcmp=70.9,70.869568,2.723197906303447,hammer,head
swellhead,2,swell+head ratingcmp=54.2,54.166668,1.592864137808441,swell,head
copperhead,2,copper+head ratingcmp=43.8,43.842106,2.194924129136403,copper,head
roundhead,2,round+head ratingcmp=60.6,60.607143,1.78,round,head
baldhead,2,bald+head ratingcmp=79.8,79.760002,1.768955396864122,bald,head
letterhead,2,letter+head ratingcmp=41.7,41.675674,2.634256822966666,letter,head
spreadhead,2,spread+head ratingcmp=37.4,37.363636,0.0,spread,head
pithead,2,pit+head ratingcmp=46.7,46.666668,1.39,pit,head
hogshead,2,hogs+head ratingcmp=50.7,50.65625,1.592864137808441,hogs,head
stephead,2,step+head ratingcmp=47.5,47.548386,0.0,step,head
saphead,2,sap+head ratingcmp=37.4,37.42857,1.592864137808441,sap,head
arrowhead,2,arrow+head ratingcmp=72.7,72.650002,2.634256822966666,arrow,head
crosshead,2,cross+head ratingcmp=55.7,55.689655,1.48,cross,head
stairhead,2,stair+head ratingcmp=30.4,30.360001,0.0,stair,head
bonehead,2,bone+head ratingcmp=37.4,37.435898,3.077163977155227,bone,head
clubhead,2,club+head ratingcmp=65.8,65.814812,1.53,club,head
flinthead,2,flint+head ratingcmp=60.8,60.814816,0.0,flint,head
bowhead,2,bow+head ratingcmp=45.4,45.439999,1.9,bow,head
horsehead,2,horse+head ratingcmp=72.5,72.464287,1.768955396864122,horse,head
fountainhead,2,fountain+head ratingcmp=44.9,44.857143,2.194924129136403,fountain,head
warhead,2,war+head ratingcmp=38.5,38.513512,3.511942230184515,war,head
knucklehead,2,knuckle+head ratingcmp=40.1,40.119999,3.040022169150661,knuckle,head
bulkhead,2,bulk+head ratingcmp=37.7,37.666668,2.982030222172974,bulk,head
muttonhead,2,mutton+head ratingcmp=43.9,43.916668,1.592864137808441,mutton,head
snakehead,2,snake+head ratingcmp=67.4,67.40741,2.522283063522734,snake,head
spearhead,2,spear+head ratingcmp=65.6,65.564102,2.570587743097289,spear,head
dragonhead,2,dragon+head ratingcmp=73.2,73.23333,1.09,dragon,head
shovelhead,2,shovel+head ratingcmp=70.2,70.241379,1.27,shovel,head
thunderhead,2,thunder+head ratingcmp=45.7,45.67857,2.405777494451296,thunder,head
redhead,2,red+head ratingcmp=75.9,75.945946,3.563675748680959,red,head
drumhead,2,drum+head ratingcmp=66.0,65.966667,1.94,drum,head
whitehead,2,white+head ratingcmp=55.8,55.766666,2.954591973826034,white,head
bluehead,2,blue+head ratingcmp=51.3,51.333332,0.0,blue,head
pinhead,2,pin+head ratingcmp=45.6,45.599998,2.935286818630647,pin,head
dickhead,2,dick+head ratingcmp=53.5,53.5,3.501349156687091,dick,head
pothead,2,pot+head ratingcmp=52.5,52.5,2.634256822966666,pot,head
turtlehead,2,turtle+head ratingcmp=63.4,63.384617,1.768955396864122,turtle,head
nailhead,2,nail+head ratingcmp=72.9,72.851852,1.768955396864122,nail,head
showerhead,2,shower+head ratingcmp=87.9,87.931038,2.29183414214446,shower,head
sleepyhead,2,sleepy+head ratingcmp=69.4,69.428574,2.738992173486679,sleepy,head
towhead,2,tow+head ratingcmp=46.3,46.32143,1.592864137808441,tow,head
redheader,2,red+header ratingcmp=52.6,52.633335,0.0,red,header
doubleheader,2,double+header ratingcmp=63.0,63.0,2.194924129136403,double,header
doubleheaders,2,double+headers ratingcmp=58.0,58.0,1.43,double,headers
crossheading,2,cross+heading ratingcmp=63.8,63.793102,0.0,cross,heading
deadheads,2,dead+heads ratingcmp=52.8,52.80645,1.893894133472422,dead,heads
blackheads,2,black+heads ratingcmp=58.1,58.083332,2.069985392528103,black,heads
bulkheads,2,bulk+heads ratingcmp=45.8,45.78125,1.990804146480479,bulk,heads
figureheads,2,figure+heads ratingcmp=55.4,55.392857,1.768955396864122,figure,heads
loggerheads,2,logger+heads ratingcmp=43.8,43.799999,2.26,logger,heads
beachheads,2,beach+heads ratingcmp=48.2,48.200001,2.069985392528103,beach,heads
warheads,2,war+heads ratingcmp=43.0,43.0,3.210912234520534,war,heads
spearheads,2,spear+heads ratingcmp=69.1,69.083336,1.768955396864122,spear,heads
blockheads,2,block+heads ratingcmp=53.8,53.814816,2.194924129136403,block,heads
knuckleheads,2,knuckle+heads ratingcmp=40.7,40.67857,2.723197906303447,knuckle,heads
bridgeheads,2,bridge+heads ratingcmp=43.6,43.599998,1.4,bridge,heads
bullheads,2,bull+heads ratingcmp=67.0,66.954544,1.768955396864122,bull,heads
skinheads,2,skin+heads ratingcmp=54.1,54.07143,2.87161773876127,skin,heads
wellheads,2,well+heads ratingcmp=48.0,47.954544,1.38,well,heads
airheads,2,air+heads ratingcmp=51.3,51.279999,2.136932182158717,air,heads
bigheads,2,big+heads ratingcmp=63.4,63.416668,0.0,big,heads
hotheads,2,hot+heads ratingcmp=64.3,64.259262,2.371015388192085,hot,heads
fatheads,2,fat+heads ratingcmp=59.0,59.0,2.069985392528103,fat,heads
letterheads,2,letter+heads ratingcmp=44.4,44.360001,1.592864137808441,letter,heads
whiteheads,2,white+heads ratingcmp=49.9,49.913044,1.768955396864122,white,heads
fountainheads,2,fountain+heads ratingcmp=65.5,65.466667,0.0,fountain,heads
eggheads,2,egg+heads ratingcmp=58.2,58.190475,2.592864137808441,egg,heads
thunderheads,2,thunder+heads ratingcmp=37.3,37.307693,1.768955396864122,thunder,heads
copperheads,2,copper+heads ratingcmp=48.1,48.107143,1.893894133472422,copper,heads
hardheads,2,hard+heads ratingcmp=60.8,60.84,1.768955396864122,hard,heads
soreheads,2,sore+heads ratingcmp=65.0,65.0,0.0,sore,heads
pinheads,2,pin+heads ratingcmp=74.8,74.761902,2.29183414214446,pin,heads
boneheads,2,bone+heads ratingcmp=44.7,44.67857,1.990804146480479,bone,heads
swellheads,2,swell+heads ratingcmp=45.5,45.454544,0.0,swell,heads
hogsheads,2,hogs+heads ratingcmp=56.0,55.964287,1.61,hogs,heads
arrowheads,2,arrow+heads ratingcmp=87.3,87.344826,2.333226827302685,arrow,heads
mastheads,2,mast+heads ratingcmp=46.0,46.037037,1.592864137808441,mast,heads
potheads,2,pot+heads ratingcmp=58.5,58.47826,2.405777494451296,pot,heads
redheads,2,red+heads ratingcmp=87.3,87.258064,2.754232140043416,red,heads
towheads,2,tow+heads ratingcmp=40.9,40.854168,1.592864137808441,tow,heads
sleepyheads,2,sleepy+heads ratingcmp=80.6,80.559998,1.990804146480479,sleepy,heads
pitheads,2,pit+heads ratingcmp=33.0,32.959999,0.0,pit,heads
hammerheads,2,hammer+heads ratingcmp=62.8,62.846153,1.990804146480479,hammer,heads
maidenheads,2,maiden+heads ratingcmp=40.2,40.233334,0.0,maiden,heads
scrapheap,2,scrap+heap ratingcmp=63.2,63.166668,1.990804146480479,scrap,heap
muckheap,2,muck+heap ratingcmp=56.9,56.866665,0.0,muck,heap
slagheap,2,slag+heap ratingcmp=27.3,27.314285,1.592864137808441,slag,heap
scrapheaps,2,scrap+heaps ratingcmp=67.7,67.727272,0.0,scrap,heaps
blackheart,2,black+heart ratingcmp=56.5,56.5,1.98,black,heart
sweetheart,2,sweet+heart ratingcmp=67.8,67.775002,4.806780147452464,sweet,heart
sweethearts,2,sweet+hearts ratingcmp=56.0,56.0,3.36738110353699,sweet,hearts
peahen,2,pea+hen ratingcmp=28.4,28.360001,1.990804146480479,pea,hen
grayhen,2,gray+hen ratingcmp=50.0,50.041668,0.0,gray,hen
greyhen,2,grey+hen ratingcmp=48.5,48.458332,0.0,grey,hen
swamphen,2,swamp+hen ratingcmp=32.4,32.384617,0.0,swamp,hen
moorhen,2,moor+hen ratingcmp=35.0,35.041668,1.592864137808441,moor,hen
moorhens,2,moor+hens ratingcmp=47.9,47.916668,1.26,moor,hens
peahens,2,pea+hens ratingcmp=36.1,36.148148,1.23,pea,hens
cowherb,2,cow+herb ratingcmp=41.2,41.25,0.0,cow,herb
willowherb,2,willow+herb ratingcmp=57.7,57.709679,0.0,willow,herb
potherb,2,pot+herb ratingcmp=54.2,54.25,0.0,pot,herb
potherbs,2,pot+herbs ratingcmp=62.7,62.67857,0.0,pot,herbs
goatherd,2,goat+herd ratingcmp=61.4,61.435898,2.246076651583785,goat,herd
cowherd,2,cow+herd ratingcmp=76.9,76.903229,2.26,cow,herd
swineherd,2,swine+herd ratingcmp=48.5,48.53846,1.57,swine,herd
sheepherder,2,sheep+herder ratingcmp=93.8,93.75,2.371015388192085,sheep,herder
sheepherders,2,sheep+herders ratingcmp=89.4,89.42308,1.893894133472422,sheep,herders
swineherds,2,swine+herds ratingcmp=56.0,56.0,1.09,swine,herds
goatherds,2,goat+herds ratingcmp=66.9,66.909088,1.28,goat,herds
cowherds,2,cow+herds ratingcmp=90.4,90.440002,1.3,cow,herds
woodhewer,2,wood+hewer ratingcmp=35.0,35.0,0.0,wood,hewer
cowhide,2,cow+hide ratingcmp=55.5,55.477272,2.194924129136403,cow,hide
horsehide,2,horse+hide ratingcmp=56.5,56.51852,1.768955396864122,horse,hide
rawhide,2,raw+hide ratingcmp=57.4,57.384617,3.047708997816951,raw,hide
cowhides,2,cow+hides ratingcmp=71.2,71.239998,1.11,cow,hides
hitchhiker,2,hitch+hiker ratingcmp=67.3,67.344826,2.999404318242396,hitch,hiker
hitchhikers,2,hitch+hikers ratingcmp=55.2,55.16,2.754232140043416,hitch,hikers
dunghill,2,dung+hill ratingcmp=57.4,57.394737,1.990804146480479,dung,hill
downhill,2,down+hill ratingcmp=90.5,90.5,3.395637863100417,down,hill
foothill,2,foot+hill ratingcmp=40.0,40.0,2.069985392528103,foot,hill
muckhill,2,muck+hill ratingcmp=45.9,45.866665,0.0,muck,hill
anthill,2,ant+hill ratingcmp=79.1,79.07692,2.768955396864123,ant,hill
molehill,2,mole+hill ratingcmp=58.7,58.700001,2.495954124800384,mole,hill
foothills,2,foot+hills ratingcmp=59.7,59.689655,2.723197906303447,foot,hills
downhills,2,down+hills ratingcmp=85.9,85.916664,1.77,down,hills
molehills,2,mole+hills ratingcmp=66.2,66.199997,1.893894133472422,mole,hills
anthills,2,ant+hills ratingcmp=86.0,85.958336,2.136932182158717,ant,hills
dunghills,2,dung+hills ratingcmp=45.9,45.875,0.0,dung,hills
rosehip,2,rose+hip ratingcmp=39.4,39.407406,2.0,rose,hip
beehive,2,bee+hive ratingcmp=82.1,82.108109,2.945046655919803,bee,hive
beehives,2,bee+hives ratingcmp=87.1,87.148148,2.069985392528103,bee,hives
hollyhock,2,holly+hock ratingcmp=25.2,25.225,1.768955396864122,holly,hock
hollyhocks,2,holly+hocks ratingcmp=36.8,36.761906,2.194924129136403,holly,hocks
backhoe,2,back+hoe ratingcmp=34.1,34.111111,2.437962177822698,back,hoe
horseshoer,2,horses+hoer ratingcmp=30.3,30.307692,0.0,horses,hoer
backhoes,2,back+hoes ratingcmp=37.8,37.759998,1.592864137808441,back,hoes
roadhog,2,road+hog ratingcmp=52.4,52.370369,1.96,road,hog
groundhog,2,ground+hog ratingcmp=57.5,57.5,3.178324867316942,ground,hog
hedgehog,2,hedge+hog ratingcmp=37.4,37.410255,2.495954124800384,hedge,hog
warthog,2,wart+hog ratingcmp=32.8,32.756756,2.522283063522734,wart,hog
warthogs,2,wart+hogs ratingcmp=55.3,55.307693,1.893894133472422,wart,hogs
groundhogs,2,ground+hogs ratingcmp=71.7,71.720001,1.768955396864122,ground,hogs
hedgehogs,2,hedge+hogs ratingcmp=47.2,47.25,1.990804146480479,hedge,hogs
copyhold,2,copy+hold ratingcmp=45.5,45.5,1.592864137808441,copy,hold
stokehold,2,stoke+hold ratingcmp=39.3,39.260868,1.592864137808441,stoke,hold
toehold,2,toe+hold ratingcmp=43.6,43.628571,2.194924129136403,toe,hold
chokehold,2,choke+hold ratingcmp=85.2,85.151512,2.29,choke,hold
handhold,2,hand+hold ratingcmp=67.6,67.589745,1.893894133472422,hand,hold
foothold,2,foot+hold ratingcmp=56.7,56.659092,2.768955396864123,foot,hold
stranglehold,2,strangle+hold ratingcmp=78.3,78.26667,2.437962177822698,strangle,hold
stronghold,2,strong+hold ratingcmp=62.2,62.205128,3.077163977155227,strong,hold
leasehold,2,lease+hold ratingcmp=60.5,60.535713,2.51,lease,hold
household,2,house+hold ratingcmp=43.5,43.450001,3.842062495199554,house,hold
throttlehold,2,throttle+hold ratingcmp=48.3,48.347828,0.0,throttle,hold
safehold,2,safe+hold ratingcmp=69.7,69.666664,1.1,safe,hold
freehold,2,free+hold ratingcmp=51.0,50.964287,2.92,free,hold
leaseholder,2,lease+holder ratingcmp=89.7,89.724136,1.893894133472422,lease,holder
landholder,2,land+holder ratingcmp=82.0,81.966667,1.96,land,holder
householder,2,house+holder ratingcmp=69.7,69.709679,2.371015388192085,house,holder
potholder,2,pot+holder ratingcmp=86.7,86.652176,1.38,pot,holder
cardholder,2,card+holder ratingcmp=88.8,88.809525,1.990804146480479,card,holder
withholder,2,with+holder ratingcmp=53.7,53.653847,1.592864137808441,with,holder
freeholder,2,free+holder ratingcmp=52.7,52.677418,2.22,free,holder
bondholder,2,bond+holder ratingcmp=74.9,74.9375,1.84,bond,holder
shareholder,2,share+holder ratingcmp=52.8,52.783783,2.738992173486679,share,holder
policyholder,2,policy+holder ratingcmp=79.4,79.416664,1.893894133472422,policy,holder
jobholder,2,job+holder ratingcmp=78.2,78.222221,0.0,job,holder
stockholder,2,stock+holder ratingcmp=78.1,78.052635,2.954591973826034,stock,holder
placeholder,2,place+holder ratingcmp=73.8,73.807693,2.069985392528103,place,holder
copyholder,2,copy+holder ratingcmp=64.3,64.333336,0.0,copy,holder
stakeholder,2,stake+holder ratingcmp=69.8,69.793106,3.01,stake,holder
smallholder,2,small+holder ratingcmp=62.9,62.862068,2.29,small,holder
slaveholder,2,slave+holder ratingcmp=67.9,67.85714,1.768955396864122,slave,holder
officeholder,2,office+holder ratingcmp=72.9,72.866669,1.77,office,holder
freeholders,2,free+holders ratingcmp=62.7,62.709679,1.768955396864122,free,holders
landholders,2,land+holders ratingcmp=70.6,70.599998,2.35,land,holders
smallholders,2,small+holders ratingcmp=63.0,63.0,2.24,small,holders
officeholders,2,office+holders ratingcmp=73.9,73.866669,2.16,office,holders
stockholders,2,stock+holders ratingcmp=85.3,85.26667,3.363716149450585,stock,holders
bondholders,2,bond+holders ratingcmp=76.5,76.5,2.78,bond,holders
jobholders,2,job+holders ratingcmp=82.8,82.807693,0.0,job,holders
potholders,2,pot+holders ratingcmp=64.2,64.178574,2.405777494451296,pot,holders
shareholders,2,share+holders ratingcmp=80.5,80.5,2.982030222172974,share,holders
stakeholders,2,stake+holders ratingcmp=62.2,62.25,1.592864137808441,stake,holders
slaveholders,2,slave+holders ratingcmp=66.6,66.559998,1.592864137808441,slave,holders
placeholders,2,place+holders ratingcmp=77.5,77.519997,2.15,place,holders
leaseholders,2,lease+holders ratingcmp=81.4,81.416664,1.768955396864122,lease,holders
householders,2,house+holders ratingcmp=70.0,69.965515,2.68,house,holders
policyholders,2,policy+holders ratingcmp=77.9,77.884613,1.592864137808441,policy,holders
slaveholding,2,slave+holding ratingcmp=44.3,44.32,1.88,slave,holding
landholding,2,land+holding ratingcmp=65.7,65.708336,1.89,land,holding
smallholding,2,small+holding ratingcmp=55.7,55.703705,1.97,small,holding
stockholding,2,stock+holding ratingcmp=67.5,67.5,1.31,stock,holding
shareholding,2,share+holding ratingcmp=69.2,69.166664,2.74,share,holding
smallholdings,2,small+holdings ratingcmp=63.9,63.925926,1.73,small,holdings
shareholdings,2,share+holdings ratingcmp=59.3,59.333332,2.1,share,holdings
stockholdings,2,stock+holdings ratingcmp=61.2,61.200001,0.0,stock,holdings
landholdings,2,land+holdings ratingcmp=68.8,68.760002,1.99,land,holdings
freeholds,2,free+holds ratingcmp=54.3,54.333332,1.592864137808441,free,holds
leaseholds,2,lease+holds ratingcmp=46.8,46.807693,1.41,lease,holds
handholds,2,hand+holds ratingcmp=64.6,64.639999,1.65,hand,holds
strangleholds,2,strangle+holds ratingcmp=65.0,65.0,0.0,strangle,holds
footholds,2,foot+holds ratingcmp=67.6,67.625,2.01,foot,holds
toeholds,2,toe+holds ratingcmp=55.5,55.5,0.0,toe,holds
strongholds,2,strong+holds ratingcmp=62.0,61.979168,1.768955396864122,strong,holds
households,2,house+holds ratingcmp=48.4,48.366665,2.723197906303447,house,holds
wormhole,2,worm+hole ratingcmp=51.5,51.513512,3.28746933674201,worm,hole
bunghole,2,bung+hole ratingcmp=54.4,54.375,2.823313059186715,bung,hole
posthole,2,post+hole ratingcmp=47.6,47.607143,1.990804146480479,post,hole
foxhole,2,fox+hole ratingcmp=53.6,53.641026,2.982030222172974,fox,hole
armhole,2,arm+hole ratingcmp=72.7,72.724136,1.54,arm,hole
sinkhole,2,sink+hole ratingcmp=83.7,83.689651,2.522283063522734,sink,hole
stokehole,2,stoke+hole ratingcmp=37.0,37.033333,0.0,stoke,hole
cubbyhole,2,cubby+hole ratingcmp=69.1,69.103447,2.069985392528103,cubby,hole
rathole,2,rat+hole ratingcmp=71.5,71.518517,2.547106647247766,rat,hole
plughole,2,plug+hole ratingcmp=75.6,75.583336,1.51,plug,hole
spyhole,2,spy+hole ratingcmp=78.0,78.047623,0.0,spy,hole
buttonhole,2,button+hole ratingcmp=70.9,70.947365,2.371015388192085,button,hole
thumbhole,2,thumb+hole ratingcmp=64.4,64.36364,1.768955396864122,thumb,hole
pigeonhole,2,pigeon+hole ratingcmp=30.8,30.799999,1.990804146480479,pigeon,hole
knothole,2,knot+hole ratingcmp=48.7,48.650002,2.136932182158717,knot,hole
loophole,2,loop+hole ratingcmp=42.9,42.891891,3.016110011745249,loop,hole
cakehole,2,cake+hole ratingcmp=54.0,53.967743,1.01,cake,hole
manhole,2,man+hole ratingcmp=42.0,42.025642,2.882898749170959,man,hole
pinhole,2,pin+hole ratingcmp=73.9,73.884613,2.405777494451296,pin,hole
pothole,2,pot+hole ratingcmp=49.2,49.205128,2.706807490115278,pot,hole
pesthole,2,pest+hole ratingcmp=54.0,54.040001,1.768955396864122,pest,hole
asshole,2,ass+hole ratingcmp=79.4,79.39286,4.78917852316204,ass,hole
peephole,2,peep+hole ratingcmp=84.8,84.793106,2.689774150816497,peep,hole
coalhole,2,coal+hole ratingcmp=45.6,45.620689,0.0,coal,hole
eyehole,2,eye+hole ratingcmp=88.5,88.466667,0.0,eye,hole
venthole,2,vent+hole ratingcmp=74.7,74.741936,0.0,vent,hole
blowhole,2,blow+hole ratingcmp=75.6,75.580643,1.893894133472422,blow,hole
keyhole,2,key+hole ratingcmp=85.4,85.400002,3.024227901967429,key,hole
chuckhole,2,chuck+hole ratingcmp=43.8,43.827587,0.0,chuck,hole
arsehole,2,arse+hole ratingcmp=76.8,76.839996,2.614053436878379,arse,hole
hellhole,2,hell+hole ratingcmp=69.2,69.199997,3.189461233434901,hell,hole
porthole,2,port+hole ratingcmp=50.7,50.666668,2.754232140043416,port,hole
armholes,2,arm+holes ratingcmp=79.1,79.120003,1.52,arm,holes
chuckholes,2,chuck+holes ratingcmp=31.4,31.366667,0.0,chuck,holes
hellholes,2,hell+holes ratingcmp=69.4,69.36364,1.893894133472422,hell,holes
bungholes,2,bung+holes ratingcmp=40.3,40.26923,1.768955396864122,bung,holes
portholes,2,port+holes ratingcmp=60.8,60.777779,2.069985392528103,port,holes
buttonholes,2,button+holes ratingcmp=89.7,89.689651,1.893894133472422,button,holes
manholes,2,man+holes ratingcmp=61.7,61.714287,1.893894133472422,man,holes
pinholes,2,pin+holes ratingcmp=81.5,81.535713,2.069985392528103,pin,holes
keyholes,2,key+holes ratingcmp=87.5,87.545456,2.495954124800384,key,holes
blowholes,2,blow+holes ratingcmp=71.2,71.208336,1.57,blow,holes
peepholes,2,peep+holes ratingcmp=79.0,78.954544,1.893894133472422,peep,holes
loopholes,2,loop+holes ratingcmp=58.4,58.413792,2.783195835978733,loop,holes
knotholes,2,knot+holes ratingcmp=63.1,63.090908,0.0,knot,holes
pigeonholes,2,pigeon+holes ratingcmp=61.8,61.791668,1.592864137808441,pigeon,holes
wormholes,2,worm+holes ratingcmp=61.3,61.296295,2.754232140043416,worm,holes
potholes,2,pot+holes ratingcmp=63.1,63.125,2.689774150816497,pot,holes
foxholes,2,fox+holes ratingcmp=73.1,73.068962,2.634256822966666,fox,holes
cubbyholes,2,cubby+holes ratingcmp=60.8,60.799999,1.592864137808441,cubby,holes
sinkholes,2,sink+holes ratingcmp=84.0,84.03846,1.990804146480479,sink,holes
plugholes,2,plug+holes ratingcmp=80.5,80.518517,0.0,plug,holes
pigeonholing,2,pigeon+holing ratingcmp=35.3,35.291668,1.55,pigeon,holing
monkshood,2,monks+hood ratingcmp=35.3,35.279999,1.768955396864122,monks,hood
childhoods,2,child+hoods ratingcmp=57.7,57.720001,2.246076651583785,child,hoods
boyhoods,2,boy+hoods ratingcmp=66.4,66.448273,0.0,boy,hoods
skyhook,2,sky+hook ratingcmp=34.7,34.666668,1.893894133472422,sky,hook
fishhook,2,fish+hook ratingcmp=83.7,83.714287,1.768955396864122,fish,hook
billhook,2,bill+hook ratingcmp=47.5,47.535713,1.31,bill,hook
tenterhook,2,tenter+hook ratingcmp=34.6,34.612904,0.0,tenter,hook
pothook,2,pot+hook ratingcmp=52.2,52.25,0.0,pot,hook
ravehook,2,rave+hook ratingcmp=33.6,33.629631,0.0,rave,hook
buttonhook,2,button+hook ratingcmp=47.6,47.62162,1.893894133472422,button,hook
billhooks,2,bill+hooks ratingcmp=28.1,28.115385,1.592864137808441,bill,hooks
fishhooks,2,fish+hooks ratingcmp=78.8,78.785713,2.069985392528103,fish,hooks
pothooks,2,pot+hooks ratingcmp=54.7,54.666668,0.0,pot,hooks
tenterhooks,2,tenter+hooks ratingcmp=35.6,35.599998,1.768955396864122,tenter,hooks
carhop,2,car+hop ratingcmp=41.2,41.214287,1.768955396864122,car,hop
bellhop,2,bell+hop ratingcmp=31.5,31.526316,2.835902186494736,bell,hop
planthopper,2,plant+hopper ratingcmp=49.3,49.303032,1.54,plant,hopper
froghopper,2,frog+hopper ratingcmp=51.7,51.666668,0.0,frog,hopper
leafhopper,2,leaf+hopper ratingcmp=61.0,60.967743,1.74,leaf,hopper
grasshopper,2,grass+hopper ratingcmp=62.6,62.594593,2.973075379520047,grass,hopper
sandhopper,2,sand+hopper ratingcmp=52.1,52.129032,0.0,sand,hopper
clodhopper,2,clod+hopper ratingcmp=31.0,30.975,1.592864137808441,clod,hopper
treehopper,2,tree+hopper ratingcmp=65.1,65.115387,0.0,tree,hopper
clodhoppers,2,clod+hoppers ratingcmp=36.6,36.5625,1.893894133472422,clod,hoppers
grasshoppers,2,grass+hoppers ratingcmp=67.1,67.133331,2.882898749170959,grass,hoppers
carhops,2,car+hops ratingcmp=47.9,47.866665,0.0,car,hops
bellhops,2,bell+hops ratingcmp=41.3,41.333332,2.246076651583785,bell,hops
pronghorn,2,prong+horn ratingcmp=44.3,44.299999,2.0,prong,horn
foghorn,2,fog+horn ratingcmp=56.0,55.972973,2.405777494451296,fog,horn
saxhorn,2,sax+horn ratingcmp=47.8,47.807693,0.0,sax,horn
bighorn,2,big+horn ratingcmp=84.0,84.03846,2.689774150816497,big,horn
longhorn,2,long+horn ratingcmp=72.8,72.80645,2.522283063522734,long,horn
greenhorn,2,green+horn ratingcmp=31.1,31.057142,2.547106647247766,green,horn
stockhorn,2,stock+horn ratingcmp=41.4,41.363636,0.0,stock,horn
bullhorn,2,bull+horn ratingcmp=64.7,64.708336,2.672045383856066,bull,horn
shorthorn,2,short+horn ratingcmp=72.2,72.190475,1.592864137808441,short,horn
stinkhorn,2,stink+horn ratingcmp=42.3,42.266666,1.05,stink,horn
shoehorn,2,shoe+horn ratingcmp=36.3,36.325001,2.437962177822698,shoe,horn
bullhorns,2,bull+horns ratingcmp=72.8,72.833336,1.768955396864122,bull,horns
shorthorns,2,short+horns ratingcmp=55.1,55.080002,1.592864137808441,short,horns
greenhorns,2,green+horns ratingcmp=33.3,33.279999,1.893894133472422,green,horns
foghorns,2,fog+horns ratingcmp=64.2,64.185188,1.592864137808441,fog,horns
bighorns,2,big+horns ratingcmp=77.1,77.120003,1.592864137808441,big,horns
pronghorns,2,prong+horns ratingcmp=41.4,41.433334,1.38,prong,horns
longhorns,2,long+horns ratingcmp=73.7,73.724136,2.371015388192085,long,horns
shoehorns,2,shoe+horns ratingcmp=50.4,50.370369,1.893894133472422,shoe,horns
seahorse,2,sea+horse ratingcmp=57.4,57.410255,2.194924129136403,sea,horse
clotheshorse,2,clothes+horse ratingcmp=28.1,28.108109,1.768955396864122,clothes,horse
hobbyhorse,2,hobby+horse ratingcmp=35.0,35.0,1.893894133472422,hobby,horse
carthorse,2,cart+horse ratingcmp=73.6,73.620689,1.08,cart,horse
drayhorse,2,dray+horse ratingcmp=27.2,27.192308,0.0,dray,horse
packhorse,2,pack+horse ratingcmp=52.2,52.157894,1.592864137808441,pack,horse
redhorse,2,red+horse ratingcmp=62.3,62.344826,1.29,red,horse
cockhorse,2,cock+horse ratingcmp=36.1,36.133335,1.768955396864122,cock,horse
workhorse,2,work+horse ratingcmp=72.7,72.655174,2.069985392528103,work,horse
warhorse,2,war+horse ratingcmp=70.1,70.074997,2.405777494451296,war,horse
racehorse,2,race+horse ratingcmp=86.9,86.864868,3.069985392528104,race,horse
sawhorse,2,saw+horse ratingcmp=45.4,45.387096,1.592864137808441,saw,horse
studhorse,2,stud+horse ratingcmp=47.7,47.666668,0.0,stud,horse
workhorses,2,work+horses ratingcmp=73.1,73.104164,1.97,work,horses
hobbyhorses,2,hobby+horses ratingcmp=45.7,45.700001,1.03,hobby,horses
clotheshorses,2,clothes+horses ratingcmp=27.2,27.200001,0.0,clothes,horses
racehorses,2,race+horses ratingcmp=93.6,93.57692,2.547106647247766,race,horses
warhorses,2,war+horses ratingcmp=70.9,70.92308,2.069985392528103,war,horses
seahorses,2,sea+horses ratingcmp=60.0,59.966667,2.2,sea,horses
carthorses,2,cart+horses ratingcmp=65.6,65.565216,0.0,cart,horses
sawhorses,2,saw+horses ratingcmp=37.8,37.76923,1.893894133472422,saw,horses
boothose,2,boot+hose ratingcmp=44.9,44.931034,0.0,boot,hose
pantyhose,2,panty+hose ratingcmp=42.8,42.759998,3.236316814294629,panty,hose
deerhound,2,deer+hound ratingcmp=55.3,55.299999,1.3,deer,hound
boarhound,2,boar+hound ratingcmp=48.2,48.166668,0.0,boar,hound
coonhound,2,coon+hound ratingcmp=38.4,38.42857,1.893894133472422,coon,hound
wolfhound,2,wolf+hound ratingcmp=60.0,59.974998,1.592864137808441,wolf,hound
bloodhound,2,blood+hound ratingcmp=44.7,44.666668,2.999404318242396,blood,hound
elkhound,2,elk+hound ratingcmp=47.1,47.0625,1.24,elk,hound
foxhound,2,fox+hound ratingcmp=61.7,61.714287,1.768955396864122,fox,hound
smoothhound,2,smooth+hound ratingcmp=47.0,46.969696,0.0,smooth,hound
greyhound,2,grey+hound ratingcmp=62.6,62.615383,2.963932000080177,grey,hound
hellhound,2,hell+hound ratingcmp=57.0,57.0,1.893894133472422,hell,hound
otterhound,2,otter+hound ratingcmp=41.5,41.47826,0.0,otter,hound
staghound,2,stag+hound ratingcmp=46.0,45.958332,0.0,stag,hound
sleuthhound,2,sleuth+hound ratingcmp=40.8,40.833332,1.592864137808441,sleuth,hound
wolfhounds,2,wolf+hounds ratingcmp=79.7,79.720001,1.74,wolf,hounds
greyhounds,2,grey+hounds ratingcmp=73.7,73.714287,2.371015388192085,grey,hounds
foxhounds,2,fox+hounds ratingcmp=61.6,61.599998,1.64,fox,hounds
bloodhounds,2,blood+hounds ratingcmp=51.7,51.689655,2.823313059186715,blood,hounds
bakehouse,2,bake+house ratingcmp=72.9,72.900002,1.94,bake,house
customshouse,2,customs+house ratingcmp=54.6,54.633335,1.12,customs,house
porterhouse,2,porter+house ratingcmp=41.7,41.736843,2.835902186494736,porter,house
whorehouse,2,whore+house ratingcmp=87.5,87.5,3.194924129136404,whore,house
summerhouse,2,summer+house ratingcmp=84.9,84.89286,2.653561978162053,summer,house
clubhouse,2,club+house ratingcmp=71.8,71.828575,3.210912234520534,club,house
customhouse,2,custom+house ratingcmp=81.9,81.931038,1.59,custom,house
warehouse,2,ware+house ratingcmp=52.4,52.358974,3.999404318242396,ware,house
birdhouse,2,bird+house ratingcmp=88.4,88.40741,2.437962177822698,bird,house
greenhouse,2,green+house ratingcmp=44.4,44.432434,3.34491258562788,green,house
cardhouse,2,card+house ratingcmp=73.0,72.966667,0.0,card,house
toolhouse,2,tool+house ratingcmp=76.6,76.599998,0.0,tool,house
glasshouse,2,glass+house ratingcmp=74.8,74.775002,1.592864137808441,glass,house
blockhouse,2,block+house ratingcmp=55.8,55.789474,2.371015388192085,block,house
pesthouse,2,pest+house ratingcmp=64.1,64.133331,0.0,pest,house
cookhouse,2,cook+house ratingcmp=81.7,81.720001,1.592864137808441,cook,house
flophouse,2,flop+house ratingcmp=33.4,33.363636,2.547106647247766,flop,house
nuthouse,2,nut+house ratingcmp=35.3,35.282051,2.963932000080177,nut,house
steakhouse,2,steak+house ratingcmp=73.9,73.85714,2.634256822966666,steak,house
playhouse,2,play+house ratingcmp=89.6,89.580643,2.823313059186715,play,house
boathouse,2,boat+house ratingcmp=79.5,79.486488,2.893894133472422,boat,house
charterhouse,2,charter+house ratingcmp=57.6,57.639999,2.3,charter,house
tollhouse,2,toll+house ratingcmp=51.1,51.051281,1.768955396864122,toll,house
teahouse,2,tea+house ratingcmp=62.1,62.075001,2.925302597724047,tea,house
icehouse,2,ice+house ratingcmp=64.9,64.86364,2.29183414214446,ice,house
firehouse,2,fire+house ratingcmp=53.8,53.807693,3.091174691598042,fire,house
bathhouse,2,bath+house ratingcmp=85.0,85.035713,2.723197906303447,bath,house
slaughterhouse,2,slaughter+house ratingcmp=88.4,88.419357,3.104747498787316,slaughter,house
jailhouse,2,jail+house ratingcmp=85.7,85.653847,3.136932182158717,jail,house
madhouse,2,mad+house ratingcmp=52.1,52.051281,3.124343054850696,mad,house
poorhouse,2,poor+house ratingcmp=44.2,44.150002,2.437962177822698,poor,house
washhouse,2,wash+house ratingcmp=82.5,82.5,1.43,wash,house
lighthouse,2,light+house ratingcmp=80.4,80.435898,3.490491229098883,light,house
henhouse,2,hen+house ratingcmp=81.1,81.148148,2.614053436878379,hen,house
barrelhouse,2,barrel+house ratingcmp=56.2,56.25,1.990804146480479,barrel,house
lamphouse,2,lamp+house ratingcmp=57.4,57.360001,0.0,lamp,house
chophouse,2,chop+house ratingcmp=56.7,56.710526,1.990804146480479,chop,house
coffeehouse,2,coffee+house ratingcmp=87.6,87.559998,2.848136642911747,coffee,house
meetinghouse,2,meeting+house ratingcmp=68.1,68.054054,1.592864137808441,meeting,house
bawdyhouse,2,bawdy+house ratingcmp=36.2,36.166668,0.0,bawdy,house
taphouse,2,tap+house ratingcmp=67.4,67.375,1.57,tap,house
pothouse,2,pot+house ratingcmp=40.3,40.307693,1.592864137808441,pot,house
guardhouse,2,guard+house ratingcmp=77.4,77.421051,2.860035866211455,guard,house
gatehouse,2,gate+house ratingcmp=58.7,58.729729,2.246076651583785,gate,house
roadhouse,2,road+house ratingcmp=52.1,52.051281,2.882898749170959,road,house
storehouse,2,store+house ratingcmp=64.7,64.666664,2.522283063522734,store,house
posthouse,2,post+house ratingcmp=65.9,65.888885,0.0,post,house
pilothouse,2,pilot+house ratingcmp=59.1,59.142857,1.990804146480479,pilot,house
alehouse,2,ale+house ratingcmp=60.3,60.272728,1.592864137808441,ale,house
guesthouse,2,guest+house ratingcmp=81.6,81.62162,2.882898749170959,guest,house
dollhouse,2,doll+house ratingcmp=85.9,85.918922,2.653561978162053,doll,house
courthouse,2,court+house ratingcmp=80.2,80.199997,3.645942581291861,court,house
packinghouse,2,packing+house ratingcmp=62.0,62.0,1.768955396864122,packing,house
farmhouse,2,farm+house ratingcmp=83.7,83.692307,3.124343054850696,farm,house
workhouse,2,work+house ratingcmp=80.1,80.068962,2.522283063522734,work,house
wheelhouse,2,wheel+house ratingcmp=58.6,58.642857,2.333226827302685,wheel,house
countinghouse,2,counting+house ratingcmp=46.9,46.857143,1.592864137808441,counting,house
powerhouse,2,power+house ratingcmp=51.2,51.159092,2.754232140043416,power,house
dosshouse,2,doss+house ratingcmp=35.6,35.592594,0.0,doss,house
roundhouse,2,round+house ratingcmp=43.7,43.674999,2.29183414214446,round,house
chapterhouse,2,chapter+house ratingcmp=40.2,40.166668,1.51,chapter,house
cathouse,2,cat+house ratingcmp=77.6,77.625,2.796984120464366,cat,house
doghouse,2,dog+house ratingcmp=85.2,85.224998,3.055262135707397,dog,house
boardinghouse,2,boarding+house ratingcmp=73.8,73.800003,2.136932182158717,boarding,house
hothouse,2,hot+house ratingcmp=57.1,57.085712,2.522283063522734,hot,house
schoolhouse,2,school+house ratingcmp=69.1,69.051285,3.055262135707397,school,house
cowhouse,2,cow+house ratingcmp=68.2,68.222221,0.0,cow,house
smokehouse,2,smoke+house ratingcmp=76.1,76.068962,2.570587743097289,smoke,house
summerhouses,2,summer+houses ratingcmp=84.6,84.599998,1.768955396864122,summer,houses
warehouses,2,ware+houses ratingcmp=67.2,67.25,2.835902186494736,ware,houses
cookhouses,2,cook+houses ratingcmp=80.4,80.416664,0.0,cook,houses
guardhouses,2,guard+houses ratingcmp=66.2,66.178574,1.768955396864122,guard,houses
guesthouses,2,guest+houses ratingcmp=82.4,82.370369,1.592864137808441,guest,houses
blockhouses,2,block+houses ratingcmp=61.5,61.51852,1.592864137808441,block,houses
hothouses,2,hot+houses ratingcmp=66.5,66.458336,1.5,hot,houses
packinghouses,2,packing+houses ratingcmp=58.1,58.086956,0.0,packing,houses
boardinghouses,2,boarding+houses ratingcmp=70.0,70.035713,1.01,boarding,houses
customhouses,2,custom+houses ratingcmp=76.4,76.36364,0.0,custom,houses
playhouses,2,play+houses ratingcmp=88.7,88.71875,1.893894133472422,play,houses
birdhouses,2,bird+houses ratingcmp=95.9,95.909088,1.81,bird,houses
smokehouses,2,smoke+houses ratingcmp=72.6,72.57692,1.24,smoke,houses
chophouses,2,chop+houses ratingcmp=63.9,63.880001,1.592864137808441,chop,houses
gatehouses,2,gate+houses ratingcmp=75.5,75.5,1.09,gate,houses
madhouses,2,mad+houses ratingcmp=66.4,66.416664,1.16,mad,houses
coffeehouses,2,coffee+houses ratingcmp=80.4,80.360001,1.893894133472422,coffee,houses
lighthouses,2,light+houses ratingcmp=84.8,84.793106,2.437962177822698,light,houses
teahouses,2,tea+houses ratingcmp=77.7,77.6875,1.64,tea,houses
slaughterhouses,2,slaughter+houses ratingcmp=85.6,85.615387,2.405777494451296,slaughter,houses
doghouses,2,dog+houses ratingcmp=88.5,88.458336,0.0,dog,houses
dosshouses,2,doss+houses ratingcmp=31.0,31.0,0.0,doss,houses
firehouses,2,fire+houses ratingcmp=65.9,65.933334,1.990804146480479,fire,houses
schoolhouses,2,school+houses ratingcmp=71.8,71.777779,1.990804146480479,school,houses
roadhouses,2,road+houses ratingcmp=73.5,73.545456,1.3,road,houses
porterhouses,2,porter+houses ratingcmp=44.4,44.400002,1.592864137808441,porter,houses
dollhouses,2,doll+houses ratingcmp=90.9,90.919998,1.893894133472422,doll,houses
courthouses,2,court+houses ratingcmp=82.0,81.964287,1.592864137808441,court,houses
jailhouses,2,jail+houses ratingcmp=86.7,86.714287,0.0,jail,houses
pilothouses,2,pilot+houses ratingcmp=60.0,60.047619,0.0,pilot,houses
farmhouses,2,farm+houses ratingcmp=90.6,90.625,2.069985392528103,farm,houses
poorhouses,2,poor+houses ratingcmp=73.2,73.222221,1.768955396864122,poor,houses
powerhouses,2,power+houses ratingcmp=67.8,67.807693,1.893894133472422,power,houses
meetinghouses,2,meeting+houses ratingcmp=78.8,78.777779,1.09,meeting,houses
boathouses,2,boat+houses ratingcmp=84.4,84.379311,1.33,boat,houses
roundhouses,2,round+houses ratingcmp=41.8,41.785713,1.62,round,houses
flophouses,2,flop+houses ratingcmp=40.8,40.814816,1.893894133472422,flop,houses
steakhouses,2,steak+houses ratingcmp=78.6,78.599998,1.92,steak,houses
alehouses,2,ale+houses ratingcmp=70.0,70.0,1.2,ale,houses
bathhouses,2,bath+houses ratingcmp=73.5,73.464287,2.136932182158717,bath,houses
clubhouses,2,club+houses ratingcmp=66.3,66.285713,1.768955396864122,club,houses
storehouses,2,store+houses ratingcmp=69.8,69.758621,1.893894133472422,store,houses
nuthouses,2,nut+houses ratingcmp=60.7,60.655174,0.0,nut,houses
greenhouses,2,green+houses ratingcmp=47.8,47.799999,1.990804146480479,green,houses
whorehouses,2,whore+houses ratingcmp=74.1,74.148148,2.333226827302685,whore,houses
workhouses,2,work+houses ratingcmp=85.6,85.64286,1.990804146480479,work,houses
glasshouses,2,glass+houses ratingcmp=76.5,76.464287,1.91,glass,houses
wheelhouses,2,wheel+houses ratingcmp=58.8,58.75,0.0,wheel,houses
warehousing,2,ware+housing ratingcmp=61.2,61.172413,1.893894133472422,ware,housing
manhunt,2,man+hunt ratingcmp=83.0,83.0,3.091174691598042,man,hunt
foxhunt,2,fox+hunt ratingcmp=69.4,69.405403,1.893894133472422,fox,hunt
headhunter,2,head+hunter ratingcmp=53.2,53.23077,2.29183414214446,head,hunter
pothunter,2,pot+hunter ratingcmp=36.8,36.76923,0.0,pot,hunter
headhunters,2,head+hunters ratingcmp=51.3,51.259258,2.495954124800384,head,hunters
manhunts,2,man+hunts ratingcmp=77.8,77.782608,1.768955396864122,man,hunts
foxhunts,2,fox+hunts ratingcmp=78.7,78.689651,0.0,fox,hunts
househusband,2,house+husband ratingcmp=72.8,72.821426,1.768955396864122,house,husband
househusbands,2,house+husbands ratingcmp=70.4,70.42308,1.06,house,husbands
cornhusk,2,corn+husk ratingcmp=66.0,66.0,0.0,corn,husk
cornhusker,2,corn+husker ratingcmp=64.4,64.400002,1.67,corn,husker
cornhusking,2,corn+husking ratingcmp=64.1,64.125,0.0,corn,husking
afterimage,2,after+image ratingcmp=69.3,69.285713,1.768955396864122,after,image
afterimages,2,after+images ratingcmp=84.2,84.166664,1.41,after,images
flatiron,2,flat+iron ratingcmp=65.0,64.964287,2.136932182158717,flat,iron
gridiron,2,grid+iron ratingcmp=41.1,41.051281,1.893894133472422,grid,iron
midiron,2,mid+iron ratingcmp=46.0,46.0,0.0,mid,iron
gridirons,2,grid+irons ratingcmp=58.8,58.75,0.0,grid,irons
flatirons,2,flat+irons ratingcmp=77.0,77.033333,1.57,flat,irons
crossjack,2,cross+jack ratingcmp=43.1,43.136364,1.592864137808441,cross,jack
applejack,2,apple+jack ratingcmp=39.9,39.880001,2.768955396864123,apple,jack
supplejack,2,supple+jack ratingcmp=33.2,33.166668,0.0,supple,jack
crackerjack,2,cracker+jack ratingcmp=33.7,33.653847,2.706807490115278,cracker,jack
steeplejack,2,steeple+jack ratingcmp=29.5,29.526316,1.592864137808441,steeple,jack
natterjack,2,natter+jack ratingcmp=31.2,31.25,1.32,natter,jack
cheapjack,2,cheap+jack ratingcmp=35.3,35.324326,1.592864137808441,cheap,jack
flapjack,2,flap+jack ratingcmp=32.5,32.526318,2.437962177822698,flap,jack
leatherjack,2,leather+jack ratingcmp=63.3,63.344826,0.0,leather,jack
skipjack,2,skip+jack ratingcmp=34.8,34.82143,1.893894133472422,skip,jack
lumberjack,2,lumber+jack ratingcmp=44.4,44.432434,2.754232140043416,lumber,jack
blackjack,2,black+jack ratingcmp=38.3,38.325001,3.611980428255514,black,jack
bootjack,2,boot+jack ratingcmp=38.6,38.560001,0.0,boot,jack
amberjack,2,amber+jack ratingcmp=35.1,35.090908,1.64,amber,jack
highjack,2,high+jack ratingcmp=33.8,33.833332,1.592864137808441,high,jack
straightjacket,2,straight+jacket ratingcmp=63.7,63.739132,2.194924129136403,straight,jacket
bluejacket,2,blue+jacket ratingcmp=46.3,46.285713,1.768955396864122,blue,jacket
straitjacket,2,strait+jacket ratingcmp=39.1,39.090908,2.925302597724047,strait,jacket
leatherjacket,2,leather+jacket ratingcmp=89.8,89.846153,1.893894133472422,leather,jacket
bluejackets,2,blue+jackets ratingcmp=67.4,67.400002,1.8,blue,jackets
straitjackets,2,strait+jackets ratingcmp=47.1,47.090908,2.371015388192085,strait,jackets
highjacking,2,high+jacking ratingcmp=44.4,44.444443,1.05,high,jacking
carjacking,2,car+jacking ratingcmp=69.4,69.440002,2.495954124800384,car,jacking
blackjacks,2,black+jacks ratingcmp=48.1,48.083332,2.069985392528103,black,jacks
lumberjacks,2,lumber+jacks ratingcmp=62.2,62.153847,2.437962177822698,lumber,jacks
flapjacks,2,flap+jacks ratingcmp=38.8,38.799999,2.570587743097289,flap,jacks
crackerjacks,2,cracker+jacks ratingcmp=32.4,32.357143,2.136932182158717,cracker,jacks
steeplejacks,2,steeple+jacks ratingcmp=35.7,35.677418,0.0,steeple,jacks
logjam,2,log+jam ratingcmp=44.2,44.179485,1.990804146480479,log,jam
doorjamb,2,door+jamb ratingcmp=66.0,66.041664,1.990804146480479,door,jamb
doorjambs,2,door+jambs ratingcmp=53.6,53.639999,1.592864137808441,door,jambs
windjammer,2,wind+jammer ratingcmp=57.9,57.903225,2.495954124800384,wind,jammer
logjams,2,log+jams ratingcmp=44.0,43.959999,1.23,log,jams
nightjar,2,night+jar ratingcmp=47.6,47.592594,2.02,night,jar
jamjar,2,jam+jar ratingcmp=85.6,85.566666,0.0,jam,jar
lockjaw,2,lock+jaw ratingcmp=76.8,76.827583,2.467925401200141,lock,jaw
tearjerker,2,tear+jerker ratingcmp=45.8,45.828571,2.069985392528103,tear,jerker
jumbojet,2,jumbo+jet ratingcmp=88.2,88.214287,0.0,jumbo,jet
fanjet,2,fan+jet ratingcmp=41.6,41.607143,1.592864137808441,fan,jet
bubblejet,2,bubble+jet ratingcmp=57.9,57.862068,0.0,bubble,jet
propjet,2,prop+jet ratingcmp=43.1,43.119999,0.0,prop,jet
ramjet,2,ram+jet ratingcmp=21.7,21.708334,2.069985392528103,ram,jet
twinjet,2,twin+jet ratingcmp=73.1,73.074074,0.0,twin,jet
ramjets,2,ram+jets ratingcmp=27.1,27.08,1.592864137808441,ram,jets
blowjob,2,blow+job ratingcmp=43.7,43.666668,3.210912234520534,blow,job
stockjobber,2,stock+jobber ratingcmp=34.5,34.533333,0.0,stock,jobber
killjoy,2,kill+joy ratingcmp=60.0,59.972973,2.689774150816497,kill,joy
killjoys,2,kill+joys ratingcmp=67.1,67.074074,1.592864137808441,kill,joys
showjumping,2,show+jumping ratingcmp=70.5,70.516129,1.89,show,jumping
barkeep,2,bar+keep ratingcmp=68.2,68.225807,2.999404318242396,bar,keep
beekeeper,2,bee+keeper ratingcmp=85.4,85.384613,2.29183414214446,bee,keeper
timekeeper,2,time+keeper ratingcmp=73.7,73.650002,2.136932182158717,time,keeper
groundskeeper,2,grounds+keeper ratingcmp=80.9,80.928574,2.570587743097289,grounds,keeper
bookkeeper,2,book+keeper ratingcmp=78.7,78.692307,3.111378077686329,book,keeper
netkeeper,2,net+keeper ratingcmp=70.5,70.533333,0.0,net,keeper
tollkeeper,2,toll+keeper ratingcmp=75.7,75.727272,0.0,toll,keeper
gamekeeper,2,game+keeper ratingcmp=66.1,66.128204,2.371015388192085,game,keeper
groundkeeper,2,ground+keeper ratingcmp=79.6,79.571426,0.0,ground,keeper
storekeeper,2,store+keeper ratingcmp=86.6,86.605263,2.547106647247766,store,keeper
innkeeper,2,inn+keeper ratingcmp=78.0,77.974358,2.653561978162053,inn,keeper
greenskeeper,2,greens+keeper ratingcmp=66.1,66.125,2.405777494451296,greens,keeper
hotelkeeper,2,hotel+keeper ratingcmp=83.8,83.760002,1.592864137808441,hotel,keeper
gatekeeper,2,gate+keeper ratingcmp=76.7,76.724998,2.848136642911747,gate,keeper
peacekeeper,2,peace+keeper ratingcmp=91.1,91.10714,2.634256822966666,peace,keeper
doorkeeper,2,door+keeper ratingcmp=75.9,75.921051,1.893894133472422,door,keeper
housekeeper,2,house+keeper ratingcmp=71.4,71.375,3.767505330468889,house,keeper
shopkeeper,2,shop+keeper ratingcmp=73.2,73.230766,2.614053436878379,shop,keeper
barkeeper,2,bar+keeper ratingcmp=67.3,67.333336,1.893894133472422,bar,keeper
scorekeeper,2,score+keeper ratingcmp=84.7,84.659088,2.136932182158717,score,keeper
lockkeeper,2,lock+keeper ratingcmp=79.0,79.041664,0.0,lock,keeper
goalkeeper,2,goal+keeper ratingcmp=69.7,69.724998,2.522283063522734,goal,keeper
gamekeepers,2,game+keepers ratingcmp=79.5,79.466667,1.87,game,keepers
doorkeepers,2,door+keepers ratingcmp=86.0,85.962959,1.27,door,keepers
barkeepers,2,bar+keepers ratingcmp=73.5,73.541664,0.0,bar,keepers
gatekeepers,2,gate+keepers ratingcmp=84.4,84.440002,2.246076651583785,gate,keepers
scorekeepers,2,score+keepers ratingcmp=86.9,86.85714,1.592864137808441,score,keepers
groundskeepers,2,grounds+keepers ratingcmp=72.6,72.639999,1.768955396864122,grounds,keepers
innkeepers,2,inn+keepers ratingcmp=89.9,89.884613,1.98,inn,keepers
timekeepers,2,time+keepers ratingcmp=89.4,89.39286,1.84,time,keepers
goalkeepers,2,goal+keepers ratingcmp=85.6,85.60714,1.592864137808441,goal,keepers
peacekeepers,2,peace+keepers ratingcmp=87.4,87.428574,2.87161773876127,peace,keepers
housekeepers,2,house+keepers ratingcmp=79.8,79.770836,2.547106647247766,house,keepers
shopkeepers,2,shop+keepers ratingcmp=89.3,89.300003,2.437962177822698,shop,keepers
bookkeepers,2,book+keepers ratingcmp=82.1,82.125,1.893894133472422,book,keepers
beekeepers,2,bee+keepers ratingcmp=90.2,90.25,1.990804146480479,bee,keepers
storekeepers,2,store+keepers ratingcmp=84.3,84.26667,1.893894133472422,store,keepers
housekeeping,2,house+keeping ratingcmp=85.4,85.433334,3.479354862980923,house,keeping
safekeeping,2,safe+keeping ratingcmp=73.6,73.615387,2.963932000080177,safe,keeping
bookkeeping,2,book+keeping ratingcmp=77.0,77.034485,2.882898749170959,book,keeping
beekeeping,2,bee+keeping ratingcmp=87.9,87.875,1.768955396864122,bee,keeping
timekeeping,2,time+keeping ratingcmp=76.9,76.851852,1.592864137808441,time,keeping
peacekeeping,2,peace+keeping ratingcmp=91.4,91.440002,1.768955396864122,peace,keeping
barkeeps,2,bar+keeps ratingcmp=58.0,58.0,0.0,bar,keeps
handkerchief,2,hand+kerchief ratingcmp=42.0,42.0,3.624272602060065,hand,kerchief
handkerchiefs,2,hand+kerchiefs ratingcmp=66.1,66.066666,2.738992173486679,hand,kerchiefs
teakettle,2,tea+kettle ratingcmp=81.0,81.0,2.194924129136403,tea,kettle
teakettles,2,tea+kettles ratingcmp=85.0,85.034485,0.0,tea,kettles
turnkey,2,turn+key ratingcmp=55.7,55.65625,2.069985392528103,turn,key
latchkey,2,latch+key ratingcmp=51.5,51.46154,2.522283063522734,latch,key
passkey,2,pass+key ratingcmp=80.8,80.774193,2.768955396864123,pass,key
latchkeys,2,latch+keys ratingcmp=45.8,45.75,1.592864137808441,latch,keys
turnkeys,2,turn+keys ratingcmp=50.4,50.392857,0.0,turn,keys
passkeys,2,pass+keys ratingcmp=57.8,57.785713,1.768955396864122,pass,keys
dropkick,2,drop+kick ratingcmp=80.2,80.23333,1.893894133472422,drop,kick
sidekick,2,side+kick ratingcmp=35.9,35.891891,3.431713228545696,side,kick
placekicker,2,place+kicker ratingcmp=51.1,51.107143,1.768955396864122,place,kicker
dropkicker,2,drop+kicker ratingcmp=77.8,77.785713,0.0,drop,kicker
dropkicks,2,drop+kicks ratingcmp=67.9,67.916664,1.38,drop,kicks
sidekicks,2,side+kicks ratingcmp=52.5,52.48,2.723197906303447,side,kicks
roadkill,2,road+kill ratingcmp=80.6,80.599998,2.653561978162053,road,kill
lambkill,2,lamb+kill ratingcmp=51.2,51.200001,0.0,lamb,kill
painkiller,2,pain+killer ratingcmp=87.5,87.5,2.738992173486679,pain,killer
weedkiller,2,weed+killer ratingcmp=91.6,91.559998,1.75,weed,killer
painkillers,2,pain+killers ratingcmp=80.5,80.535713,3.246076651583785,pain,killers
brickkiln,2,brick+kiln ratingcmp=54.2,54.18182,0.0,brick,kiln
limekiln,2,lime+kiln ratingcmp=32.0,32.0,1.37,lime,kiln
mankind,2,man+kind ratingcmp=57.5,57.512821,3.943112156142604,man,kind
humankind,2,human+kind ratingcmp=57.7,57.743591,2.848136642911747,human,kind
womankind,2,woman+kind ratingcmp=42.5,42.5,2.29183414214446,woman,kind
blatherskite,2,blathers+kite ratingcmp=25.3,25.272728,0.0,blathers,kite
paperknife,2,paper+knife ratingcmp=50.4,50.400002,0.0,paper,knife
pocketknife,2,pocket+knife ratingcmp=81.6,81.615387,2.547106647247766,pocket,knife
drawknife,2,draw+knife ratingcmp=42.7,42.666668,0.0,draw,knife
jackknife,2,jack+knife ratingcmp=51.8,51.75,2.29183414214446,jack,knife
penknife,2,pen+knife ratingcmp=53.6,53.57143,2.246076651583785,pen,knife
jackknives,2,jack+knives ratingcmp=36.3,36.26923,1.893894133472422,jack,knives
penknives,2,pen+knives ratingcmp=49.0,49.0,1.592864137808441,pen,knives
pocketknives,2,pocket+knives ratingcmp=85.1,85.125,1.768955396864122,pocket,knives
doorknob,2,door+knob ratingcmp=86.0,86.0,3.231353394763079,door,knob
doorknobs,2,door+knobs ratingcmp=86.3,86.259262,2.522283063522734,door,knobs
stumpknocker,2,stump+knocker ratingcmp=37.7,37.666668,0.0,stump,knocker
doorknocker,2,door+knocker ratingcmp=78.2,78.224998,2.069985392528103,door,knocker
doorknockers,2,door+knockers ratingcmp=71.7,71.708336,0.0,door,knockers
bowknot,2,bow+knot ratingcmp=64.4,64.366669,1.18,bow,knot
slipknot,2,slip+knot ratingcmp=67.6,67.599998,2.194924129136403,slip,knot
topknot,2,top+knot ratingcmp=49.4,49.432434,2.246076651583785,top,knot
topknots,2,top+knots ratingcmp=66.8,66.821426,1.592864137808441,top,knots
slipknots,2,slip+knots ratingcmp=54.8,54.791668,1.592864137808441,slip,knots
shoelace,2,shoe+lace ratingcmp=81.7,81.717949,2.882898749170959,shoe,lace
bootlace,2,boot+lace ratingcmp=68.3,68.340912,1.592864137808441,boot,lace
necklace,2,neck+lace ratingcmp=59.0,58.977272,3.989063484904178,neck,lace
bootlaces,2,boot+laces ratingcmp=83.6,83.625,1.592864137808441,boot,laces
shoelaces,2,shoe+laces ratingcmp=89.1,89.064514,3.032196831638704,shoe,laces
necklaces,2,neck+laces ratingcmp=75.4,75.413795,2.904617998864195,neck,laces
stepladder,2,step+ladder ratingcmp=82.4,82.400002,2.570587743097289,step,ladder
stepladders,2,step+ladders ratingcmp=82.2,82.25,1.990804146480479,step,ladders
landladies,2,land+ladies ratingcmp=43.2,43.153847,1.893894133472422,land,ladies
salesladies,2,sales+ladies ratingcmp=86.8,86.75,0.0,sales,ladies
landlady,2,land+lady ratingcmp=55.2,55.179485,3.32121791982967,land,lady
saleslady,2,sales+lady ratingcmp=77.1,77.051285,2.246076651583785,sales,lady
graylag,2,gray+lag ratingcmp=24.8,24.799999,0.0,gray,lag
greylag,2,grey+lag ratingcmp=34.4,34.409092,1.37,grey,lag
foglamp,2,fog+lamp ratingcmp=82.8,82.793106,0.0,fog,lamp
headlamp,2,head+lamp ratingcmp=75.0,74.967743,2.53,head,lamp
sunlamp,2,sun+lamp ratingcmp=65.1,65.057144,2.136932182158717,sun,lamp
blowlamp,2,blow+lamp ratingcmp=43.0,43.0,0.0,blow,lamp
headlamps,2,head+lamps ratingcmp=78.1,78.080002,1.893894133472422,head,lamps
blowlamps,2,blow+lamps ratingcmp=54.5,54.48,0.0,blow,lamps
sunlamps,2,sun+lamps ratingcmp=76.9,76.869568,1.592864137808441,sun,lamps
freelance,2,free+lance ratingcmp=44.6,44.578949,3.329260640085084,free,lance
freelancer,2,free+lancer ratingcmp=38.7,38.68,2.893894133472422,free,lancer
freelancers,2,free+lancers ratingcmp=49.1,49.130436,2.246076651583785,free,lancers
freelances,2,free+lances ratingcmp=41.4,41.439999,1.768955396864122,free,lances
midland,2,mid+land ratingcmp=76.4,76.39286,2.823313059186715,mid,land
screenland,2,screen+land ratingcmp=38.0,38.035713,1.592864137808441,screen,land
bottomland,2,bottom+land ratingcmp=60.2,60.1875,2.136932182158717,bottom,land
hinterland,2,hinter+land ratingcmp=36.4,36.375,1.768955396864122,hinter,land
wasteland,2,waste+land ratingcmp=84.7,84.689651,2.999404318242396,waste,land
swampland,2,swamp+land ratingcmp=79.9,79.928574,1.592864137808441,swamp,land
heartland,2,heart+land ratingcmp=51.8,51.75,2.754232140043416,heart,land
marchland,2,march+land ratingcmp=44.5,44.53846,0.0,march,land
parkland,2,park+land ratingcmp=71.5,71.540543,2.069985392528103,park,land
pastureland,2,pasture+land ratingcmp=77.5,77.535713,1.592864137808441,pasture,land
moorland,2,moor+land ratingcmp=46.3,46.342857,1.893894133472422,moor,land
heathland,2,heath+land ratingcmp=54.4,54.448277,2.0,heath,land
dreamland,2,dream+land ratingcmp=70.8,70.794868,2.672045383856066,dream,land
highland,2,high+land ratingcmp=70.1,70.14286,3.205647994528177,high,land
fairyland,2,fairy+land ratingcmp=75.2,75.205132,2.405777494451296,fairy,land
marshland,2,marsh+land ratingcmp=83.0,82.958336,2.069985392528103,marsh,land
plowland,2,plow+land ratingcmp=51.9,51.875,0.0,plow,land
timberland,2,timber+land ratingcmp=60.7,60.708332,2.136932182158717,timber,land
woodland,2,wood+land ratingcmp=76.3,76.297295,3.055262135707397,wood,land
tableland,2,table+land ratingcmp=45.8,45.833332,1.99,table,land
wetland,2,wet+land ratingcmp=92.2,92.190475,2.069985392528103,wet,land
rangeland,2,range+land ratingcmp=52.0,52.0,1.768955396864122,range,land
wonderland,2,wonder+land ratingcmp=71.6,71.61364,3.264961995744159,wonder,land
fenland,2,fen+land ratingcmp=41.6,41.633335,1.9,fen,land
headland,2,head+land ratingcmp=40.1,40.105263,2.136932182158717,head,land
homeland,2,home+land ratingcmp=86.4,86.394737,3.681000226508993,home,land
grassland,2,grass+land ratingcmp=86.5,86.545456,2.069985392528103,grass,land
mainland,2,main+land ratingcmp=70.2,70.230766,3.482165840314751,main,land
motherland,2,mother+land ratingcmp=75.0,74.966667,2.689774150816497,mother,land
farmland,2,farm+land ratingcmp=86.2,86.199997,2.614053436878379,farm,land
scrubland,2,scrub+land ratingcmp=46.5,46.466667,2.09,scrub,land
lotusland,2,lotus+land ratingcmp=51.4,51.416668,0.0,lotus,land
tideland,2,tide+land ratingcmp=59.7,59.666668,1.36,tide,land
fatherland,2,father+land ratingcmp=51.8,51.846153,2.893894133472422,father,land
lowland,2,low+land ratingcmp=74.2,74.204544,2.136932182158717,low,land
ploughland,2,plough+land ratingcmp=58.5,58.535713,0.0,plough,land
coastland,2,coast+land ratingcmp=80.2,80.214287,1.31,coast,land
southland,2,south+land ratingcmp=82.1,82.115387,2.653561978162053,south,land
borderland,2,border+land ratingcmp=62.0,62.049999,1.592864137808441,border,land
gangland,2,gang+land ratingcmp=46.4,46.413792,2.738992173486679,gang,land
northland,2,north+land ratingcmp=80.3,80.279999,2.57,north,land
woodlands,2,wood+lands ratingcmp=82.3,82.285713,2.069985392528103,wood,lands
borderlands,2,border+lands ratingcmp=77.0,77.03125,1.592864137808441,border,lands
headlands,2,head+lands ratingcmp=39.8,39.774193,1.768955396864122,head,lands
lowlands,2,low+lands ratingcmp=83.4,83.400002,1.990804146480479,low,lands
badlands,2,bad+lands ratingcmp=59.5,59.533333,2.405777494451296,bad,lands
timberlands,2,timber+lands ratingcmp=72.0,71.965515,2.136932182158717,timber,lands
farmlands,2,farm+lands ratingcmp=88.9,88.900002,1.893894133472422,farm,lands
grasslands,2,grass+lands ratingcmp=92.3,92.344826,2.069985392528103,grass,lands
swamplands,2,swamp+lands ratingcmp=85.7,85.666664,1.55,swamp,lands
highlands,2,high+lands ratingcmp=79.9,79.933334,2.973075379520047,high,lands
moorlands,2,moor+lands ratingcmp=41.6,41.555557,1.97,moor,lands
heartlands,2,heart+lands ratingcmp=42.6,42.576923,1.592864137808441,heart,lands
midlands,2,mid+lands ratingcmp=77.8,77.75,2.371015388192085,mid,lands
marshlands,2,marsh+lands ratingcmp=77.9,77.89286,1.893894133472422,marsh,lands
fairylands,2,fairy+lands ratingcmp=82.0,82.034485,0.0,fairy,lands
scablands,2,scab+lands ratingcmp=41.2,41.206898,1.1,scab,lands
tablelands,2,table+lands ratingcmp=34.7,34.666668,2.23,table,lands
motherlands,2,mother+lands ratingcmp=68.5,68.480003,1.04,mother,lands
hinterlands,2,hinter+lands ratingcmp=44.8,44.75,1.768955396864122,hinter,lands
fatherlands,2,father+lands ratingcmp=54.7,54.666668,0.0,father,lands
wetlands,2,wet+lands ratingcmp=93.0,92.965515,2.925302597724047,wet,lands
wonderlands,2,wonder+lands ratingcmp=69.3,69.272728,1.5,wonder,lands
homelands,2,home+lands ratingcmp=81.7,81.6875,1.893894133472422,home,lands
mainlands,2,main+lands ratingcmp=85.7,85.724136,1.15,main,lands
earlap,2,ear+lap ratingcmp=41.6,41.629631,0.0,ear,lap
titlark,2,tit+lark ratingcmp=23.7,23.733334,0.0,tit,lark
skylark,2,sky+lark ratingcmp=33.1,33.128204,2.467925401200141,sky,lark
meadowlark,2,meadow+lark ratingcmp=62.9,62.857143,2.437962177822698,meadow,lark
meadowlarks,2,meadow+larks ratingcmp=57.0,57.0,1.31,meadow,larks
skylarks,2,sky+larks ratingcmp=49.2,49.240002,1.768955396864122,sky,larks
whiplash,2,whip+lash ratingcmp=49.9,49.875,3.250875534465553,whip,lash
backlash,2,back+lash ratingcmp=63.3,63.266666,2.194924129136403,back,lash
eyelash,2,eye+lash ratingcmp=54.1,54.142857,2.945046655919803,eye,lash
whiplashes,2,whip+lashes ratingcmp=60.0,60.0,0.0,whip,lashes
backlashes,2,back+lashes ratingcmp=60.8,60.80645,1.51,back,lashes
eyelashes,2,eye+lashes ratingcmp=66.8,66.800003,3.091174691598042,eye,lashes
windlasses,2,wind+lasses ratingcmp=34.8,34.833332,1.18,wind,lasses
everlasting,2,ever+lasting ratingcmp=82.7,82.699997,3.409105437800224,ever,lasting
potlatch,2,pot+latch ratingcmp=42.9,42.92857,1.592864137808441,pot,latch
horselaugh,2,horse+laugh ratingcmp=35.2,35.214287,1.990804146480479,horse,laugh
horselaughs,2,horse+laughs ratingcmp=41.4,41.433334,0.0,horse,laughs
scofflaw,2,scoff+law ratingcmp=30.5,30.481482,1.51,scoff,law
scofflaws,2,scoff+laws ratingcmp=33.1,33.074074,1.768955396864122,scoff,laws
bricklayer,2,brick+layer ratingcmp=78.6,78.620689,2.333226827302685,brick,layer
platelayer,2,plate+layer ratingcmp=52.1,52.133335,0.0,plate,layer
tracklayer,2,track+layer ratingcmp=65.6,65.59259,0.0,track,layer
minelayer,2,mine+layer ratingcmp=46.8,46.78125,1.26,mine,layer
bricklayers,2,brick+layers ratingcmp=81.8,81.76667,1.768955396864122,brick,layers
bricklaying,2,brick+laying ratingcmp=88.5,88.483871,1.592864137808441,brick,laying
minelaying,2,mine+laying ratingcmp=45.0,44.966667,1.2,mine,laying
fairlead,2,fair+lead ratingcmp=51.1,51.083332,1.592864137808441,fair,lead
ringleader,2,ring+leader ratingcmp=60.3,60.315788,2.738992173486679,ring,leader
bandleader,2,band+leader ratingcmp=80.2,80.25,2.547106647247766,band,leader
cheerleader,2,cheer+leader ratingcmp=84.7,84.709679,3.810348082022347,cheer,leader
cheerleaders,2,cheer+leaders ratingcmp=83.2,83.172417,3.459151476892636,cheer,leaders
ringleaders,2,ring+leaders ratingcmp=66.2,66.25,1.893894133472422,ring,leaders
bandleaders,2,band+leaders ratingcmp=81.3,81.279999,1.592864137808441,band,leaders
liverleaf,2,liver+leaf ratingcmp=39.1,39.07143,0.0,liver,leaf
flyleaf,2,fly+leaf ratingcmp=40.9,40.916668,1.893894133472422,fly,leaf
cloverleaf,2,clover+leaf ratingcmp=74.8,74.763161,2.333226827302685,clover,leaf
jellyleaf,2,jelly+leaf ratingcmp=41.6,41.599998,0.0,jelly,leaf
waterleaf,2,water+leaf ratingcmp=66.3,66.300003,0.0,water,leaf
heartleaf,2,heart+leaf ratingcmp=43.7,43.739132,0.0,heart,leaf
bloodleaf,2,blood+leaf ratingcmp=54.3,54.296295,0.0,blood,leaf
leatherleaf,2,leather+leaf ratingcmp=49.5,49.5,0.0,leather,leaf
velvetleaf,2,velvet+leaf ratingcmp=47.8,47.81818,0.0,velvet,leaf
sweetleaf,2,sweet+leaf ratingcmp=65.8,65.785713,1.14,sweet,leaf
shinleaf,2,shin+leaf ratingcmp=25.7,25.678572,0.0,shin,leaf
satinleaf,2,satin+leaf ratingcmp=43.6,43.604168,0.0,satin,leaf
cloverleafs,2,clover+leafs ratingcmp=81.1,81.0625,0.0,clover,leafs
flyleaves,2,fly+leaves ratingcmp=43.0,43.04348,1.592864137808441,fly,leaves
horseleech,2,horse+leech ratingcmp=46.2,46.17857,0.0,horse,leech
blackleg,2,black+leg ratingcmp=51.5,51.545456,1.69,black,leg
dogleg,2,dog+leg ratingcmp=47.4,47.405407,2.136932182158717,dog,leg
pegleg,2,peg+leg ratingcmp=69.1,69.120003,1.26,peg,leg
roughleg,2,rough+leg ratingcmp=44.2,44.233334,0.0,rough,leg
bootleg,2,boot+leg ratingcmp=30.3,30.257143,2.925302597724047,boot,leg
bandyleg,2,bandy+leg ratingcmp=33.0,33.035713,0.0,bandy,leg
bowleg,2,bow+leg ratingcmp=56.2,56.166668,0.0,bow,leg
bootlegging,2,boot+legging ratingcmp=36.1,36.133335,2.522283063522734,boot,legging
longlegs,2,long+legs ratingcmp=83.8,83.785713,2.136932182158717,long,legs
doglegs,2,dog+legs ratingcmp=56.9,56.880001,1.04,dog,legs
bowlegs,2,bow+legs ratingcmp=55.2,55.200001,1.768955396864122,bow,legs
bootlegs,2,boot+legs ratingcmp=52.2,52.166668,2.069985392528103,boot,legs
spindlelegs,2,spindle+legs ratingcmp=47.4,47.439999,0.0,spindle,legs
yellowlegs,2,yellow+legs ratingcmp=51.3,51.260868,1.38,yellow,legs
blacklegs,2,black+legs ratingcmp=55.9,55.880001,1.14,black,legs
moneylender,2,money+lender ratingcmp=73.8,73.824997,1.990804146480479,money,lender
moneylenders,2,money+lenders ratingcmp=81.7,81.666664,2.069985392528103,money,lenders
wavelength,2,wave+length ratingcmp=80.6,80.599998,2.810348082022347,wave,length
wavelengths,2,wave+lengths ratingcmp=90.7,90.689651,2.547106647247766,wave,lengths
newsletter,2,news+letter ratingcmp=81.2,81.230766,2.935286818630647,news,letter
newsletters,2,news+letters ratingcmp=83.1,83.133331,2.069985392528103,news,letters
bloodletting,2,blood+letting ratingcmp=60.5,60.46154,2.136932182158717,blood,letting
cowlick,2,cow+lick ratingcmp=22.2,22.18919,1.990804146480479,cow,lick
bootlicker,2,boot+licker ratingcmp=34.1,34.083332,1.893894133472422,boot,licker
cowlicks,2,cow+licks ratingcmp=38.9,38.866665,1.12,cow,licks
eyelid,2,eye+lid ratingcmp=81.5,81.477272,2.547106647247766,eye,lid
eyelids,2,eye+lids ratingcmp=83.0,83.0,3.210912234520534,eye,lids
highlife,2,high+life ratingcmp=72.3,72.259262,1.768955396864122,high,life
nightlife,2,night+life ratingcmp=78.6,78.641029,2.754232140043416,night,life
wildlife,2,wild+life ratingcmp=85.5,85.542854,3.28746933674201,wild,life
afterlife,2,after+life ratingcmp=85.6,85.648651,3.205647994528177,after,life
lowlife,2,low+life ratingcmp=74.5,74.478264,3.31714000740923,low,life
chairlift,2,chair+lift ratingcmp=79.5,79.5,1.893894133472422,chair,lift
facelift,2,face+lift ratingcmp=79.2,79.25,2.194924129136403,face,lift
forklift,2,fork+lift ratingcmp=52.2,52.216217,2.990804146480479,fork,lift
airlift,2,air+lift ratingcmp=64.1,64.074997,2.467925401200141,air,lift
weightlift,2,weight+lift ratingcmp=90.1,90.13636,0.0,weight,lift
shirtlifter,2,shirt+lifter ratingcmp=61.8,61.833332,0.0,shirt,lifter
shoplifter,2,shop+lifter ratingcmp=60.1,60.099998,2.706807490115278,shop,lifter
weightlifter,2,weight+lifter ratingcmp=96.8,96.760002,1.592864137808441,weight,lifter
shoplifters,2,shop+lifters ratingcmp=61.9,61.884617,2.29183414214446,shop,lifters
weightlifters,2,weight+lifters ratingcmp=89.1,89.120003,1.592864137808441,weight,lifters
shoplifting,2,shop+lifting ratingcmp=58.8,58.782608,3.189461233434901,shop,lifting
weightlifting,2,weight+lifting ratingcmp=94.2,94.239998,2.194924129136403,weight,lifting
airlifts,2,air+lifts ratingcmp=71.6,71.625,1.592864137808441,air,lifts
chairlifts,2,chair+lifts ratingcmp=81.9,81.909088,1.78,chair,lifts
forklifts,2,fork+lifts ratingcmp=52.3,52.333332,1.592864137808441,fork,lifts
torchlight,2,torch+light ratingcmp=82.3,82.333336,1.990804146480479,torch,light
highlight,2,high+light ratingcmp=39.3,39.349998,3.194924129136404,high,light
deadlight,2,dead+light ratingcmp=62.7,62.714287,1.07,dead,light
candlelight,2,candle+light ratingcmp=88.5,88.5,3.226332593388028,candle,light
starlight,2,star+light ratingcmp=79.5,79.53846,3.205647994528177,star,light
gaslight,2,gas+light ratingcmp=70.7,70.657898,2.547106647247766,gas,light
flashlight,2,flash+light ratingcmp=64.7,64.659088,3.773276770646765,flash,light
stoplight,2,stop+light ratingcmp=92.8,92.760002,2.522283063522734,stop,light
headlight,2,head+light ratingcmp=67.1,67.135132,2.87161773876127,head,light
limelight,2,lime+light ratingcmp=29.5,29.513514,2.882898749170959,lime,light
daylight,2,day+light ratingcmp=90.2,90.159088,3.98114300126808,day,light
skylight,2,sky+light ratingcmp=72.3,72.324997,2.935286818630647,sky,light
sunlight,2,sun+light ratingcmp=94.2,94.199997,3.666582488154564,sun,light
lamplight,2,lamp+light ratingcmp=86.0,86.035713,2.136932182158717,lamp,light
fanlight,2,fan+light ratingcmp=60.0,59.965519,1.57,fan,light
firelight,2,fire+light ratingcmp=65.9,65.875,2.706807490115278,fire,light
streetlight,2,street+light ratingcmp=93.8,93.800003,2.706807490115278,street,light
jacklight,2,jack+light ratingcmp=39.5,39.5,0.0,jack,light
taillight,2,tail+light ratingcmp=72.8,72.763161,2.925302597724047,tail,light
moonlight,2,moon+light ratingcmp=89.6,89.641029,3.842062495199554,moon,light
searchlight,2,search+light ratingcmp=82.6,82.6129,2.653561978162053,search,light
spotlight,2,spot+light ratingcmp=80.3,80.275002,3.465020410556734,spot,light
sidelight,2,side+light ratingcmp=78.6,78.566666,1.92,side,light
quarterlight,2,quarter+light ratingcmp=50.0,50.0,0.0,quarter,light
rushlight,2,rush+light ratingcmp=40.7,40.666668,1.11,rush,light
floodlight,2,flood+light ratingcmp=46.9,46.93182,2.069985392528103,flood,light
penlight,2,pen+light ratingcmp=61.5,61.535713,2.136932182158717,pen,light
lamplighter,2,lamp+lighter ratingcmp=77.5,77.517242,1.893894133472422,lamp,lighter
firelighter,2,fire+lighter ratingcmp=79.7,79.666664,0.0,fire,lighter
moonlighter,2,moon+lighter ratingcmp=40.5,40.5,1.893894133472422,moon,lighter
highlighter,2,high+lighter ratingcmp=35.0,35.03846,2.136932182158717,high,lighter
highlighters,2,high+lighters ratingcmp=43.4,43.42857,1.990804146480479,high,lighters
lamplighters,2,lamp+lighters ratingcmp=74.6,74.583336,1.768955396864122,lamp,lighters
moonlighters,2,moon+lighters ratingcmp=43.9,43.880001,1.592864137808441,moon,lighters
firelighters,2,fire+lighters ratingcmp=70.9,70.86364,1.592864137808441,fire,lighters
backlighting,2,back+lighting ratingcmp=72.5,72.5,1.768955396864122,back,lighting
highlighting,2,high+lighting ratingcmp=62.0,62.0,2.405777494451296,high,lighting
stoplights,2,stop+lights ratingcmp=92.1,92.080002,1.893894133472422,stop,lights
daylights,2,day+lights ratingcmp=84.2,84.239998,2.882898749170959,day,lights
highlights,2,high+lights ratingcmp=62.0,61.964287,3.241224148789373,high,lights
gaslights,2,gas+lights ratingcmp=66.9,66.931038,1.592864137808441,gas,lights
fanlights,2,fan+lights ratingcmp=61.7,61.714287,1.1,fan,lights
flashlights,2,flash+lights ratingcmp=80.4,80.400002,3.047708997816951,flash,lights
footlights,2,foot+lights ratingcmp=54.5,54.5,2.371015388192085,foot,lights
penlights,2,pen+lights ratingcmp=60.8,60.785713,1.592864137808441,pen,lights
spotlights,2,spot+lights ratingcmp=87.0,87.033333,2.29183414214446,spot,lights
sidelights,2,side+lights ratingcmp=74.9,74.909088,1.592864137808441,side,lights
floodlights,2,flood+lights ratingcmp=64.3,64.333336,2.194924129136403,flood,lights
streetlights,2,street+lights ratingcmp=93.4,93.360001,2.29183414214446,street,lights
taillights,2,tail+lights ratingcmp=79.8,79.75,2.405777494451296,tail,lights
searchlights,2,search+lights ratingcmp=83.4,83.35714,2.653561978162053,search,lights
moonlights,2,moon+lights ratingcmp=84.7,84.653847,1.990804146480479,moon,lights
houselights,2,house+lights ratingcmp=82.9,82.891891,2.194924129136403,house,lights
headlights,2,head+lights ratingcmp=71.4,71.39286,3.278605876410705,head,lights
limelights,2,lime+lights ratingcmp=58.9,58.900002,0.0,lime,lights
skylights,2,sky+lights ratingcmp=84.9,84.935486,2.371015388192085,sky,lights
daylily,2,day+lily ratingcmp=56.2,56.206898,1.59,day,lily
hindlimb,2,hind+limb ratingcmp=82.4,82.413795,1.69,hind,limb
quicklime,2,quick+lime ratingcmp=33.8,33.809525,2.069985392528103,quick,lime
brooklime,2,brook+lime ratingcmp=29.6,29.566668,0.0,brook,lime
birdlime,2,bird+lime ratingcmp=33.0,33.0,0.0,bird,lime
hemline,2,hem+line ratingcmp=58.6,58.625,2.333226827302685,hem,line
landline,2,land+line ratingcmp=54.4,54.416668,2.333226827302685,land,line
airline,2,air+line ratingcmp=43.5,43.5,3.812972225848496,air,line
clothesline,2,clothes+line ratingcmp=76.9,76.871796,2.634256822966666,clothes,line
snapline,2,snap+line ratingcmp=39.9,39.913044,0.0,snap,line
deadline,2,dead+line ratingcmp=38.7,38.742859,3.768955396864123,dead,line
sideline,2,side+line ratingcmp=70.9,70.864868,2.796984120464366,side,line
breadline,2,bread+line ratingcmp=42.7,42.657143,1.990804146480479,bread,line
shoreline,2,shore+line ratingcmp=78.3,78.310349,2.754232140043416,shore,line
centerline,2,center+line ratingcmp=88.5,88.451614,1.768955396864122,center,line
baseline,2,base+line ratingcmp=66.2,66.224998,2.882898749170959,base,line
guideline,2,guide+line ratingcmp=72.3,72.291664,2.467925401200141,guide,line
pipeline,2,pipe+line ratingcmp=77.6,77.641029,3.352531982498072,pipe,line
neckline,2,neck+line ratingcmp=64.1,64.051285,2.495954124800384,neck,line
handline,2,hand+line ratingcmp=55.7,55.653847,1.07,hand,line
midline,2,mid+line ratingcmp=80.8,80.821426,2.768955396864123,mid,line
bowline,2,bow+line ratingcmp=39.4,39.360001,2.495954124800384,bow,line
dateline,2,date+line ratingcmp=45.7,45.704544,2.547106647247766,date,line
borderline,2,border+line ratingcmp=75.1,75.099998,3.205647994528177,border,line
hipline,2,hip+line ratingcmp=62.6,62.566666,0.0,hip,line
waistline,2,waist+line ratingcmp=71.4,71.432434,2.672045383856066,waist,line
tapeline,2,tape+line ratingcmp=57.6,57.555557,1.592864137808441,tape,line
setline,2,set+line ratingcmp=60.7,60.727272,0.0,set,line
headline,2,head+line ratingcmp=49.9,49.897434,3.415685783111546,head,line
coastline,2,coast+line ratingcmp=75.4,75.425003,2.860035866211455,coast,line
balkline,2,balk+line ratingcmp=36.9,36.857143,0.0,balk,line
ridgeline,2,ridge+line ratingcmp=73.6,73.60714,2.33,ridge,line
lifeline,2,life+line ratingcmp=49.3,49.282051,2.945046655919803,life,line
dropline,2,drop+line ratingcmp=70.0,70.0,0.0,drop,line
timberline,2,timber+line ratingcmp=51.4,51.432434,2.547106647247766,timber,line
trotline,2,trot+line ratingcmp=56.6,56.586208,0.0,trot,line
timeline,2,time+line ratingcmp=85.2,85.172417,4.15,time,line
storyline,2,story+line ratingcmp=72.9,72.931038,2.194924129136403,story,line
skyline,2,sky+line ratingcmp=66.2,66.179489,2.835902186494736,sky,line
beeline,2,bee+line ratingcmp=33.5,33.454544,2.246076651583785,bee,line
waterline,2,water+line ratingcmp=74.9,74.871796,1.990804146480479,water,line
bloodline,2,blood+line ratingcmp=67.6,67.57692,2.783195835978733,blood,line
touchline,2,touch+line ratingcmp=48.7,48.68,1.768955396864122,touch,line
towline,2,tow+line ratingcmp=72.1,72.103447,2.405777494451296,tow,line
hairline,2,hair+line ratingcmp=70.6,70.589745,3.091174691598042,hair,line
tramline,2,tram+line ratingcmp=59.5,59.540539,1.592864137808441,tram,line
jetliner,2,jet+liner ratingcmp=45.6,45.592594,1.893894133472422,jet,liner
hardliner,2,hard+liner ratingcmp=43.7,43.692307,1.893894133472422,hard,liner
headliner,2,head+liner ratingcmp=50.2,50.200001,2.653561978162053,head,liner
airliner,2,air+liner ratingcmp=60.2,60.200001,2.768955396864123,air,liner
eyeliner,2,eye+liner ratingcmp=85.5,85.466667,3.016110011745249,eye,liner
streamliner,2,stream+liner ratingcmp=51.8,51.793102,2.405777494451296,stream,liner
airliners,2,air+liners ratingcmp=47.8,47.799999,2.194924129136403,air,liners
jetliners,2,jet+liners ratingcmp=56.7,56.700001,1.893894133472422,jet,liners
eyeliners,2,eye+liners ratingcmp=79.7,79.678574,1.83,eye,liners
headliners,2,head+liners ratingcmp=55.1,55.086956,2.29183414214446,head,liners
hardliners,2,hard+liners ratingcmp=47.0,47.0,1.768955396864122,hard,liners
tramlines,2,tram+lines ratingcmp=59.6,59.604168,1.76,tram,lines
bowlines,2,bow+lines ratingcmp=45.3,45.333332,1.768955396864122,bow,lines
breadlines,2,bread+lines ratingcmp=43.7,43.67857,1.592864137808441,bread,lines
datelines,2,date+lines ratingcmp=60.9,60.933334,1.2,date,lines
touchlines,2,touch+lines ratingcmp=56.3,56.333332,0.0,touch,lines
bloodlines,2,blood+lines ratingcmp=60.0,59.959999,2.570587743097289,blood,lines
borderlines,2,border+lines ratingcmp=82.0,81.959999,1.592864137808441,border,lines
guidelines,2,guide+lines ratingcmp=72.9,72.933334,3.231353394763079,guide,lines
timberlines,2,timber+lines ratingcmp=44.4,44.400002,0.0,timber,lines
beelines,2,bee+lines ratingcmp=40.0,40.045456,0.0,bee,lines
towlines,2,tow+lines ratingcmp=68.2,68.214287,0.0,tow,lines
shorelines,2,shore+lines ratingcmp=76.9,76.933334,1.893894133472422,shore,lines
waistlines,2,waist+lines ratingcmp=74.6,74.555557,1.592864137808441,waist,lines
pipelines,2,pipe+lines ratingcmp=82.0,81.96875,2.437962177822698,pipe,lines
coastlines,2,coast+lines ratingcmp=81.2,81.160004,1.990804146480479,coast,lines
hairlines,2,hair+lines ratingcmp=78.9,78.89286,1.768955396864122,hair,lines
deadlines,2,dead+lines ratingcmp=48.7,48.689655,2.810348082022347,dead,lines
ratlines,2,rat+lines ratingcmp=31.0,31.035715,1.38,rat,lines
headlines,2,head+lines ratingcmp=65.2,65.241379,3.624272602060065,head,lines
hemlines,2,hem+lines ratingcmp=51.5,51.48148,2.29183414214446,hem,lines
lifelines,2,life+lines ratingcmp=62.4,62.439999,2.371015388192085,life,lines
tapelines,2,tape+lines ratingcmp=65.2,65.208336,0.0,tape,lines
waterlines,2,water+lines ratingcmp=74.5,74.458336,1.38,water,lines
clotheslines,2,clothes+lines ratingcmp=84.2,84.199997,1.768955396864122,clothes,lines
skylines,2,sky+lines ratingcmp=62.9,62.880001,2.35,sky,lines
sidelines,2,side+lines ratingcmp=83.1,83.064514,3.055262135707397,side,lines
baselines,2,base+lines ratingcmp=60.3,60.31818,1.592864137808441,base,lines
airlines,2,air+lines ratingcmp=52.1,52.103447,3.57513537084801,air,lines
necklines,2,neck+lines ratingcmp=69.2,69.208336,2.03,neck,lines
gunslingers,2,guns+lingers ratingcmp=27.8,27.833334,2.069985392528103,guns,lingers
cufflink,2,cuff+link ratingcmp=63.9,63.857143,2.069985392528103,cuff,link
cufflinks,2,cuff+links ratingcmp=67.8,67.793106,2.570587743097289,cuff,links
antlion,2,ant+lion ratingcmp=39.7,39.733334,1.29,ant,lion
harelip,2,hare+lip ratingcmp=29.5,29.538462,2.246076651583785,hare,lip
harelips,2,hare+lips ratingcmp=37.0,37.0,1.592864137808441,hare,lips
blacklist,2,black+list ratingcmp=38.7,38.692307,2.689774150816497,black,list
checklist,2,check+list ratingcmp=77.2,77.189186,2.893894133472422,check,list
shortlist,2,short+list ratingcmp=67.6,67.583336,1.592864137808441,short,list
playlist,2,play+list ratingcmp=80.9,80.909088,1.990804146480479,play,list
checklists,2,check+lists ratingcmp=88.4,88.428574,1.592864137808441,check,lists
blacklists,2,black+lists ratingcmp=50.7,50.666668,1.592864137808441,black,lists
sodalite,2,soda+lite ratingcmp=44.9,44.884617,1.67,soda,lite
afterlives,2,after+lives ratingcmp=90.7,90.703705,1.57,after,lives
carload,2,car+load ratingcmp=82.7,82.666664,2.547106647247766,car,load
boatload,2,boat+load ratingcmp=73.3,73.275864,2.689774150816497,boat,load
payload,2,pay+load ratingcmp=59.6,59.586208,2.796984120464366,pay,load
busload,2,bus+load ratingcmp=76.7,76.681816,2.689774150816497,bus,load
workload,2,work+load ratingcmp=83.4,83.384613,2.954591973826034,work,load
overload,2,over+load ratingcmp=87.9,87.931038,3.255621969490015,over,load
trainload,2,train+load ratingcmp=69.9,69.884613,2.136932182158717,train,load
cartload,2,cart+load ratingcmp=84.2,84.238098,1.592864137808441,cart,load
shipload,2,ship+load ratingcmp=75.0,75.0,1.893894133472422,ship,load
breechloader,2,breech+loader ratingcmp=49.5,49.482758,0.0,breech,loader
freeloader,2,free+loader ratingcmp=53.6,53.612904,2.246076651583785,free,loader
freeloaders,2,free+loaders ratingcmp=66.3,66.291664,2.672045383856066,free,loaders
cartloads,2,cart+loads ratingcmp=75.0,75.040001,1.42,cart,loads
shiploads,2,ship+loads ratingcmp=84.5,84.480003,1.592864137808441,ship,loads
boatloads,2,boat+loads ratingcmp=70.8,70.75,2.136932182158717,boat,loads
carloads,2,car+loads ratingcmp=75.8,75.785713,2.136932182158717,car,loads
payloads,2,pay+loads ratingcmp=61.9,61.888889,2.136932182158717,pay,loads
trainloads,2,train+loads ratingcmp=76.1,76.10714,1.592864137808441,train,loads
workloads,2,work+loads ratingcmp=77.0,76.954544,2.75,work,loads
sugarloaf,2,sugar+loaf ratingcmp=53.0,53.025642,1.893894133472422,sugar,loaf
meatloaf,2,meat+loaf ratingcmp=85.2,85.25,3.371015388192085,meat,loaf
meatloaves,2,meat+loaves ratingcmp=78.6,78.559998,0.0,meat,loaves
earlobe,2,ear+lobe ratingcmp=76.0,76.025642,2.547106647247766,ear,lobe
earlobes,2,ear+lobes ratingcmp=80.1,80.10714,2.495954124800384,ear,lobes
echolocation,2,echo+location ratingcmp=73.6,73.555557,2.069985392528103,echo,location
deadlock,2,dead+lock ratingcmp=40.8,40.756756,1.990804146480479,dead,lock
gridlock,2,grid+lock ratingcmp=49.2,49.240002,2.467925401200141,grid,lock
matchlock,2,match+lock ratingcmp=47.8,47.791668,1.592864137808441,match,lock
handlock,2,hand+lock ratingcmp=62.9,62.900002,0.0,hand,lock
firelock,2,fire+lock ratingcmp=46.2,46.23077,0.0,fire,lock
dreadlock,2,dread+lock ratingcmp=42.8,42.766666,1.7,dread,lock
doorlock,2,door+lock ratingcmp=93.5,93.53846,0.0,door,lock
padlock,2,pad+lock ratingcmp=62.9,62.931034,2.848136642911747,pad,lock
rowlock,2,row+lock ratingcmp=42.0,42.035713,0.0,row,lock
wedlock,2,wed+lock ratingcmp=42.7,42.650002,3.032196831638704,wed,lock
airlock,2,air+lock ratingcmp=51.6,51.575001,2.925302597724047,air,lock
oarlock,2,oar+lock ratingcmp=49.2,49.166668,0.0,oar,lock
flintlock,2,flint+lock ratingcmp=49.6,49.625,2.194924129136403,flint,lock
hammerlock,2,hammer+lock ratingcmp=51.1,51.145832,1.768955396864122,hammer,lock
gunlock,2,gun+lock ratingcmp=63.4,63.370369,0.0,gun,lock
headlock,2,head+lock ratingcmp=64.3,64.304344,2.614053436878379,head,lock
footlocker,2,foot+locker ratingcmp=63.5,63.454544,2.91508343254236,foot,locker
footlockers,2,foot+lockers ratingcmp=68.7,68.727272,1.893894133472422,foot,lockers
rowlocks,2,row+locks ratingcmp=33.3,33.291668,0.0,row,locks
oarlocks,2,oar+locks ratingcmp=42.5,42.5,0.0,oar,locks
flintlocks,2,flint+locks ratingcmp=36.2,36.185184,1.39,flint,locks
headlocks,2,head+locks ratingcmp=76.6,76.606064,1.36,head,locks
deadlocks,2,dead+locks ratingcmp=41.0,40.952381,1.99,dead,locks
matchlocks,2,match+locks ratingcmp=43.8,43.799999,1.38,match,locks
padlocks,2,pad+locks ratingcmp=61.6,61.57143,2.333226827302685,pad,locks
gridlocks,2,grid+locks ratingcmp=52.5,52.47826,0.0,grid,locks
hammerlocks,2,hammer+locks ratingcmp=47.5,47.458332,1.893894133472422,hammer,locks
airlocks,2,air+locks ratingcmp=60.6,60.560001,1.592864137808441,air,locks
hayloft,2,hay+loft ratingcmp=63.8,63.84,2.405777494451296,hay,loft
haylofts,2,hay+lofts ratingcmp=65.0,64.958336,0.0,hay,lofts
backlog,2,back+log ratingcmp=37.0,37.0,2.547106647247766,back,log
backlogs,2,back+logs ratingcmp=51.7,51.708332,1.592864137808441,back,logs
sirloin,2,sir+loin ratingcmp=20.0,20.0,2.796984120464366,sir,loin
tenderloin,2,tender+loin ratingcmp=57.6,57.575001,2.614053436878379,tender,loin
sirloins,2,sir+loins ratingcmp=34.5,34.541668,1.1,sir,loins
tenderloins,2,tender+loins ratingcmp=72.6,72.57692,1.893894133472422,tender,loins
livelong,2,live+long ratingcmp=85.8,85.793106,2.437962177822698,live,long
livelongs,2,live+longs ratingcmp=56.0,56.0,0.0,live,longs
handloom,2,hand+loom ratingcmp=62.7,62.689655,2.26,hand,loom
broadloom,2,broad+loom ratingcmp=33.5,33.549999,1.592864137808441,broad,loom
heirloom,2,heir+loom ratingcmp=39.6,39.636364,2.935286818630647,heir,loom
heirlooms,2,heir+looms ratingcmp=48.6,48.639999,2.522283063522734,heir,looms
landlord,2,land+lord ratingcmp=71.7,71.702705,3.727996789185216,land,lord
warlord,2,war+lord ratingcmp=72.0,72.025642,2.893894133472422,war,lord
warlords,2,war+lords ratingcmp=79.1,79.083336,2.672045383856066,war,lords
landlords,2,land+lords ratingcmp=82.3,82.344826,2.672045383856066,land,lords
folklore,2,folk+lore ratingcmp=58.0,58.0,2.954591973826034,folk,lore
feedlot,2,feed+lot ratingcmp=61.8,61.772728,2.069985392528103,feed,lot
sandlot,2,sand+lot ratingcmp=70.9,70.89286,2.371015388192085,sand,lot
feedlots,2,feed+lots ratingcmp=53.7,53.666668,1.592864137808441,feed,lots
sandlots,2,sand+lots ratingcmp=62.4,62.4375,0.0,sand,lots
woodlouse,2,wood+louse ratingcmp=38.2,38.200001,1.53,wood,louse
booklouse,2,book+louse ratingcmp=50.4,50.416668,0.0,book,louse
ladylove,2,lady+love ratingcmp=69.5,69.464287,1.592864137808441,lady,love
truelove,2,true+love ratingcmp=80.1,80.102562,2.069985392528103,true,love
booklover,2,book+lover ratingcmp=89.7,89.666664,1.41,book,lover
ladyloves,2,lady+loves ratingcmp=53.3,53.333332,0.0,lady,loves
trueloves,2,true+loves ratingcmp=85.0,85.033333,0.0,true,loves
landlubber,2,land+lubber ratingcmp=31.8,31.75,2.069985392528103,land,lubber
landlubbers,2,land+lubbers ratingcmp=33.1,33.119999,1.990804146480479,land,lubbers
potluck,2,pot+luck ratingcmp=34.4,34.375,2.653561978162053,pot,luck
potlucks,2,pot+lucks ratingcmp=36.4,36.439999,1.990804146480479,pot,lucks
aqualung,2,aqua+lung ratingcmp=42.8,42.82143,2.069985392528103,aqua,lung
aqualungs,2,aqua+lungs ratingcmp=46.8,46.82143,1.592864137808441,aqua,lungs
bloodlust,2,blood+lust ratingcmp=63.4,63.435898,2.29183414214446,blood,lust
wanderlust,2,wander+lust ratingcmp=60.9,60.903225,1.990804146480479,wander,lust
wanderlusts,2,wander+lusts ratingcmp=63.6,63.583332,0.0,wander,lusts
tarmacadam,2,tar+macadam ratingcmp=16.3,16.25926,1.21,tar,macadam
bridesmaid,2,brides+maid ratingcmp=77.8,77.821426,3.392204687262023,brides,maid
milkmaid,2,milk+maid ratingcmp=61.7,61.684212,2.592864137808441,milk,maid
handmaid,2,hand+maid ratingcmp=44.7,44.692307,2.069985392528103,hand,maid
chambermaid,2,chamber+maid ratingcmp=56.0,56.027027,2.796984120464366,chamber,maid
barmaid,2,bar+maid ratingcmp=80.6,80.580643,2.848136642911747,bar,maid
bondmaid,2,bond+maid ratingcmp=41.2,41.208332,1.592864137808441,bond,maid
parlourmaid,2,parlour+maid ratingcmp=69.7,69.73333,0.0,parlour,maid
nursemaid,2,nurse+maid ratingcmp=61.7,61.666668,2.754232140043416,nurse,maid
dairymaid,2,dairy+maid ratingcmp=60.3,60.310345,0.0,dairy,maid
parlormaid,2,parlor+maid ratingcmp=58.9,58.923077,0.0,parlor,maid
housemaid,2,house+maid ratingcmp=83.4,83.435898,2.405777494451296,house,maid
handmaiden,2,hand+maiden ratingcmp=34.4,34.435898,2.333226827302685,hand,maiden
handmaidens,2,hand+maidens ratingcmp=46.0,45.96154,2.069985392528103,hand,maidens
barmaids,2,bar+maids ratingcmp=69.7,69.678574,2.069985392528103,bar,maids
handmaids,2,hand+maids ratingcmp=54.2,54.166668,1.893894133472422,hand,maids
dairymaids,2,dairy+maids ratingcmp=68.5,68.458336,0.0,dairy,maids
chambermaids,2,chamber+maids ratingcmp=75.8,75.758621,1.990804146480479,chamber,maids
bridesmaids,2,brides+maids ratingcmp=75.1,75.068962,3.20031916102311,brides,maids
nursemaids,2,nurse+maids ratingcmp=71.0,70.959999,1.990804146480479,nurse,maids
milkmaids,2,milk+maids ratingcmp=71.9,71.916664,1.990804146480479,milk,maids
housemaids,2,house+maids ratingcmp=87.5,87.518517,1.893894133472422,house,maids
redmaids,2,red+maids ratingcmp=36.0,36.0,0.0,red,maids
blackmail,2,black+mail ratingcmp=38.5,38.526318,3.88843123777092,black,mail
airmail,2,air+mail ratingcmp=76.0,75.973686,2.547106647247766,air,mail
greenmail,2,green+mail ratingcmp=37.7,37.67857,1.893894133472422,green,mail
freemail,2,free+mail ratingcmp=60.4,60.360001,0.0,free,mail
voicemail,2,voice+mail ratingcmp=89.2,89.239998,3.016110011745249,voice,mail
blackmailer,2,black+mailer ratingcmp=43.0,43.032257,3.032196831638704,black,mailer
airmailer,2,air+mailer ratingcmp=65.4,65.3871,0.0,air,mailer
blackmailers,2,black+mailers ratingcmp=43.7,43.708332,2.29183414214446,black,mailers
blackmails,2,black+mails ratingcmp=31.0,31.0,2.194924129136403,black,mails
airmails,2,air+mails ratingcmp=68.7,68.666664,0.0,air,mails
greenmails,2,green+mails ratingcmp=28.0,28.040001,0.0,green,mails
hatmaker,2,hat+maker ratingcmp=90.5,90.535713,1.34,hat,maker
cabinetmaker,2,cabinet+maker ratingcmp=88.2,88.227272,1.95,cabinet,maker
winemaker,2,wine+maker ratingcmp=93.7,93.666664,2.29183414214446,wine,maker
bookmaker,2,book+maker ratingcmp=82.6,82.59259,2.689774150816497,book,maker
kingmaker,2,king+maker ratingcmp=49.7,49.68,1.893894133472422,king,maker
lawmaker,2,law+maker ratingcmp=86.5,86.535713,1.893894133472422,law,maker
steelmaker,2,steel+maker ratingcmp=87.9,87.900002,1.64,steel,maker
garmentmaker,2,garment+maker ratingcmp=89.3,89.318184,0.0,garment,maker
bootmaker,2,boot+maker ratingcmp=85.6,85.625,1.68,boot,maker
shirtmaker,2,shirt+maker ratingcmp=87.5,87.535713,1.768955396864122,shirt,maker
ropemaker,2,rope+maker ratingcmp=85.2,85.161293,0.0,rope,maker
carmaker,2,car+maker ratingcmp=84.0,83.95652,1.592864137808441,car,maker
speechmaker,2,speech+maker ratingcmp=80.5,80.519997,1.990804146480479,speech,maker
patternmaker,2,pattern+maker ratingcmp=82.1,82.137932,1.25,pattern,maker
candymaker,2,candy+maker ratingcmp=91.7,91.699997,0.0,candy,maker
dressmaker,2,dress+maker ratingcmp=88.4,88.428574,2.754232140043416,dress,maker
tentmaker,2,tent+maker ratingcmp=79.6,79.559998,1.592864137808441,tent,maker
holidaymaker,2,holiday+maker ratingcmp=65.4,65.433334,1.65,holiday,maker
matchmaker,2,match+maker ratingcmp=83.3,83.333336,2.91508343254236,match,maker
glassmaker,2,glass+maker ratingcmp=88.3,88.300003,1.39,glass,maker
merrymaker,2,merry+maker ratingcmp=70.8,70.827583,0.0,merry,maker
cloakmaker,2,cloak+maker ratingcmp=83.6,83.571426,0.0,cloak,maker
peacemaker,2,peace+maker ratingcmp=90.6,90.551727,2.405777494451296,peace,maker
printmaker,2,print+maker ratingcmp=72.8,72.814812,2.11,print,maker
noisemaker,2,noise+maker ratingcmp=84.1,84.10714,1.893894133472422,noise,maker
pacemaker,2,pace+maker ratingcmp=74.5,74.548386,2.882898749170959,pace,maker
homemaker,2,home+maker ratingcmp=81.5,81.483871,2.547106647247766,home,maker
watchmaker,2,watch+maker ratingcmp=77.5,77.53846,2.194924129136403,watch,maker
candlemaker,2,candle+maker ratingcmp=91.8,91.75,0.0,candle,maker
rainmaker,2,rain+maker ratingcmp=57.2,57.153847,2.672045383856066,rain,maker
haymaker,2,hay+maker ratingcmp=52.7,52.720001,1.893894133472422,hay,maker
clockmaker,2,clock+maker ratingcmp=80.5,80.46154,1.592864137808441,clock,maker
basketmaker,2,basket+maker ratingcmp=90.9,90.85714,1.29,basket,maker
sailmaker,2,sail+maker ratingcmp=81.5,81.541664,2.069985392528103,sail,maker
wigmaker,2,wig+maker ratingcmp=80.3,80.310349,1.592864137808441,wig,maker
moneymaker,2,money+maker ratingcmp=93.5,93.53125,2.592864137808441,money,maker
filmmaker,2,film+maker ratingcmp=92.3,92.307693,3.313023441214398,film,maker
automaker,2,auto+maker ratingcmp=74.8,74.821426,1.592864137808441,auto,maker
playmaker,2,play+maker ratingcmp=77.4,77.440002,2.136932182158717,play,maker
troublemaker,2,trouble+maker ratingcmp=94.5,94.533333,3.337157120931117,trouble,maker
diemaker,2,die+maker ratingcmp=52.8,52.846153,0.0,die,maker
toolmaker,2,tool+maker ratingcmp=90.7,90.655174,1.71,tool,maker
shoemaker,2,shoe+maker ratingcmp=86.9,86.891891,2.783195835978733,shoe,maker
moneymakers,2,money+makers ratingcmp=88.3,88.321426,1.990804146480479,money,makers
rainmakers,2,rain+makers ratingcmp=60.0,59.958332,1.893894133472422,rain,makers
bookmakers,2,book+makers ratingcmp=84.9,84.925926,1.893894133472422,book,makers
watchmakers,2,watch+makers ratingcmp=93.2,93.25,1.592864137808441,watch,makers
cabinetmakers,2,cabinet+makers ratingcmp=86.5,86.533333,1.71,cabinet,makers
dressmakers,2,dress+makers ratingcmp=88.9,88.916664,1.893894133472422,dress,makers
holidaymakers,2,holiday+makers ratingcmp=71.8,71.782608,1.592864137808441,holiday,makers
troublemakers,2,trouble+makers ratingcmp=90.4,90.35714,2.925302597724047,trouble,makers
matchmakers,2,match+makers ratingcmp=81.6,81.57692,1.94,match,makers
toolmakers,2,tool+makers ratingcmp=85.7,85.730766,1.33,tool,makers
merrymakers,2,merry+makers ratingcmp=56.6,56.590908,1.893894133472422,merry,makers
steelmakers,2,steel+makers ratingcmp=81.8,81.785713,1.76,steel,makers
filmmakers,2,film+makers ratingcmp=88.1,88.080002,2.783195835978733,film,makers
shoemakers,2,shoe+makers ratingcmp=87.0,87.04348,1.592864137808441,shoe,makers
lawmakers,2,law+makers ratingcmp=87.4,87.40625,2.522283063522734,law,makers
pacemakers,2,pace+makers ratingcmp=59.4,59.439999,2.136932182158717,pace,makers
homemakers,2,home+makers ratingcmp=83.4,83.433334,1.893894133472422,home,makers
peacemakers,2,peace+makers ratingcmp=84.9,84.919998,2.405777494451296,peace,makers
noisemakers,2,noise+makers ratingcmp=92.8,92.800003,1.893894133472422,noise,makers
winemakers,2,wine+makers ratingcmp=91.5,91.478264,1.592864137808441,wine,makers
automakers,2,auto+makers ratingcmp=67.7,67.703705,2.405777494451296,auto,makers
cabinetmaking,2,cabinet+making ratingcmp=81.7,81.666664,1.46,cabinet,making
lovemaking,2,love+making ratingcmp=74.6,74.586205,3.047708997816951,love,making
rainmaking,2,rain+making ratingcmp=59.0,58.966667,1.4,rain,making
moviemaking,2,movie+making ratingcmp=92.4,92.3871,1.86,movie,making
lawmaking,2,law+making ratingcmp=86.4,86.35714,2.26,law,making
haymaking,2,hay+making ratingcmp=75.0,75.0,1.54,hay,making
mapmaking,2,map+making ratingcmp=90.9,90.916664,1.893894133472422,map,making
dressmaking,2,dress+making ratingcmp=89.8,89.821426,1.990804146480479,dress,making
merrymaking,2,merry+making ratingcmp=68.2,68.178574,1.592864137808441,merry,making
winemaking,2,wine+making ratingcmp=92.3,92.307693,1.592864137808441,wine,making
shoemaking,2,shoe+making ratingcmp=93.9,93.925926,1.82,shoe,making
homemaking,2,home+making ratingcmp=75.3,75.3125,1.768955396864122,home,making
moneymaking,2,money+making ratingcmp=90.7,90.689651,1.990804146480479,money,making
printmaking,2,print+making ratingcmp=84.4,84.354836,2.57,print,making
papermaking,2,paper+making ratingcmp=82.8,82.75,1.592864137808441,paper,making
speechmaking,2,speech+making ratingcmp=85.7,85.678574,2.069985392528103,speech,making
matchmaking,2,match+making ratingcmp=78.1,78.137932,2.495954124800384,match,making
marshmallow,2,marsh+mallow ratingcmp=19.5,19.514286,3.18392874483494,marsh,mallow
waxmallow,2,wax+mallow ratingcmp=30.1,30.083334,0.0,wax,mallow
marshmallows,2,marsh+mallows ratingcmp=25.1,25.129032,3.283060217836955,marsh,mallows
tallyman,2,tally+man ratingcmp=50.3,50.272728,1.592864137808441,tally,man
woodman,2,wood+man ratingcmp=53.3,53.307693,2.570587743097289,wood,man
horseman,2,horse+man ratingcmp=54.3,54.299999,3.084225831642714,horse,man
townsman,2,towns+man ratingcmp=71.8,71.785713,1.893894133472422,towns,man
ploughman,2,plough+man ratingcmp=50.7,50.666668,1.84,plough,man
groundsman,2,grounds+man ratingcmp=70.7,70.677422,1.592864137808441,grounds,man
aircraftman,2,aircraft+man ratingcmp=83.6,83.599998,1.34,aircraft,man
sidesman,2,sides+man ratingcmp=51.1,51.083332,0.0,sides,man
bagman,2,bag+man ratingcmp=66.5,66.5,2.768955396864123,bag,man
batsman,2,bats+man ratingcmp=55.6,55.57143,1.768955396864122,bats,man
groomsman,2,grooms+man ratingcmp=81.0,80.979164,2.467925401200141,grooms,man
salesman,2,sales+man ratingcmp=91.4,91.400002,4.018561351171032,sales,man
jazzman,2,jazz+man ratingcmp=71.1,71.074074,1.768955396864122,jazz,man
cowman,2,cow+man ratingcmp=53.9,53.863636,1.893894133472422,cow,man
brakeman,2,brake+man ratingcmp=58.7,58.655174,2.069985392528103,brake,man
muscleman,2,muscle+man ratingcmp=86.3,86.263161,2.069985392528103,muscle,man
hardwareman,2,hardware+man ratingcmp=77.3,77.32,0.0,hardware,man
seedman,2,seed+man ratingcmp=50.9,50.851852,1.592864137808441,seed,man
pitman,2,pit+man ratingcmp=47.6,47.642857,1.990804146480479,pit,man
coalman,2,coal+man ratingcmp=77.8,77.848488,1.16,coal,man
poultryman,2,poultry+man ratingcmp=72.6,72.645164,0.0,poultry,man
cattleman,2,cattle+man ratingcmp=68.2,68.181816,2.246076651583785,cattle,man
lineman,2,line+man ratingcmp=48.1,48.113636,2.333226827302685,line,man
newsman,2,news+man ratingcmp=91.8,91.833336,2.614053436878379,news,man
selectman,2,select+man ratingcmp=40.2,40.217392,2.810348082022347,select,man
dalesman,2,dales+man ratingcmp=32.5,32.51852,0.0,dales,man
tollman,2,toll+man ratingcmp=52.6,52.625,1.3,toll,man
craftsman,2,crafts+man ratingcmp=72.9,72.914284,2.973075379520047,crafts,man
gagman,2,gag+man ratingcmp=55.0,55.0,1.592864137808441,gag,man
bogeyman,2,bogey+man ratingcmp=47.9,47.892857,2.945046655919803,bogey,man
policeman,2,police+man ratingcmp=90.9,90.900002,4.069260964533772,police,man
lawman,2,law+man ratingcmp=80.0,80.033333,3.062686153786604,law,man
guardsman,2,guards+man ratingcmp=78.5,78.485718,2.246076651583785,guards,man
bandsman,2,bands+man ratingcmp=55.6,55.560001,1.31,bands,man
strongman,2,strong+man ratingcmp=82.0,82.0,2.069985392528103,strong,man
raftman,2,raft+man ratingcmp=48.0,48.0,0.0,raft,man
coachman,2,coach+man ratingcmp=58.5,58.5,2.783195835978733,coach,man
signalman,2,signal+man ratingcmp=77.1,77.114288,2.29183414214446,signal,man
countryman,2,country+man ratingcmp=77.7,77.685715,2.405777494451296,country,man
linesman,2,lines+man ratingcmp=52.8,52.799999,1.592864137808441,lines,man
roadman,2,road+man ratingcmp=67.5,67.5,1.45,road,man
houseman,2,house+man ratingcmp=64.6,64.559998,2.547106647247766,house,man
backwoodsman,2,backwoods+man ratingcmp=76.8,76.76667,1.19,backwoods,man
militiaman,2,militia+man ratingcmp=65.8,65.833336,1.89,militia,man
ledgeman,2,ledge+man ratingcmp=48.7,48.733334,0.0,ledge,man
iceman,2,ice+man ratingcmp=65.3,65.295456,3.136932182158717,ice,man
churchman,2,church+man ratingcmp=79.2,79.178574,2.194924129136403,church,man
serviceman,2,service+man ratingcmp=81.9,81.888885,2.246076651583785,service,man
bushman,2,bush+man ratingcmp=77.4,77.379311,2.29183414214446,bush,man
cavalryman,2,cavalry+man ratingcmp=58.6,58.599998,2.069985392528103,cavalry,man
snowman,2,snow+man ratingcmp=84.0,84.0,3.283060217836955,snow,man
milkman,2,milk+man ratingcmp=78.1,78.050003,2.982030222172974,milk,man
handyman,2,handy+man ratingcmp=75.7,75.699997,3.264961995744159,handy,man
midshipman,2,midship+man ratingcmp=54.8,54.766666,2.87161773876127,midship,man
lensman,2,lens+man ratingcmp=41.2,41.16,1.592864137808441,lens,man
pointsman,2,points+man ratingcmp=58.5,58.548386,0.0,points,man
washerman,2,washer+man ratingcmp=70.9,70.939392,1.22,washer,man
clansman,2,clans+man ratingcmp=59.6,59.620689,1.893894133472422,clans,man
bondsman,2,bonds+man ratingcmp=71.1,71.068962,2.723197906303447,bonds,man
bondman,2,bond+man ratingcmp=60.5,60.482758,1.35,bond,man
gentleman,2,gentle+man ratingcmp=68.1,68.081078,4.621435390500979,gentle,man
ferryman,2,ferry+man ratingcmp=53.6,53.599998,2.136932182158717,ferry,man
landman,2,land+man ratingcmp=68.3,68.300003,1.99,land,man
lockman,2,lock+man ratingcmp=76.0,76.033333,1.82,lock,man
rifleman,2,rifle+man ratingcmp=77.1,77.105263,2.738992173486679,rifle,man
headsman,2,heads+man ratingcmp=39.7,39.703705,2.246076651583785,heads,man
doorman,2,door+man ratingcmp=78.3,78.256409,3.504021746548418,door,man
plowman,2,plow+man ratingcmp=65.5,65.535713,1.893894133472422,plow,man
yachtsman,2,yachts+man ratingcmp=80.3,80.26667,1.893894133472422,yachts,man
propman,2,prop+man ratingcmp=66.7,66.666664,0.0,prop,man
workman,2,work+man ratingcmp=87.1,87.14286,2.904617998864195,work,man
chairman,2,chair+man ratingcmp=44.8,44.837837,4.074306766310746,chair,man
letterman,2,letter+man ratingcmp=68.7,68.666664,3.104747498787316,letter,man
sportsman,2,sports+man ratingcmp=82.0,82.034485,2.848136642911747,sports,man
freedman,2,freed+man ratingcmp=49.6,49.57143,2.925302597724047,freed,man
lighterman,2,lighter+man ratingcmp=56.9,56.903225,0.0,lighter,man
infantryman,2,infantry+man ratingcmp=73.1,73.14286,2.069985392528103,infantry,man
herdsman,2,herds+man ratingcmp=60.8,60.833332,1.592864137808441,herds,man
timberman,2,timber+man ratingcmp=75.6,75.57692,1.31,timber,man
liftman,2,lift+man ratingcmp=71.8,71.793106,0.0,lift,man
dustman,2,dust+man ratingcmp=59.1,59.142857,1.990804146480479,dust,man
wingman,2,wing+man ratingcmp=54.2,54.166668,3.055262135707397,wing,man
marksman,2,marks+man ratingcmp=55.3,55.299999,3.16689540553616,marks,man
lobsterman,2,lobster+man ratingcmp=62.8,62.793102,1.35,lobster,man
committeeman,2,committee+man ratingcmp=77.6,77.60714,2.19,committee,man
landsman,2,lands+man ratingcmp=68.9,68.909088,2.136932182158717,lands,man
spokesman,2,spokes+man ratingcmp=58.2,58.214287,3.077163977155227,spokes,man
warehouseman,2,warehouse+man ratingcmp=84.9,84.866669,1.52,warehouse,man
batman,2,bat+man ratingcmp=69.5,69.457146,3.672045383856066,bat,man
strawman,2,straw+man ratingcmp=69.7,69.653847,2.1,straw,man
juryman,2,jury+man ratingcmp=86.4,86.433334,1.07,jury,man
watchman,2,watch+man ratingcmp=82.0,82.034485,3.395637863100417,watch,man
newspaperman,2,newspaper+man ratingcmp=86.2,86.241379,3.161065861875436,newspaper,man
seedsman,2,seeds+man ratingcmp=48.4,48.409092,1.77,seeds,man
freeman,2,free+man ratingcmp=64.1,64.135132,3.405777494451297,free,man
draftsman,2,drafts+man ratingcmp=53.7,53.67857,2.069985392528103,drafts,man
roundsman,2,rounds+man ratingcmp=42.5,42.464287,0.0,rounds,man
draughtsman,2,draughts+man ratingcmp=39.5,39.52,1.592864137808441,draughts,man
ironman,2,iron+man ratingcmp=69.0,69.0,1.592864137808441,iron,man
harvestman,2,harvest+man ratingcmp=83.7,83.73333,1.34,harvest,man
caveman,2,cave+man ratingcmp=86.0,86.022728,3.30886748144324,cave,man
trainman,2,train+man ratingcmp=59.1,59.102566,2.194924129136403,train,man
patrolman,2,patrol+man ratingcmp=78.7,78.699997,3.091174691598042,patrol,man
pigman,2,pig+man ratingcmp=44.6,44.599998,1.71,pig,man
fireman,2,fire+man ratingcmp=67.1,67.074997,3.467925401200141,fire,man
fisherman,2,fisher+man ratingcmp=88.4,88.384613,3.638187116595099,fisher,man
beggarman,2,beggar+man ratingcmp=72.6,72.5625,0.0,beggar,man
liegeman,2,liege+man ratingcmp=48.9,48.857143,0.0,liege,man
moneyman,2,money+man ratingcmp=67.6,67.57692,1.768955396864122,money,man
exciseman,2,excise+man ratingcmp=41.1,41.148148,1.03,excise,man
steelman,2,steel+man ratingcmp=73.2,73.214287,1.83,steel,man
waterman,2,water+man ratingcmp=73.9,73.875,2.723197906303447,water,man
clergyman,2,clergy+man ratingcmp=75.5,75.522728,2.547106647247766,clergy,man
councilman,2,council+man ratingcmp=86.2,86.166664,3.155157002264916,council,man
sheepman,2,sheep+man ratingcmp=63.6,63.583332,1.05,sheep,man
alderman,2,alder+man ratingcmp=33.8,33.842106,2.91508343254236,alder,man
hangman,2,hang+man ratingcmp=75.3,75.333336,3.117908944845286,hang,man
laundryman,2,laundry+man ratingcmp=81.8,81.814812,1.990804146480479,laundry,man
mailman,2,mail+man ratingcmp=85.8,85.775002,3.462095857539417,mail,man
statesman,2,states+man ratingcmp=69.7,69.689651,2.796984120464366,states,man
quarryman,2,quarry+man ratingcmp=63.7,63.68182,1.32,quarry,man
cragsman,2,crags+man ratingcmp=35.1,35.115383,0.0,crags,man
linkman,2,link+man ratingcmp=45.3,45.279999,1.05,link,man
husbandman,2,husband+man ratingcmp=62.0,62.033333,1.64,husband,man
outdoorsman,2,outdoors+man ratingcmp=86.7,86.666664,1.990804146480479,outdoors,man
busman,2,bus+man ratingcmp=70.5,70.46154,1.893894133472422,bus,man
assemblyman,2,assembly+man ratingcmp=64.9,64.914284,2.87161773876127,assembly,man
taxman,2,tax+man ratingcmp=83.5,83.458336,2.29183414214446,tax,man
freshman,2,fresh+man ratingcmp=49.6,49.589745,3.867021987072121,fresh,man
plantsman,2,plants+man ratingcmp=47.5,47.48,1.32,plants,man
bowman,2,bow+man ratingcmp=53.5,53.486488,3.554285231874889,bow,man
huntsman,2,hunts+man ratingcmp=56.1,56.096775,1.990804146480479,hunts,man
wireman,2,wire+man ratingcmp=56.4,56.416668,1.768955396864122,wire,man
widowman,2,widow+man ratingcmp=65.5,65.466667,0.0,widow,man
beadsman,2,beads+man ratingcmp=63.5,63.451614,0.0,beads,man
headman,2,head+man ratingcmp=52.2,52.162163,2.495954124800384,head,man
chapman,2,chap+man ratingcmp=37.0,37.0,3.149166638575728,chap,man
chessman,2,chess+man ratingcmp=62.9,62.880001,1.768955396864122,chess,man
repairman,2,repair+man ratingcmp=92.7,92.727272,3.032196831638704,repair,man
nobleman,2,noble+man ratingcmp=71.9,71.871796,2.87161773876127,noble,man
pantryman,2,pantry+man ratingcmp=44.0,43.964287,1.592864137808441,pantry,man
cracksman,2,cracks+man ratingcmp=36.8,36.82143,1.17,cracks,man
meatman,2,meat+man ratingcmp=77.0,77.047623,1.592864137808441,meat,man
dairyman,2,dairy+man ratingcmp=83.8,83.838707,1.66,dairy,man
cabman,2,cab+man ratingcmp=76.3,76.321426,2.246076651583785,cab,man
sandman,2,sand+man ratingcmp=52.8,52.76923,3.388744155152517,sand,man
lumberman,2,lumber+man ratingcmp=82.3,82.333336,1.592864137808441,lumber,man
garbageman,2,garbage+man ratingcmp=91.8,91.807693,1.52,garbage,man
madman,2,mad+man ratingcmp=72.8,72.771431,3.723197906303447,mad,man
placeman,2,place+man ratingcmp=46.2,46.25,0.0,place,man
anchorman,2,anchor+man ratingcmp=42.3,42.282051,2.570587743097289,anchor,man
switchman,2,switch+man ratingcmp=58.8,58.766666,1.22,switch,man
airman,2,air+man ratingcmp=56.8,56.75,2.783195835978733,air,man
spaceman,2,space+man ratingcmp=82.9,82.875,3.007837485779259,space,man
soundman,2,sound+man ratingcmp=73.3,73.333336,1.71,sound,man
crewman,2,crew+man ratingcmp=72.4,72.400002,2.999404318242396,crew,man
middleman,2,middle+man ratingcmp=65.8,65.820511,2.91508343254236,middle,man
swordsman,2,swords+man ratingcmp=84.9,84.866669,3.104747498787316,swords,man
posseman,2,posse+man ratingcmp=40.3,40.310345,0.0,posse,man
gunman,2,gun+man ratingcmp=79.0,79.0,3.32121791982967,gun,man
penman,2,pen+man ratingcmp=48.4,48.439999,2.18,pen,man
linksman,2,links+man ratingcmp=45.8,45.793102,0.0,links,man
baggageman,2,baggage+man ratingcmp=86.4,86.400002,0.0,baggage,man
businessman,2,business+man ratingcmp=86.9,86.909088,3.899289165359129,business,man
pitchman,2,pitch+man ratingcmp=43.9,43.923077,2.069985392528103,pitch,man
plainsman,2,plains+man ratingcmp=55.4,55.366665,1.43,plains,man
bargeman,2,barge+man ratingcmp=54.1,54.080002,1.18,barge,man
oarsman,2,oars+man ratingcmp=60.1,60.107143,1.893894133472422,oars,man
wolfman,2,wolf+man ratingcmp=77.7,77.714287,2.570587743097289,wolf,man
woodsman,2,woods+man ratingcmp=68.9,68.949997,2.672045383856066,woods,man
postman,2,post+man ratingcmp=68.5,68.474998,3.402423852443709,post,man
oilman,2,oil+man ratingcmp=66.3,66.270271,2.246076651583785,oil,man
frogman,2,frog+man ratingcmp=50.1,50.075001,2.194924129136403,frog,man
taximan,2,taxi+man ratingcmp=87.2,87.161293,0.0,taxi,man
bookman,2,book+man ratingcmp=69.4,69.370369,2.246076651583785,book,man
bellman,2,bell+man ratingcmp=76.5,76.483871,3.040022169150661,bell,man
hodman,2,hod+man ratingcmp=33.9,33.900002,0.0,hod,man
packman,2,pack+man ratingcmp=44.4,44.360001,1.63,pack,man
maltman,2,malt+man ratingcmp=54.1,54.107143,1.34,malt,man
pressman,2,press+man ratingcmp=46.1,46.108109,2.29183414214446,press,man
cameraman,2,camera+man ratingcmp=84.5,84.46154,3.337157120931117,camera,man
privateersman,2,privateers+man ratingcmp=47.8,47.827587,0.0,privateers,man
liveryman,2,livery+man ratingcmp=51.0,51.0,1.27,livery,man
deskman,2,desk+man ratingcmp=67.1,67.08696,0.0,desk,man
fieldsman,2,fields+man ratingcmp=78.1,78.099998,1.3,fields,man
trencherman,2,trencher+man ratingcmp=46.6,46.625,0.0,trencher,man
kinsman,2,kins+man ratingcmp=71.0,71.033333,2.522283063522734,kins,man
stableman,2,stable+man ratingcmp=62.2,62.233334,1.592864137808441,stable,man
helmsman,2,helms+man ratingcmp=47.0,47.0,2.723197906303447,helms,man
earthman,2,earth+man ratingcmp=63.6,63.565216,2.547106647247766,earth,man
potman,2,pot+man ratingcmp=44.9,44.92857,1.592864137808441,pot,man
deliveryman,2,delivery+man ratingcmp=86.9,86.925003,2.194924129136403,delivery,man
longbowman,2,longbow+man ratingcmp=59.9,59.851852,1.592864137808441,longbow,man
congressman,2,congress+man ratingcmp=75.2,75.216217,3.805051742212399,congress,man
boatman,2,boat+man ratingcmp=69.0,69.0,2.783195835978733,boat,man
merchantman,2,merchant+man ratingcmp=83.1,83.148148,1.768955396864122,merchant,man
stockman,2,stock+man ratingcmp=54.5,54.53846,1.893894133472422,stock,man
footman,2,foot+man ratingcmp=53.0,53.0,1.990804146480479,foot,man
highwayman,2,highway+man ratingcmp=51.9,51.923077,2.522283063522734,highway,man
artilleryman,2,artillery+man ratingcmp=82.6,82.64286,1.893894133472422,artillery,man
barman,2,bar+man ratingcmp=68.7,68.720001,2.754232140043416,bar,man
frontiersman,2,frontiers+man ratingcmp=68.9,68.866669,1.592864137808441,frontiers,man
vestryman,2,vestry+man ratingcmp=41.5,41.458332,1.47,vestry,man
chargeman,2,charge+man ratingcmp=56.8,56.774193,0.0,charge,man
gasman,2,gas+man ratingcmp=57.8,57.799999,2.136932182158717,gas,man
layman,2,lay+man ratingcmp=51.9,51.857143,2.982030222172974,lay,man
foeman,2,foe+man ratingcmp=55.2,55.18182,0.0,foe,man
hotelman,2,hotel+man ratingcmp=76.3,76.333336,0.0,hotel,man
showman,2,show+man ratingcmp=68.7,68.659088,2.547106647247766,show,man
steersman,2,steers+man ratingcmp=58.6,58.566666,1.893894133472422,steers,man
swagman,2,swag+man ratingcmp=46.1,46.099998,1.37,swag,man
schoolman,2,school+man ratingcmp=79.4,79.380951,0.0,school,man
motorman,2,motor+man ratingcmp=64.7,64.692307,2.29183414214446,motor,man
matman,2,mat+man ratingcmp=46.1,46.137932,0.0,mat,man
hitman,2,hit+man ratingcmp=63.7,63.73077,3.24,hit,man
yardman,2,yard+man ratingcmp=71.0,71.035713,1.768955396864122,yard,man
workingman,2,working+man ratingcmp=88.8,88.821426,2.405777494451296,working,man
nurseryman,2,nursery+man ratingcmp=66.7,66.666664,1.82,nursery,man
tradesman,2,trades+man ratingcmp=84.2,84.19355,2.136932182158717,trades,man
weatherman,2,weather+man ratingcmp=83.0,82.977272,3.32525789763141,weather,man
longshoreman,2,longshore+man ratingcmp=32.6,32.589745,2.467925401200141,longshore,man
journeyman,2,journey+man ratingcmp=50.0,50.027027,1.768955396864122,journey,man
sandwichman,2,sandwich+man ratingcmp=74.8,74.809525,0.0,sandwich,man
triggerman,2,trigger+man ratingcmp=51.1,51.142857,2.405777494451296,trigger,man
seaman,2,sea+man ratingcmp=68.0,68.0,3.231353394763079,sea,man
railwayman,2,railway+man ratingcmp=76.8,76.821426,1.592864137808441,railway,man
shaggymane,2,shaggy+mane ratingcmp=66.6,66.63636,0.0,shaggy,mane
bitmap,2,bit+map ratingcmp=50.1,50.07143,2.42,bit,map
bitmaps,2,bit+maps ratingcmp=34.3,34.26923,1.592864137808441,bit,maps
routemarch,2,route+march ratingcmp=61.9,61.857143,0.0,route,march
broodmare,2,brood+mare ratingcmp=41.2,41.18182,1.82,brood,mare
nightmare,2,night+mare ratingcmp=33.4,33.42857,4.349880372539742,night,mare
broodmares,2,brood+mares ratingcmp=38.9,38.866665,1.49,brood,mares
nightmares,2,night+mares ratingcmp=45.8,45.774193,3.862377082026358,night,mares
benchmark,2,bench+mark ratingcmp=42.5,42.46154,1.893894133472422,bench,mark
trademark,2,trade+mark ratingcmp=50.8,50.75,3.172647734425251,trade,mark
hashmark,2,hash+mark ratingcmp=55.6,55.580647,0.0,hash,mark
pockmark,2,pock+mark ratingcmp=41.7,41.729729,1.592864137808441,pock,mark
birthmark,2,birth+mark ratingcmp=75.9,75.871796,3.226332593388028,birth,mark
postmark,2,post+mark ratingcmp=55.3,55.297298,2.592864137808441,post,mark
footmark,2,foot+mark ratingcmp=66.9,66.921051,1.592864137808441,foot,mark
bookmark,2,book+mark ratingcmp=81.8,81.800003,2.634256822966666,book,mark
tidemark,2,tide+mark ratingcmp=72.5,72.466667,0.0,tide,mark
fingermark,2,finger+mark ratingcmp=82.2,82.178574,0.0,finger,mark
mintmark,2,mint+mark ratingcmp=30.3,30.347826,1.25,mint,mark
watermark,2,water+mark ratingcmp=45.5,45.53846,2.467925401200141,water,mark
pressmark,2,press+mark ratingcmp=61.0,60.964287,0.0,press,mark
landmark,2,land+mark ratingcmp=81.5,81.5,3.104747498787316,land,mark
earmark,2,ear+mark ratingcmp=34.9,34.863636,1.893894133472422,ear,mark
hallmark,2,hall+mark ratingcmp=36.6,36.578949,3.111378077686329,hall,mark
bookmarker,2,book+marker ratingcmp=84.9,84.928574,1.592864137808441,book,marker
greenmarket,2,green+market ratingcmp=64.6,64.599998,1.42,green,market
hypermarkets,2,hyper+markets ratingcmp=56.3,56.32,2.03,hyper,markets
birthmarks,2,birth+marks ratingcmp=85.1,85.120003,2.194924129136403,birth,marks
footmarks,2,foot+marks ratingcmp=60.3,60.272728,2.069985392528103,foot,marks
hallmarks,2,hall+marks ratingcmp=35.5,35.53125,2.194924129136403,hall,marks
earmarks,2,ear+marks ratingcmp=56.9,56.880001,2.246076651583785,ear,marks
pockmarks,2,pock+marks ratingcmp=29.6,29.636364,1.768955396864122,pock,marks
bookmarks,2,book+marks ratingcmp=86.9,86.851852,2.333226827302685,book,marks
landmarks,2,land+marks ratingcmp=85.7,85.655174,2.570587743097289,land,marks
tidemarks,2,tide+marks ratingcmp=67.7,67.666664,0.0,tide,marks
watermarks,2,water+marks ratingcmp=68.6,68.590912,1.893894133472422,water,marks
trademarks,2,trade+marks ratingcmp=57.7,57.733334,2.194924129136403,trade,marks
postmarks,2,post+marks ratingcmp=67.4,67.416664,2.069985392528103,post,marks
fingermarks,2,finger+marks ratingcmp=72.7,72.653847,1.16,finger,marks
benchmarks,2,bench+marks ratingcmp=66.1,66.14286,1.592864137808441,bench,marks
foulmart,2,foul+mart ratingcmp=30.6,30.615385,0.0,foul,mart
gasmask,2,gas+mask ratingcmp=92.1,92.133331,1.33,gas,mask
stonemason,2,stone+mason ratingcmp=53.0,53.025002,2.069985392528103,stone,mason
freemasonry,2,free+masonry ratingcmp=38.0,37.964287,1.893894133472422,free,masonry
stonemasons,2,stone+masons ratingcmp=61.9,61.903225,2.04,stone,masons
landmass,2,land+mass ratingcmp=68.5,68.535713,1.990804146480479,land,mass
groundmass,2,ground+mass ratingcmp=66.3,66.310349,1.15,ground,mass
landmasses,2,land+masses ratingcmp=73.2,73.208336,1.95,land,masses
topmast,2,top+mast ratingcmp=60.5,60.517242,1.51,top,mast
mainmast,2,main+mast ratingcmp=53.1,53.081081,1.768955396864122,main,mast
mizzenmast,2,mizzen+mast ratingcmp=23.9,23.892857,2.136932182158717,mizzen,mast
foremast,2,fore+mast ratingcmp=51.3,51.285713,1.592864137808441,fore,mast
mizenmast,2,mizen+mast ratingcmp=29.3,29.344828,0.0,mizen,mast
jiggermast,2,jigger+mast ratingcmp=27.0,27.0,0.0,jigger,mast
paymaster,2,pay+master ratingcmp=58.9,58.862068,2.29183414214446,pay,master
choirmaster,2,choir+master ratingcmp=81.7,81.655174,2.12,choir,master
stationmaster,2,station+master ratingcmp=66.6,66.625,2.246076651583785,station,master
whoremaster,2,whore+master ratingcmp=53.6,53.57143,1.893894133472422,whore,master
taskmaster,2,task+master ratingcmp=54.6,54.564102,2.246076651583785,task,master
quartermaster,2,quarter+master ratingcmp=32.4,32.358974,2.963932000080177,quarter,master
spymaster,2,spy+master ratingcmp=80.8,80.793106,2.13,spy,master
toastmaster,2,toast+master ratingcmp=63.2,63.214287,1.893894133472422,toast,master
schoolmaster,2,school+master ratingcmp=67.3,67.297295,2.963932000080177,school,master
scoutmaster,2,scout+master ratingcmp=64.5,64.454544,2.371015388192085,scout,master
housemaster,2,house+master ratingcmp=76.0,75.971428,1.990804146480479,house,master
grandmaster,2,grand+master ratingcmp=76.8,76.75,2.634256822966666,grand,master
webmaster,2,web+master ratingcmp=56.6,56.560001,1.768955396864122,web,master
lockmaster,2,lock+master ratingcmp=81.5,81.458336,0.0,lock,master
quizmaster,2,quiz+master ratingcmp=70.1,70.057144,1.768955396864122,quiz,master
postmaster,2,post+master ratingcmp=60.5,60.540539,2.547106647247766,post,master
bandmaster,2,band+master ratingcmp=54.0,53.974998,1.592864137808441,band,master
headmaster,2,head+master ratingcmp=64.9,64.947365,3.34491258562788,head,master
ringmaster,2,ring+master ratingcmp=58.2,58.216217,2.614053436878379,ring,master
yardmaster,2,yard+master ratingcmp=60.6,60.599998,2.069985392528103,yard,master
trainmaster,2,train+master ratingcmp=70.6,70.639999,1.08,train,master
housemasters,2,house+masters ratingcmp=64.3,64.333336,0.0,house,masters
taskmasters,2,task+masters ratingcmp=81.9,81.931038,1.43,task,masters
headmasters,2,head+masters ratingcmp=68.3,68.303032,2.17,head,masters
quartermasters,2,quarter+masters ratingcmp=48.6,48.615383,1.893894133472422,quarter,masters
yardmasters,2,yard+masters ratingcmp=68.7,68.666664,0.0,yard,masters
schoolmasters,2,school+masters ratingcmp=80.0,80.0,2.069985392528103,school,masters
bandmasters,2,band+masters ratingcmp=63.1,63.107143,1.03,band,masters
postmasters,2,post+masters ratingcmp=63.5,63.517242,1.592864137808441,post,masters
ringmasters,2,ring+masters ratingcmp=74.9,74.916664,0.0,ring,masters
stationmasters,2,station+masters ratingcmp=60.3,60.346153,1.592864137808441,station,masters
toastmasters,2,toast+masters ratingcmp=58.7,58.666668,2.19,toast,masters
scoutmasters,2,scout+masters ratingcmp=78.7,78.699997,1.34,scout,masters
paymasters,2,pay+masters ratingcmp=46.8,46.846153,1.592864137808441,pay,masters
choirmasters,2,choir+masters ratingcmp=69.4,69.440002,0.0,choir,masters
headmastership,2,head+mastership ratingcmp=56.0,56.0,1.592864137808441,head,mastership
mainmasts,2,main+masts ratingcmp=38.2,38.23077,0.0,main,masts
topmasts,2,top+masts ratingcmp=41.4,41.391304,1.12,top,masts
mizzenmasts,2,mizzen+masts ratingcmp=15.6,15.636364,0.0,mizzen,masts
doormat,2,door+mat ratingcmp=89.9,89.894737,2.754232140043416,door,mat
roommate,2,room+mate ratingcmp=77.3,77.270271,4.056757126794349,room,mate
schoolmate,2,school+mate ratingcmp=82.1,82.114288,2.136932182158717,school,mate
checkmate,2,check+mate ratingcmp=42.0,41.950001,3.250875534465553,check,mate
campmate,2,camp+mate ratingcmp=82.8,82.758621,0.0,camp,mate
housemate,2,house+mate ratingcmp=79.2,79.222221,1.990804146480479,house,mate
messmate,2,mess+mate ratingcmp=43.5,43.545456,1.22,mess,mate
classmate,2,class+mate ratingcmp=82.8,82.794868,3.189461233434901,class,mate
bunkmate,2,bunk+mate ratingcmp=80.0,80.033333,2.371015388192085,bunk,mate
shipmate,2,ship+mate ratingcmp=70.9,70.864868,2.547106647247766,ship,mate
stablemate,2,stable+mate ratingcmp=53.5,53.52,2.13,stable,mate
stalemate,2,stale+mate ratingcmp=29.3,29.297297,2.689774150816497,stale,mate
workmate,2,work+mate ratingcmp=87.0,87.033333,1.95,work,mate
tablemate,2,table+mate ratingcmp=73.9,73.884613,0.0,table,mate
teammate,2,team+mate ratingcmp=85.9,85.9375,2.963932000080177,team,mate
flatmate,2,flat+mate ratingcmp=49.5,49.52,1.893894133472422,flat,mate
playmate,2,play+mate ratingcmp=84.5,84.466667,3.098014116128347,play,mate
helpmate,2,help+mate ratingcmp=66.0,66.034485,2.069985392528103,help,mate
teammates,2,team+mates ratingcmp=90.7,90.73333,3.178324867316942,team,mates
bunkmates,2,bunk+mates ratingcmp=79.8,79.785713,1.893894133472422,bunk,mates
checkmates,2,check+mates ratingcmp=41.6,41.639999,1.34,check,mates
schoolmates,2,school+mates ratingcmp=90.1,90.103447,2.405777494451296,school,mates
shipmates,2,ship+mates ratingcmp=82.5,82.482758,2.835902186494736,ship,mates
stablemates,2,stable+mates ratingcmp=64.5,64.519997,1.74,stable,mates
roommates,2,room+mates ratingcmp=84.9,84.870964,3.551905530129535,room,mates
stalemates,2,stale+mates ratingcmp=39.9,39.851852,1.64,stale,mates
classmates,2,class+mates ratingcmp=91.7,91.724136,3.422167910639466,class,mates
helpmates,2,help+mates ratingcmp=73.9,73.896553,1.15,help,mates
messmates,2,mess+mates ratingcmp=51.2,51.17857,0.0,mess,mates
playmates,2,play+mates ratingcmp=82.0,81.966667,2.768955396864123,play,mates
workmates,2,work+mates ratingcmp=79.2,79.178574,1.592864137808441,work,mates
flatmates,2,flat+mates ratingcmp=58.9,58.919998,1.768955396864122,flat,mates
aftermath,2,after+math ratingcmp=42.7,42.733334,3.024227901967429,after,math
aftermaths,2,after+maths ratingcmp=37.5,37.5,1.592864137808441,after,maths
doormats,2,door+mats ratingcmp=91.0,90.959999,1.893894133472422,door,mats
watermeal,2,water+meal ratingcmp=43.7,43.68182,0.0,water,meal
cornmeal,2,corn+meal ratingcmp=69.9,69.933334,2.405777494451296,corn,meal
oatmeal,2,oat+meal ratingcmp=74.8,74.775002,3.522283063522734,oat,meal
bonemeal,2,bone+meal ratingcmp=54.7,54.724136,1.46,bone,meal
horsemeat,2,horse+meat ratingcmp=84.9,84.935486,1.83,horse,meat
sweetmeat,2,sweet+meat ratingcmp=40.5,40.5,1.67,sweet,meat
forcemeat,2,force+meat ratingcmp=32.6,32.566666,1.27,force,meat
mincemeat,2,mince+meat ratingcmp=58.5,58.549999,2.653561978162053,mince,meat
crabmeat,2,crab+meat ratingcmp=90.2,90.214287,2.29183414214446,crab,meat
sweetmeats,2,sweet+meats ratingcmp=48.4,48.407406,1.768955396864122,sweet,meats
paramedic,2,para+medic ratingcmp=63.7,63.720001,3.32525789763141,para,medic
helpmeet,2,help+meet ratingcmp=60.2,60.17857,1.27,help,meet
muskmelon,2,musk+melon ratingcmp=30.4,30.433332,1.02,musk,melon
watermelon,2,water+melon ratingcmp=65.7,65.710526,3.34491258562788,water,melon
watermelons,2,water+melons ratingcmp=70.2,70.239998,2.592864137808441,water,melons
muskmelons,2,musk+melons ratingcmp=42.5,42.535713,0.0,musk,melons
clergymen,2,clergy+men ratingcmp=74.7,74.666664,1.768955396864122,clergy,men
taxmen,2,tax+men ratingcmp=62.5,62.454544,1.768955396864122,tax,men
fishermen,2,fisher+men ratingcmp=89.9,89.90625,3.313023441214398,fisher,men
frontiersmen,2,frontiers+men ratingcmp=75.2,75.166664,1.768955396864122,frontiers,men
linesmen,2,lines+men ratingcmp=68.7,68.714287,1.893894133472422,lines,men
freedmen,2,freed+men ratingcmp=49.0,49.0,1.990804146480479,freed,men
barmen,2,bar+men ratingcmp=62.2,62.185184,1.893894133472422,bar,men
longshoremen,2,longshore+men ratingcmp=52.2,52.17857,2.29183414214446,longshore,men
cowmen,2,cow+men ratingcmp=48.9,48.892857,1.592864137808441,cow,men
patrolmen,2,patrol+men ratingcmp=82.9,82.89286,2.614053436878379,patrol,men
bowmen,2,bow+men ratingcmp=71.7,71.678574,2.29183414214446,bow,men
bellmen,2,bell+men ratingcmp=56.8,56.814816,1.592864137808441,bell,men
batmen,2,bat+men ratingcmp=68.2,68.214287,1.68,bat,men
guardsmen,2,guards+men ratingcmp=86.6,86.625,2.522283063522734,guards,men
firemen,2,fire+men ratingcmp=82.4,82.366669,3.333226827302685,fire,men
cavemen,2,cave+men ratingcmp=91.8,91.758621,2.634256822966666,cave,men
aldermen,2,alder+men ratingcmp=42.5,42.5,1.592864137808441,alder,men
gentlemen,2,gentle+men ratingcmp=73.8,73.76667,5.188084704606098,gentle,men
headsmen,2,heads+men ratingcmp=52.0,51.954544,0.0,heads,men
newsmen,2,news+men ratingcmp=83.5,83.451614,2.495954124800384,news,men
bandsmen,2,bands+men ratingcmp=66.8,66.761902,1.54,bands,men
artillerymen,2,artillery+men ratingcmp=68.5,68.535713,1.592864137808441,artillery,men
bondmen,2,bond+men ratingcmp=61.2,61.172413,1.23,bond,men
chairmen,2,chair+men ratingcmp=49.3,49.266666,1.768955396864122,chair,men
congressmen,2,congress+men ratingcmp=88.7,88.699997,2.963932000080177,congress,men
watchmen,2,watch+men ratingcmp=79.8,79.800003,2.29183414214446,watch,men
draftsmen,2,drafts+men ratingcmp=51.3,51.32143,1.768955396864122,drafts,men
madmen,2,mad+men ratingcmp=76.3,76.300003,2.706807490115278,mad,men
pitchmen,2,pitch+men ratingcmp=46.6,46.615383,1.592864137808441,pitch,men
tribesmen,2,tribes+men ratingcmp=72.7,72.678574,2.405777494451296,tribes,men
townsmen,2,towns+men ratingcmp=84.2,84.178574,1.990804146480479,towns,men
herdsmen,2,herds+men ratingcmp=63.9,63.919998,2.48,herds,men
craftsmen,2,crafts+men ratingcmp=74.6,74.551727,2.653561978162053,crafts,men
huntsmen,2,hunts+men ratingcmp=65.9,65.916664,1.893894133472422,hunts,men
aircraftmen,2,aircraft+men ratingcmp=86.2,86.208336,0.0,aircraft,men
gasmen,2,gas+men ratingcmp=62.8,62.75,0.0,gas,men
footmen,2,foot+men ratingcmp=43.9,43.863636,2.333226827302685,foot,men
swordsmen,2,swords+men ratingcmp=71.8,71.818184,2.405777494451296,swords,men
freshmen,2,fresh+men ratingcmp=64.3,64.300003,3.260317090698395,fresh,men
freemen,2,free+men ratingcmp=71.0,71.0,1.893894133472422,free,men
kinsmen,2,kins+men ratingcmp=66.2,66.25,2.194924129136403,kins,men
strongmen,2,strong+men ratingcmp=73.8,73.807693,1.592864137808441,strong,men
plowmen,2,plow+men ratingcmp=59.3,59.285713,1.768955396864122,plow,men
journeymen,2,journey+men ratingcmp=60.3,60.291668,1.768955396864122,journey,men
stablemen,2,stable+men ratingcmp=76.5,76.533333,0.0,stable,men
showmen,2,show+men ratingcmp=73.7,73.677422,1.768955396864122,show,men
chessmen,2,chess+men ratingcmp=67.7,67.714287,1.79,chess,men
militiamen,2,militia+men ratingcmp=67.1,67.066666,2.7,militia,men
groomsmen,2,grooms+men ratingcmp=78.1,78.137932,2.371015388192085,grooms,men
linkmen,2,link+men ratingcmp=42.8,42.833332,0.0,link,men
servicemen,2,service+men ratingcmp=83.0,83.0,2.738992173486679,service,men
woodmen,2,wood+men ratingcmp=65.4,65.360001,1.990804146480479,wood,men
airmen,2,air+men ratingcmp=74.5,74.516129,2.835902186494736,air,men
snowmen,2,snow+men ratingcmp=85.3,85.333336,1.990804146480479,snow,men
husbandmen,2,husband+men ratingcmp=67.6,67.586205,1.55,husband,men
musclemen,2,muscle+men ratingcmp=81.4,81.39286,1.592864137808441,muscle,men
ferrymen,2,ferry+men ratingcmp=77.2,77.178574,1.13,ferry,men
busmen,2,bus+men ratingcmp=66.1,66.111115,0.0,bus,men
laundrymen,2,laundry+men ratingcmp=83.6,83.60714,0.0,laundry,men
infantrymen,2,infantry+men ratingcmp=60.1,60.099998,1.893894133472422,infantry,men
oarsmen,2,oars+men ratingcmp=52.8,52.75,2.136932182158717,oars,men
clansmen,2,clans+men ratingcmp=63.7,63.67857,1.592864137808441,clans,men
handymen,2,handy+men ratingcmp=88.3,88.300003,2.069985392528103,handy,men
trenchermen,2,trencher+men ratingcmp=62.6,62.575756,0.0,trencher,men
postmen,2,post+men ratingcmp=63.3,63.285713,2.069985392528103,post,men
newspapermen,2,newspaper+men ratingcmp=76.0,76.0,2.835902186494736,newspaper,men
statesmen,2,states+men ratingcmp=67.7,67.666664,2.405777494451296,states,men
selectmen,2,select+men ratingcmp=41.2,41.227272,2.29183414214446,select,men
groundsmen,2,grounds+men ratingcmp=65.5,65.481483,1.42,grounds,men
deliverymen,2,delivery+men ratingcmp=89.8,89.757576,1.46,delivery,men
jurymen,2,jury+men ratingcmp=84.1,84.125,0.0,jury,men
spokesmen,2,spokes+men ratingcmp=66.1,66.071426,2.333226827302685,spokes,men
helmsmen,2,helms+men ratingcmp=58.1,58.107143,1.44,helms,men
assemblymen,2,assembly+men ratingcmp=62.2,62.185184,1.592864137808441,assembly,men
merchantmen,2,merchant+men ratingcmp=83.8,83.785713,1.768955396864122,merchant,men
salesmen,2,sales+men ratingcmp=82.2,82.23333,3.28746933674201,sales,men
quarrymen,2,quarry+men ratingcmp=48.9,48.857143,1.592864137808441,quarry,men
seamen,2,sea+men ratingcmp=74.7,74.714287,2.893894133472422,sea,men
laymen,2,lay+men ratingcmp=42.3,42.344826,1.990804146480479,lay,men
liverymen,2,livery+men ratingcmp=42.1,42.129032,0.0,livery,men
railwaymen,2,railway+men ratingcmp=79.3,79.275864,1.95,railway,men
lumbermen,2,lumber+men ratingcmp=75.4,75.384613,1.592864137808441,lumber,men
committeemen,2,committee+men ratingcmp=67.0,66.964287,1.49,committee,men
cavalrymen,2,cavalry+men ratingcmp=81.2,81.206894,1.768955396864122,cavalry,men
churchmen,2,church+men ratingcmp=88.9,88.900002,2.194924129136403,church,men
cameramen,2,camera+men ratingcmp=89.3,89.333336,2.570587743097289,camera,men
pressmen,2,press+men ratingcmp=41.7,41.714287,1.592864137808441,press,men
plainsmen,2,plains+men ratingcmp=61.4,61.366665,1.31,plains,men
frogmen,2,frog+men ratingcmp=46.6,46.625,2.246076651583785,frog,men
repairmen,2,repair+men ratingcmp=90.6,90.620689,2.194924129136403,repair,men
boatmen,2,boat+men ratingcmp=84.4,84.413795,2.069985392528103,boat,men
bargemen,2,barge+men ratingcmp=65.4,65.380951,1.768955396864122,barge,men
placemen,2,place+men ratingcmp=53.4,53.42857,1.33,place,men
middlemen,2,middle+men ratingcmp=76.3,76.3125,2.467925401200141,middle,men
dustmen,2,dust+men ratingcmp=48.1,48.119999,1.26,dust,men
brakemen,2,brake+men ratingcmp=33.1,33.115383,1.768955396864122,brake,men
bondsmen,2,bonds+men ratingcmp=51.5,51.464287,2.069985392528103,bonds,men
businessmen,2,business+men ratingcmp=93.8,93.827583,3.395637863100417,business,men
gunmen,2,gun+men ratingcmp=84.7,84.689651,3.104747498787316,gun,men
oilmen,2,oil+men ratingcmp=66.3,66.346153,1.592864137808441,oil,men
linemen,2,line+men ratingcmp=57.4,57.433334,2.246076651583785,line,men
batsmen,2,bats+men ratingcmp=47.9,47.888889,1.592864137808441,bats,men
bogeymen,2,bogey+men ratingcmp=48.5,48.5,2.136932182158717,bogey,men
nurserymen,2,nursery+men ratingcmp=62.5,62.548386,1.33,nursery,men
councilmen,2,council+men ratingcmp=82.6,82.60714,2.371015388192085,council,men
dairymen,2,dairy+men ratingcmp=71.0,71.0,1.592864137808441,dairy,men
yachtsmen,2,yachts+men ratingcmp=81.0,81.032257,1.768955396864122,yachts,men
mailmen,2,mail+men ratingcmp=89.2,89.25,2.333226827302685,mail,men
cattlemen,2,cattle+men ratingcmp=78.8,78.833336,2.706807490115278,cattle,men
riflemen,2,rifle+men ratingcmp=87.6,87.599998,2.333226827302685,rifle,men
steersmen,2,steers+men ratingcmp=48.7,48.67857,0.0,steers,men
milkmen,2,milk+men ratingcmp=81.6,81.64286,1.990804146480479,milk,men
workmen,2,work+men ratingcmp=87.4,87.39286,2.999404318242396,work,men
trainmen,2,train+men ratingcmp=73.2,73.199997,1.45,train,men
icemen,2,ice+men ratingcmp=75.4,75.375,1.29,ice,men
weathermen,2,weather+men ratingcmp=72.3,72.285713,1.990804146480479,weather,men
vestrymen,2,vestry+men ratingcmp=42.1,42.064518,1.13,vestry,men
signalmen,2,signal+men ratingcmp=79.3,79.296295,1.48,signal,men
backwoodsmen,2,backwoods+men ratingcmp=56.3,56.285713,1.768955396864122,backwoods,men
midshipmen,2,midship+men ratingcmp=51.1,51.074074,2.29183414214446,midship,men
motormen,2,motor+men ratingcmp=74.5,74.533333,1.27,motor,men
doormen,2,door+men ratingcmp=78.5,78.46875,2.246076651583785,door,men
fieldsmen,2,fields+men ratingcmp=69.5,69.5,0.0,fields,men
landsmen,2,lands+men ratingcmp=48.3,48.279999,1.592864137808441,lands,men
hangmen,2,hang+men ratingcmp=69.1,69.0625,1.768955396864122,hang,men
policemen,2,police+men ratingcmp=90.7,90.666664,3.588499332405991,police,men
headmen,2,head+men ratingcmp=53.0,53.0,1.592864137808441,head,men
highwaymen,2,highway+men ratingcmp=64.9,64.89286,1.592864137808441,highway,men
countrymen,2,country+men ratingcmp=85.9,85.933334,3.216113428206341,country,men
noblemen,2,noble+men ratingcmp=85.4,85.375,2.371015388192085,noble,men
woodsmen,2,woods+men ratingcmp=75.0,75.041664,2.194924129136403,woods,men
crewmen,2,crew+men ratingcmp=88.5,88.516129,2.835902186494736,crew,men
coachmen,2,coach+men ratingcmp=66.6,66.586205,1.592864137808441,coach,men
yardmen,2,yard+men ratingcmp=77.8,77.800003,0.0,yard,men
bushmen,2,bush+men ratingcmp=70.0,69.959999,2.136932182158717,bush,men
lettermen,2,letter+men ratingcmp=71.7,71.678574,1.45,letter,men
tradesmen,2,trades+men ratingcmp=79.4,79.375,2.069985392528103,trades,men
workingmen,2,working+men ratingcmp=90.7,90.724136,1.768955396864122,working,men
lawmen,2,law+men ratingcmp=74.8,74.785713,2.371015388192085,law,men
sportsmen,2,sports+men ratingcmp=83.1,83.068962,2.405777494451296,sports,men
sandmen,2,sand+men ratingcmp=57.9,57.863636,2.136932182158717,sand,men
penmen,2,pen+men ratingcmp=55.2,55.206898,1.14,pen,men
marksmen,2,marks+men ratingcmp=50.8,50.75,2.570587743097289,marks,men
spacemen,2,space+men ratingcmp=86.9,86.92308,2.069985392528103,space,men
horsemen,2,horse+men ratingcmp=82.1,82.071426,3.024227901967429,horse,men
housemen,2,house+men ratingcmp=54.2,54.18182,0.0,house,men
anchormen,2,anchor+men ratingcmp=61.2,61.18182,1.990804146480479,anchor,men
gunmetal,2,gun+metal ratingcmp=50.5,50.53846,1.768955396864122,gun,metal
taximeter,2,taxi+meter ratingcmp=70.2,70.214287,1.38,taxi,meter
audiometer,2,audio+meter ratingcmp=82.0,82.0,1.12,audio,meter
fluxmeter,2,flux+meter ratingcmp=53.4,53.407406,0.0,flux,meter
voltmeter,2,volt+meter ratingcmp=75.1,75.068962,1.592864137808441,volt,meter
gaussmeter,2,gauss+meter ratingcmp=44.1,44.086956,0.0,gauss,meter
ohmmeter,2,ohm+meter ratingcmp=61.1,61.125,1.29,ohm,meter
voltmeters,2,volt+meters ratingcmp=81.4,81.379311,1.12,volt,meters
ohmmeters,2,ohm+meters ratingcmp=67.1,67.137932,0.0,ohm,meters
audiometers,2,audio+meters ratingcmp=71.4,71.433334,0.0,audio,meters
photometers,2,photo+meters ratingcmp=56.1,56.080002,1.33,photo,meters
taximeters,2,taxi+meters ratingcmp=65.5,65.519997,1.01,taxi,meters
fieldmice,2,field+mice ratingcmp=83.6,83.59375,0.0,field,mice
buttermilk,2,butter+milk ratingcmp=66.5,66.513512,3.091174691598042,butter,milk
foremilk,2,fore+milk ratingcmp=40.2,40.17857,0.0,fore,milk
soymilk,2,soy+milk ratingcmp=87.4,87.384613,1.85,soy,milk
ginmill,2,gin+mill ratingcmp=52.3,52.299999,0.0,gin,mill
lumbermill,2,lumber+mill ratingcmp=84.4,84.433334,0.0,lumber,mill
gristmill,2,grist+mill ratingcmp=52.2,52.166668,1.768955396864122,grist,mill
windmill,2,wind+mill ratingcmp=72.4,72.384613,3.111378077686329,wind,mill
sawmill,2,saw+mill ratingcmp=78.1,78.103447,2.634256822966666,saw,mill
spicemill,2,spice+mill ratingcmp=60.5,60.541668,0.0,spice,mill
treadmill,2,tread+mill ratingcmp=43.0,42.974358,2.925302597724047,tread,mill
windmills,2,wind+mills ratingcmp=70.4,70.400002,2.754232140043416,wind,mills
treadmills,2,tread+mills ratingcmp=33.7,33.714287,1.893894133472422,tread,mills
gristmills,2,grist+mills ratingcmp=41.0,40.954544,1.01,grist,mills
sawmills,2,saw+mills ratingcmp=81.0,80.964287,1.592864137808441,saw,mills
mastermind,2,master+mind ratingcmp=78.2,78.210526,3.136932182158717,master,mind
feeblemindedness,2,feeble+mindedness ratingcmp=67.0,67.041664,0.0,feeble,mindedness
babyminder,2,baby+minder ratingcmp=43.3,43.279999,0.0,baby,minder
netminder,2,net+minder ratingcmp=43.2,43.166668,1.82,net,minder
masterminds,2,master+minds ratingcmp=74.9,74.86364,2.333226827302685,master,minds
goldmine,2,gold+mine ratingcmp=87.4,87.421051,2.467925401200141,gold,mine
goldmines,2,gold+mines ratingcmp=90.9,90.851852,1.592864137808441,gold,mines
topminnow,2,top+minnow ratingcmp=31.9,31.931034,0.0,top,minnow
applemint,2,apple+mint ratingcmp=72.6,72.586205,0.0,apple,mint
peppermint,2,pepper+mint ratingcmp=55.1,55.078949,3.149166638575728,pepper,mint
catmint,2,cat+mint ratingcmp=50.1,50.07143,1.18,cat,mint
spearmint,2,spear+mint ratingcmp=31.8,31.837837,2.136932182158717,spear,mint
horsemint,2,horse+mint ratingcmp=36.6,36.629631,0.0,horse,mint
peppermints,2,pepper+mints ratingcmp=64.0,63.967743,2.333226827302685,pepper,mints
headmistress,2,head+mistress ratingcmp=61.5,61.514286,2.522283063522734,head,mistress
taskmistress,2,task+mistress ratingcmp=52.7,52.68182,0.0,task,mistress
postmistress,2,post+mistress ratingcmp=52.4,52.360001,1.592864137808441,post,mistress
schoolmistress,2,school+mistress ratingcmp=54.2,54.200001,1.893894133472422,school,mistress
postmistresses,2,post+mistresses ratingcmp=60.7,60.696968,0.0,post,mistresses
schoolmistresses,2,school+mistresses ratingcmp=73.1,73.083336,0.0,school,mistresses
headmistresses,2,head+mistresses ratingcmp=67.3,67.333336,1.38,head,mistresses
taskmistresses,2,task+mistresses ratingcmp=63.5,63.466667,0.0,task,mistresses
bookmobile,2,book+mobile ratingcmp=60.9,60.931034,1.768955396864122,book,mobile
snowmobile,2,snow+mobile ratingcmp=81.8,81.821426,2.495954124800384,snow,mobile
bloodmobile,2,blood+mobile ratingcmp=37.7,37.666668,1.768955396864122,blood,mobile
bloodmobiles,2,blood+mobiles ratingcmp=44.7,44.655174,0.0,blood,mobiles
snowmobiles,2,snow+mobiles ratingcmp=81.9,81.869568,1.990804146480479,snow,mobiles
bookmobiles,2,book+mobiles ratingcmp=58.5,58.5,1.16,book,mobiles
hoodmold,2,hood+mold ratingcmp=37.8,37.791668,0.0,hood,mold
supermom,2,super+mom ratingcmp=79.0,78.964287,2.194924129136403,super,mom
scaremonger,2,scare+monger ratingcmp=53.7,53.741936,1.592864137808441,scare,monger
wordmonger,2,word+monger ratingcmp=56.1,56.133335,0.0,word,monger
fashionmonger,2,fashion+monger ratingcmp=62.3,62.258064,0.0,fashion,monger
ironmonger,2,iron+monger ratingcmp=41.6,41.576923,1.592864137808441,iron,monger
warmonger,2,war+monger ratingcmp=52.1,52.078949,2.194924129136403,war,monger
whoremonger,2,whore+monger ratingcmp=44.1,44.105263,1.893894133472422,whore,monger
rumourmonger,2,rumour+monger ratingcmp=57.5,57.541668,0.0,rumour,monger
cheesemonger,2,cheese+monger ratingcmp=42.6,42.576923,1.592864137808441,cheese,monger
rumormonger,2,rumor+monger ratingcmp=54.8,54.82143,1.592864137808441,rumor,monger
gossipmonger,2,gossip+monger ratingcmp=64.0,64.0,1.768955396864122,gossip,monger
scandalmonger,2,scandal+monger ratingcmp=38.5,38.525002,1.592864137808441,scandal,monger
fishmonger,2,fish+monger ratingcmp=38.8,38.846153,2.136932182158717,fish,monger
hatemonger,2,hate+monger ratingcmp=60.1,60.103447,1.31,hate,monger
newsmonger,2,news+monger ratingcmp=45.0,45.033333,0.0,news,monger
gossipmongering,2,gossip+mongering ratingcmp=54.3,54.291668,0.0,gossip,mongering
scandalmongering,2,scandal+mongering ratingcmp=62.8,62.82143,0.0,scandal,mongering
warmongering,2,war+mongering ratingcmp=51.9,51.896553,2.136932182158717,war,mongering
scaremongers,2,scare+mongers ratingcmp=52.7,52.709679,1.13,scare,mongers
warmongers,2,war+mongers ratingcmp=53.3,53.26923,2.069985392528103,war,mongers
fishmongers,2,fish+mongers ratingcmp=50.0,50.0,1.893894133472422,fish,mongers
hatemongers,2,hate+mongers ratingcmp=59.0,58.964287,1.592864137808441,hate,mongers
scandalmongers,2,scandal+mongers ratingcmp=52.5,52.47826,1.768955396864122,scandal,mongers
rumormongers,2,rumor+mongers ratingcmp=53.5,53.541668,1.592864137808441,rumor,mongers
ironmongers,2,iron+mongers ratingcmp=58.2,58.208332,1.53,iron,mongers
twelvemonth,2,twelve+month ratingcmp=66.3,66.259262,1.592864137808441,twelve,month
twelvemonths,2,twelve+months ratingcmp=82.6,82.551727,0.0,twelve,months
honeymoon,2,honey+moon ratingcmp=24.7,24.743589,4.209339651697007,honey,moon
honeymoons,2,honey+moons ratingcmp=30.4,30.392857,2.437962177822698,honey,moons
dustmop,2,dust+mop ratingcmp=84.9,84.888885,0.0,dust,mop
rollmops,2,roll+mops ratingcmp=35.7,35.703705,0.0,roll,mops
spikemoss,2,spike+moss ratingcmp=40.0,40.040001,0.0,spike,moss
ditchmoss,2,ditch+moss ratingcmp=45.3,45.333332,0.0,ditch,moss
hawkmoth,2,hawk+moth ratingcmp=52.0,52.0,1.46,hawk,moth
grandmother,2,grand+mother ratingcmp=62.7,62.729729,4.443510372991508,grand,mother
stepmother,2,step+mother ratingcmp=38.6,38.594593,3.628293875992989,step,mother
housemother,2,house+mother ratingcmp=61.8,61.846153,2.069985392528103,house,mother
godmother,2,god+mother ratingcmp=41.7,41.702702,3.210912234520534,god,mother
housemothers,2,house+mothers ratingcmp=62.2,62.240002,0.0,house,mothers
grandmothers,2,grand+mothers ratingcmp=68.6,68.566666,2.783195835978733,grand,mothers
godmothers,2,god+mothers ratingcmp=56.3,56.304348,1.893894133472422,god,mothers
hoodmould,2,hood+mould ratingcmp=41.9,41.933334,0.0,hood,mould
seamount,2,sea+mount ratingcmp=57.1,57.083332,1.92,sea,mount
titmouse,2,tit+mouse ratingcmp=34.9,34.903225,2.194924129136403,tit,mouse
shrewmouse,2,shrew+mouse ratingcmp=52.4,52.392857,0.0,shrew,mouse
fieldmouse,2,field+mouse ratingcmp=83.8,83.838707,1.14,field,mouse
motormouth,2,motor+mouth ratingcmp=44.7,44.73077,2.495954124800384,motor,mouth
largemouth,2,large+mouth ratingcmp=54.8,54.76923,1.893894133472422,large,mouth
loudmouth,2,loud+mouth ratingcmp=75.2,75.216217,3.024227901967429,loud,mouth
cottonmouth,2,cotton+mouth ratingcmp=63.6,63.599998,1.768955396864122,cotton,mouth
frogmouth,2,frog+mouth ratingcmp=59.0,58.958332,1.11,frog,mouth
goalmouth,2,goal+mouth ratingcmp=38.1,38.07143,1.58,goal,mouth
smallmouth,2,small+mouth ratingcmp=75.1,75.07692,2.2,small,mouth
blabbermouth,2,blabber+mouth ratingcmp=80.2,80.241379,2.754232140043416,blabber,mouth
wrymouth,2,wry+mouth ratingcmp=44.3,44.304348,0.0,wry,mouth
blabbermouths,2,blabber+mouths ratingcmp=76.7,76.666664,0.0,blabber,mouths
cottonmouths,2,cotton+mouths ratingcmp=48.2,48.227272,2.136932182158717,cotton,mouths
motormouths,2,motor+mouths ratingcmp=51.8,51.833332,0.0,motor,mouths
goalmouths,2,goal+mouths ratingcmp=35.4,35.392857,0.0,goal,mouths
loudmouths,2,loud+mouths ratingcmp=86.0,86.035713,1.48,loud,mouths
haymow,2,hay+mow ratingcmp=31.5,31.454546,0.0,hay,mow
haymows,2,hay+mows ratingcmp=27.6,27.607143,0.0,hay,mows
earmuff,2,ear+muff ratingcmp=57.6,57.636364,1.893894133472422,ear,muff
earmuffs,2,ear+muffs ratingcmp=76.5,76.5,2.547106647247766,ear,muffs
hobnail,2,hob+nail ratingcmp=34.0,33.964287,1.990804146480479,hob,nail
treenail,2,tree+nail ratingcmp=55.6,55.551723,0.0,tree,nail
hangnail,2,hang+nail ratingcmp=68.2,68.23333,2.495954124800384,hang,nail
thumbnail,2,thumb+nail ratingcmp=52.3,52.342857,2.194924129136403,thumb,nail
fingernail,2,finger+nail ratingcmp=75.4,75.351349,3.130683232881715,finger,nail
doornail,2,door+nail ratingcmp=61.7,61.702702,2.860035866211455,door,nail
toenail,2,toe+nail ratingcmp=87.4,87.425003,2.945046655919803,toe,nail
hobnails,2,hob+nails ratingcmp=30.8,30.785715,1.07,hob,nails
fingernails,2,finger+nails ratingcmp=79.9,79.935486,3.616116597442153,finger,nails
hangnails,2,hang+nails ratingcmp=66.8,66.846153,1.768955396864122,hang,nails
thumbnails,2,thumb+nails ratingcmp=55.2,55.208332,1.768955396864122,thumb,nails
toenails,2,toe+nails ratingcmp=91.7,91.666664,3.246076651583785,toe,nails
filename,2,file+name ratingcmp=83.9,83.92308,2.66,file,name
forename,2,fore+name ratingcmp=66.8,66.75,1.57,fore,name
nickname,2,nick+name ratingcmp=29.9,29.931818,3.832163616935333,nick,name
nicknames,2,nick+names ratingcmp=43.8,43.774193,2.963932000080177,nick,names
catnap,2,cat+nap ratingcmp=55.7,55.700001,2.29183414214446,cat,nap
kidnapper,2,kid+napper ratingcmp=36.0,36.0,3.607804487601378,kid,napper
kidnappers,2,kid+nappers ratingcmp=49.0,48.965519,3.498660018176309,kid,nappers
kidnapping,2,kid+napping ratingcmp=25.8,25.806452,4.082822617233276,kid,napping
catnaps,2,cat+naps ratingcmp=57.0,56.959999,1.768955396864122,cat,naps
supernaturals,2,super+naturals ratingcmp=76.3,76.310349,1.67,super,naturals
dreadnaught,2,dread+naught ratingcmp=44.4,44.380951,1.592864137808441,dread,naught
gooseneck,2,goose+neck ratingcmp=59.1,59.142857,1.592864137808441,goose,neck
littleneck,2,little+neck ratingcmp=56.8,56.772728,1.08,little,neck
leatherneck,2,leather+neck ratingcmp=46.2,46.162163,1.768955396864122,leather,neck
bottleneck,2,bottle+neck ratingcmp=57.6,57.615383,2.723197906303447,bottle,neck
roughneck,2,rough+neck ratingcmp=44.2,44.18919,2.810348082022347,rough,neck
fiddleneck,2,fiddle+neck ratingcmp=40.5,40.5,0.0,fiddle,neck
wryneck,2,wry+neck ratingcmp=30.0,30.040001,1.35,wry,neck
swanneck,2,swan+neck ratingcmp=56.4,56.419353,0.0,swan,neck
rubberneck,2,rubber+neck ratingcmp=35.7,35.674999,1.893894133472422,rubber,neck
redneck,2,red+neck ratingcmp=33.4,33.375,3.250875534465553,red,neck
turtleneck,2,turtle+neck ratingcmp=44.4,44.36842,2.925302597724047,turtle,neck
crookneck,2,crook+neck ratingcmp=53.4,53.42857,0.0,crook,neck
rubbernecker,2,rubber+necker ratingcmp=36.2,36.192307,1.768955396864122,rubber,necker
bottlenecks,2,bottle+necks ratingcmp=74.8,74.76667,1.768955396864122,bottle,necks
turtlenecks,2,turtle+necks ratingcmp=40.9,40.909092,2.246076651583785,turtle,necks
rednecks,2,red+necks ratingcmp=45.3,45.32,2.672045383856066,red,necks
roughnecks,2,rough+necks ratingcmp=43.4,43.439999,2.634256822966666,rough,necks
crooknecks,2,crook+necks ratingcmp=46.5,46.517242,0.0,crook,necks
leathernecks,2,leather+necks ratingcmp=42.1,42.125,2.194924129136403,leather,necks
rubbernecks,2,rubber+necks ratingcmp=48.9,48.854168,1.592864137808441,rubber,necks
grandnephew,2,grand+nephew ratingcmp=57.8,57.842106,1.768955396864122,grand,nephew
birdnest,2,bird+nest ratingcmp=94.5,94.520836,0.0,bird,nest
birdnesting,2,bird+nesting ratingcmp=78.8,78.760002,0.0,bird,nesting
dragnet,2,drag+net ratingcmp=57.5,57.548386,2.570587743097289,drag,net
wordnet,2,word+net ratingcmp=55.8,55.75,1.65,word,net
fishnet,2,fish+net ratingcmp=85.4,85.39286,2.371015388192085,fish,net
ethernet,2,ether+net ratingcmp=23.4,23.384615,1.768955396864122,ether,net
hairnet,2,hair+net ratingcmp=85.1,85.068184,2.405777494451296,hair,net
hairnets,2,hair+nets ratingcmp=88.4,88.375,2.136932182158717,hair,nets
fishnets,2,fish+nets ratingcmp=81.6,81.59259,2.29183414214446,fish,nets
dragnets,2,drag+nets ratingcmp=29.9,29.851852,0.0,drag,nets
grandniece,2,grand+niece ratingcmp=55.4,55.405407,1.768955396864122,grand,niece
weeknight,2,week+night ratingcmp=83.0,83.0,2.136932182158717,week,night
midnight,2,mid+night ratingcmp=90.7,90.714287,4.452602704005588,mid,night
weeknights,2,week+nights ratingcmp=83.0,82.964287,2.069985392528103,week,nights
midnights,2,mid+nights ratingcmp=80.8,80.821426,1.893894133472422,mid,nights
catnip,2,cat+nip ratingcmp=39.9,39.891891,2.634256822966666,cat,nip
eggnog,2,egg+nog ratingcmp=59.2,59.166668,3.194924129136404,egg,nog
afternoon,2,after+noon ratingcmp=89.0,88.966667,4.960871943029616,after,noon
afternoons,2,after+noons ratingcmp=88.4,88.433334,3.300434313906377,after,noons
hooknose,2,hook+nose ratingcmp=48.0,48.037037,0.0,hook,nose
bluenose,2,blue+nose ratingcmp=44.9,44.92857,1.768955396864122,blue,nose
bullnose,2,bull+nose ratingcmp=54.6,54.633335,1.36,bull,nose
bladdernose,2,bladder+nose ratingcmp=24.2,24.16,0.0,bladder,nose
bottlenose,2,bottle+nose ratingcmp=58.0,58.041668,1.768955396864122,bottle,nose
conenose,2,cone+nose ratingcmp=40.8,40.84,0.0,cone,nose
bluenoses,2,blue+noses ratingcmp=37.2,37.214287,1.768955396864122,blue,noses
whatnot,2,what+not ratingcmp=53.0,53.0,3.300434313906377,what,not
keynote,2,key+note ratingcmp=49.7,49.729729,2.823313059186715,key,note
footnote,2,foot+note ratingcmp=42.0,42.0,2.570587743097289,foot,note
banknote,2,bank+note ratingcmp=59.9,59.864864,2.136932182158717,bank,note
banknotes,2,bank+notes ratingcmp=74.7,74.714287,2.371015388192085,bank,notes
keynotes,2,key+notes ratingcmp=71.6,71.633331,1.592864137808441,key,notes
footnotes,2,foot+notes ratingcmp=52.2,52.185184,2.405777494451296,foot,notes
dreadnought,2,dread+nought ratingcmp=34.8,34.758621,1.893894133472422,dread,nought
wetnurse,2,wet+nurse ratingcmp=39.0,39.0,1.05,wet,nurse
bitternut,2,bitter+nut ratingcmp=65.3,65.291664,0.0,bitter,nut
doughnut,2,dough+nut ratingcmp=37.1,37.078949,3.626287893295391,dough,nut
thumbnut,2,thumb+nut ratingcmp=35.8,35.84,0.0,thumb,nut
beechnut,2,beech+nut ratingcmp=42.2,42.200001,1.41,beech,nut
earthnut,2,earth+nut ratingcmp=62.9,62.851852,0.0,earth,nut
pignut,2,pig+nut ratingcmp=35.0,35.0,1.14,pig,nut
chestnut,2,chest+nut ratingcmp=49.1,49.068966,3.111378077686329,chest,nut
butternut,2,butter+nut ratingcmp=44.7,44.736843,2.246076651583785,butter,nut
cocoanut,2,cocoa+nut ratingcmp=55.6,55.57143,2.796984120464366,cocoa,nut
locknut,2,lock+nut ratingcmp=41.0,40.964287,1.893894133472422,lock,nut
mockernut,2,mocker+nut ratingcmp=38.0,38.041668,0.0,mocker,nut
coconut,2,coco+nut ratingcmp=39.8,39.783783,3.662902004416196,coco,nut
candlenut,2,candle+nut ratingcmp=31.0,30.959999,0.0,candle,nut
cobnut,2,cob+nut ratingcmp=38.4,38.391304,0.0,cob,nut
hazelnut,2,hazel+nut ratingcmp=72.1,72.07692,2.29183414214446,hazel,nut
peanut,2,pea+nut ratingcmp=51.0,50.971428,4.091863501388595,pea,nut
groundnut,2,ground+nut ratingcmp=68.6,68.60714,2.29,ground,nut
cobnuts,2,cob+nuts ratingcmp=41.0,41.041668,0.0,cob,nuts
chestnuts,2,chest+nuts ratingcmp=31.4,31.387096,2.999404318242396,chest,nuts
groundnuts,2,ground+nuts ratingcmp=71.8,71.761902,1.9,ground,nuts
coconuts,2,coco+nuts ratingcmp=52.3,52.285713,2.963932000080177,coco,nuts
hazelnuts,2,hazel+nuts ratingcmp=71.2,71.199997,1.768955396864122,hazel,nuts
butternuts,2,butter+nuts ratingcmp=46.2,46.173912,1.32,butter,nuts
beechnuts,2,beech+nuts ratingcmp=43.2,43.16,1.592864137808441,beech,nuts
peanuts,2,pea+nuts ratingcmp=45.2,45.225807,3.878421446816215,pea,nuts
cutoff,2,cut+off ratingcmp=80.2,80.161293,2.783195835978733,cut,off
putoff,2,put+off ratingcmp=78.2,78.172417,0.0,put,off
tradeoff,2,trade+off ratingcmp=56.6,56.555557,2.246076651583785,trade,off
playoff,2,play+off ratingcmp=55.6,55.63158,2.796984120464366,play,off
runoff,2,run+off ratingcmp=67.3,67.310349,2.333226827302685,run,off
takeoff,2,take+off ratingcmp=70.2,70.178574,3.392204687262023,take,off
selloff,2,sell+off ratingcmp=70.7,70.727272,2.1,sell,off
layoff,2,lay+off ratingcmp=58.2,58.206898,2.371015388192085,lay,off
kickoff,2,kick+off ratingcmp=55.7,55.692307,3.024227901967429,kick,off
blastoff,2,blast+off ratingcmp=80.1,80.07692,2.810348082022347,blast,off
payoff,2,pay+off ratingcmp=63.7,63.724136,3.348738993480933,pay,off
setoff,2,set+off ratingcmp=74.9,74.928574,1.07,set,off
turnoff,2,turn+off ratingcmp=63.3,63.333332,2.860035866211455,turn,off
liftoff,2,lift+off ratingcmp=74.1,74.14286,2.823313059186715,lift,off
standoff,2,stand+off ratingcmp=50.4,50.444443,2.848136642911747,stand,off
knockoff,2,knock+off ratingcmp=44.5,44.52,2.672045383856066,knock,off
falloff,2,fall+off ratingcmp=82.3,82.333336,1.9,fall,off
handoff,2,hand+off ratingcmp=55.5,55.52,2.405777494451296,hand,off
turnoffs,2,turn+offs ratingcmp=71.6,71.64286,1.990804146480479,turn,offs
cutoffs,2,cut+offs ratingcmp=71.6,71.64286,2.246076651583785,cut,offs
runoffs,2,run+offs ratingcmp=63.8,63.833332,2.02,run,offs
payoffs,2,pay+offs ratingcmp=62.6,62.57143,2.904617998864195,pay,offs
standoffs,2,stand+offs ratingcmp=45.9,45.880001,1.592864137808441,stand,offs
falloffs,2,fall+offs ratingcmp=56.6,56.636364,0.0,fall,offs
playoffs,2,play+offs ratingcmp=57.6,57.560001,3.216113428206341,play,offs
someone,2,some+one ratingcmp=70.3,70.333336,5.648872808963914,some,one
fibreoptics,2,fibre+optics ratingcmp=59.8,59.826088,0.0,fibre,optics
fiberoptics,2,fiber+optics ratingcmp=73.4,73.419357,0.0,fiber,optics
battledore,2,battled+ore ratingcmp=30.9,30.935484,1.19,battled,ore
battledores,2,battled+ores ratingcmp=36.8,36.791668,0.0,battled,ores
fluidounce,2,fluid+ounce ratingcmp=61.0,61.034481,0.0,fluid,ounce
checkout,2,check+out ratingcmp=72.1,72.099998,3.104747498787316,check,out
buyout,2,buy+out ratingcmp=65.3,65.347824,2.371015388192085,buy,out
cutout,2,cut+out ratingcmp=85.2,85.19355,2.495954124800384,cut,out
putout,2,put+out ratingcmp=66.3,66.300003,1.19,put,out
washout,2,wash+out ratingcmp=69.0,69.034485,2.882898749170959,wash,out
takeout,2,take+out ratingcmp=74.9,74.875,3.210912234520534,take,out
holdout,2,hold+out ratingcmp=56.8,56.75,2.333226827302685,hold,out
blowout,2,blow+out ratingcmp=66.1,66.103447,3.178324867316942,blow,out
fadeout,2,fade+out ratingcmp=79.4,79.433334,1.893894133472422,fade,out
layout,2,lay+out ratingcmp=66.8,66.838707,3.544687173124353,lay,out
breakout,2,break+out ratingcmp=71.3,71.344826,2.522283063522734,break,out
walkout,2,walk+out ratingcmp=85.6,85.633331,3.264961995744159,walk,out
workout,2,work+out ratingcmp=43.4,43.400002,3.444122486527516,work,out
turnout,2,turn+out ratingcmp=62.3,62.333332,3.221253067858753,turn,out
knockout,2,knock+out ratingcmp=57.7,57.743591,3.524830252536614,knock,out
closeout,2,close+out ratingcmp=61.9,61.857143,2.12,close,out
blackout,2,black+out ratingcmp=73.7,73.724136,3.645942581291861,black,out
strikeout,2,strike+out ratingcmp=76.3,76.307693,2.614053436878379,strike,out
fallout,2,fall+out ratingcmp=60.4,60.448277,3.341052164814641,fall,out
dropout,2,drop+out ratingcmp=72.4,72.419357,2.935286818630647,drop,out
printout,2,print+out ratingcmp=79.4,79.40625,2.848136642911747,print,out
lookout,2,look+out ratingcmp=84.7,84.689651,3.649768989144914,look,out
shootout,2,shoot+out ratingcmp=63.5,63.535713,3.024227901967429,shoot,out
hideout,2,hide+out ratingcmp=71.0,70.966667,3.20031916102311,hide,out
cookout,2,cook+out ratingcmp=75.0,75.0,2.893894133472422,cook,out
shakeout,2,shake+out ratingcmp=59.6,59.592594,1.83,shake,out
wipeout,2,wipe+out ratingcmp=65.8,65.821426,2.467925401200141,wipe,out
shutout,2,shut+out ratingcmp=76.5,76.518517,2.405777494451296,shut,out
stakeout,2,stake+out ratingcmp=60.2,60.25,3.296155515927103,stake,out
whiteout,2,white+out ratingcmp=69.6,69.571426,2.246076651583785,white,out
handout,2,hand+out ratingcmp=65.9,65.933334,2.935286818630647,hand,out
hangout,2,hang+out ratingcmp=57.1,57.133335,2.882898749170959,hang,out
sellout,2,sell+out ratingcmp=77.1,77.137932,2.823313059186715,sell,out
foldout,2,fold+out ratingcmp=70.5,70.5,1.990804146480479,fold,out
dugout,2,dug+out ratingcmp=74.0,74.034485,2.963932000080177,dug,out
lockout,2,lock+out ratingcmp=77.5,77.5,2.522283063522734,lock,out
tryout,2,try+out ratingcmp=70.8,70.821426,2.945046655919803,try,out
copout,2,cop+out ratingcmp=37.1,37.142857,1.592864137808441,cop,out
printouts,2,print+outs ratingcmp=65.4,65.360001,2.371015388192085,print,outs
tryouts,2,try+outs ratingcmp=72.1,72.10714,3.111378077686329,try,outs
breakouts,2,break+outs ratingcmp=63.7,63.68,1.990804146480479,break,outs
foldouts,2,fold+outs ratingcmp=66.3,66.310349,0.0,fold,outs
buyouts,2,buy+outs ratingcmp=62.2,62.173912,1.768955396864122,buy,outs
cutouts,2,cut+outs ratingcmp=83.1,83.064514,2.246076651583785,cut,outs
stakeouts,2,stake+outs ratingcmp=50.5,50.48,2.495954124800384,stake,outs
sellouts,2,sell+outs ratingcmp=62.8,62.75,1.592864137808441,sell,outs
blackouts,2,black+outs ratingcmp=66.6,66.64286,3.189461233434901,black,outs
strikeouts,2,strike+outs ratingcmp=66.8,66.800003,2.437962177822698,strike,outs
walkouts,2,walk+outs ratingcmp=68.6,68.60714,2.194924129136403,walk,outs
turnouts,2,turn+outs ratingcmp=53.4,53.366665,1.592864137808441,turn,outs
hangouts,2,hang+outs ratingcmp=54.2,54.241379,2.371015388192085,hang,outs
cookouts,2,cook+outs ratingcmp=60.7,60.703705,2.069985392528103,cook,outs
checkouts,2,check+outs ratingcmp=71.6,71.619049,2.26,check,outs
hideouts,2,hide+outs ratingcmp=74.4,74.39286,2.136932182158717,hide,outs
putouts,2,put+outs ratingcmp=59.7,59.655174,1.03,put,outs
handouts,2,hand+outs ratingcmp=74.3,74.333336,2.796984120464366,hand,outs
blowouts,2,blow+outs ratingcmp=59.1,59.07143,2.194924129136403,blow,outs
lookouts,2,look+outs ratingcmp=81.8,81.8125,2.738992173486679,look,outs
holdouts,2,hold+outs ratingcmp=55.9,55.875,1.768955396864122,hold,outs
shakeouts,2,shake+outs ratingcmp=49.3,49.291668,0.0,shake,outs
changeover,2,change+over ratingcmp=56.5,56.51852,2.522283063522734,change,over
layover,2,lay+over ratingcmp=55.6,55.599998,2.706807490115278,lay,over
makeover,2,make+over ratingcmp=61.5,61.464287,3.216113428206341,make,over
slipover,2,slip+over ratingcmp=61.9,61.933334,0.0,slip,over
walkover,2,walk+over ratingcmp=75.3,75.310349,2.16,walk,over
crossover,2,cross+over ratingcmp=78.9,78.933334,2.614053436878379,cross,over
pushover,2,push+over ratingcmp=74.6,74.566666,3.098014116128347,push,over
stopover,2,stop+over ratingcmp=61.9,61.931034,2.614053436878379,stop,over
pullover,2,pull+over ratingcmp=69.6,69.59375,2.437962177822698,pull,over
leftover,2,left+over ratingcmp=69.5,69.521736,3.084225831642714,left,over
flyover,2,fly+over ratingcmp=79.2,79.206894,1.990804146480479,fly,over
popover,2,pop+over ratingcmp=49.0,48.96154,1.768955396864122,pop,over
rollover,2,roll+over ratingcmp=90.0,90.035713,2.194924129136403,roll,over
flashover,2,flash+over ratingcmp=42.1,42.076923,1.893894133472422,flash,over
sleepover,2,sleep+over ratingcmp=78.8,78.800003,3.16689540553616,sleep,over
spillover,2,spill+over ratingcmp=81.7,81.666664,1.893894133472422,spill,over
handover,2,hand+over ratingcmp=56.7,56.720001,1.990804146480479,hand,over
hangover,2,hang+over ratingcmp=40.1,40.099998,3.592864137808441,hang,over
turnover,2,turn+over ratingcmp=72.4,72.375,2.783195835978733,turn,over
holdover,2,hold+over ratingcmp=71.8,71.833336,2.069985392528103,hold,over
takeover,2,take+over ratingcmp=76.6,76.620689,3.20031916102311,take,over
pullovers,2,pull+overs ratingcmp=75.7,75.692307,1.9,pull,overs
makeovers,2,make+overs ratingcmp=57.7,57.67857,2.405777494451296,make,overs
turnovers,2,turn+overs ratingcmp=60.2,60.208332,2.246076651583785,turn,overs
hangovers,2,hang+overs ratingcmp=37.9,37.935482,2.592864137808441,hang,overs
walkovers,2,walk+overs ratingcmp=67.9,67.925926,1.33,walk,overs
flyovers,2,fly+overs ratingcmp=67.2,67.199997,1.893894133472422,fly,overs
crossovers,2,cross+overs ratingcmp=66.9,66.85714,1.592864137808441,cross,overs
spillovers,2,spill+overs ratingcmp=76.3,76.333336,2.02,spill,overs
stopovers,2,stop+overs ratingcmp=62.1,62.103447,1.768955396864122,stop,overs
changeovers,2,change+overs ratingcmp=53.8,53.807693,1.768955396864122,change,overs
handovers,2,hand+overs ratingcmp=63.4,63.433334,1.55,hand,overs
rollovers,2,roll+overs ratingcmp=61.0,61.03846,2.0,roll,overs
popovers,2,pop+overs ratingcmp=38.0,38.0,2.194924129136403,pop,overs
holdovers,2,hold+overs ratingcmp=57.8,57.785713,2.1,hold,overs
pushovers,2,push+overs ratingcmp=61.7,61.652172,2.194924129136403,push,overs
landowner,2,land+owner ratingcmp=87.9,87.86364,2.592864137808441,land,owner
homeowner,2,home+owner ratingcmp=94.2,94.178574,3.077163977155227,home,owner
shipowner,2,ship+owner ratingcmp=85.1,85.066666,2.22,ship,owner
shareowner,2,share+owner ratingcmp=77.5,77.518517,0.0,share,owner
homeowners,2,home+owners ratingcmp=93.3,93.275864,2.738992173486679,home,owners
shipowners,2,ship+owners ratingcmp=87.5,87.458336,2.21,ship,owners
landowners,2,land+owners ratingcmp=92.7,92.741936,2.405777494451296,land,owners
backpack,2,back+pack ratingcmp=89.7,89.65625,3.563675748680959,back,pack
sixpack,2,six+pack ratingcmp=76.5,76.5,1.97,six,pack
backpacker,2,back+packer ratingcmp=60.7,60.68,1.768955396864122,back,packer
backpackers,2,back+packers ratingcmp=65.7,65.68,1.592864137808441,back,packers
meatpacking,2,meat+packing ratingcmp=85.0,85.0,2.405777494451296,meat,packing
backpacking,2,back+packing ratingcmp=74.2,74.181816,2.810348082022347,back,packing
backpacks,2,back+packs ratingcmp=77.1,77.111115,2.672045383856066,back,packs
keypad,2,key+pad ratingcmp=70.7,70.653847,2.738992173486679,key,pad
launchpad,2,launch+pad ratingcmp=86.9,86.92308,2.522283063522734,launch,pad
inkpad,2,ink+pad ratingcmp=86.6,86.620689,0.0,ink,pad
notepad,2,note+pad ratingcmp=84.4,84.42308,2.246076651583785,note,pad
shinpad,2,shin+pad ratingcmp=87.4,87.400002,0.0,shin,pad
scratchpad,2,scratch+pad ratingcmp=66.8,66.75,1.43,scratch,pad
footpad,2,foot+pad ratingcmp=77.5,77.540543,1.990804146480479,foot,pad
mousepad,2,mouse+pad ratingcmp=61.4,61.42857,2.05,mouse,pad
keypads,2,key+pads ratingcmp=76.1,76.080002,1.82,key,pads
launchpads,2,launch+pads ratingcmp=87.3,87.300003,1.39,launch,pads
notepads,2,note+pads ratingcmp=83.9,83.925926,1.768955396864122,note,pads
scratchpads,2,scratch+pads ratingcmp=70.1,70.133331,0.0,scratch,pads
webpage,2,web+page ratingcmp=78.9,78.85714,1.990804146480479,web,page
homepage,2,home+page ratingcmp=81.0,81.04348,1.893894133472422,home,page
homepages,2,home+pages ratingcmp=68.3,68.333336,1.73,home,pages
afterpains,2,after+pains ratingcmp=83.3,83.259262,0.0,after,pains
greasepaint,2,grease+paint ratingcmp=50.7,50.702702,2.194924129136403,grease,paint
housepaint,2,house+paint ratingcmp=81.1,81.137932,0.0,house,paint
fingerpaint,2,finger+paint ratingcmp=88.4,88.416664,1.16,finger,paint
bedpan,2,bed+pan ratingcmp=49.5,49.512821,2.982030222172974,bed,pan
dustpan,2,dust+pan ratingcmp=81.7,81.743591,2.437962177822698,dust,pan
hardpan,2,hard+pan ratingcmp=54.8,54.809525,1.57,hard,pan
stewpan,2,stew+pan ratingcmp=69.6,69.599998,0.0,stew,pan
dishpan,2,dish+pan ratingcmp=75.9,75.928574,2.246076651583785,dish,pan
kneepan,2,knee+pan ratingcmp=41.0,41.0,0.0,knee,pan
brainpan,2,brain+pan ratingcmp=27.8,27.84,2.246076651583785,brain,pan
saucepan,2,sauce+pan ratingcmp=77.4,77.351349,2.246076651583785,sauce,pan
skidpan,2,skid+pan ratingcmp=45.8,45.799999,0.0,skid,pan
frypan,2,fry+pan ratingcmp=91.6,91.599998,1.32,fry,pan
saltpan,2,salt+pan ratingcmp=55.3,55.263157,1.592864137808441,salt,pan
windowpane,2,window+pane ratingcmp=60.3,60.256409,2.437962177822698,window,pane
windowpanes,2,window+panes ratingcmp=72.3,72.310349,2.136932182158717,window,panes
dishpans,2,dish+pans ratingcmp=75.8,75.833336,0.0,dish,pans
dustpans,2,dust+pans ratingcmp=85.6,85.60714,1.768955396864122,dust,pans
bedpans,2,bed+pans ratingcmp=56.0,56.041668,2.614053436878379,bed,pans
saucepans,2,sauce+pans ratingcmp=80.1,80.14286,1.768955396864122,sauce,pans
skidpans,2,skid+pans ratingcmp=44.4,44.400002,0.0,skid,pans
sweatpants,2,sweat+pants ratingcmp=72.0,72.040001,2.29183414214446,sweat,pants
notepaper,2,note+paper ratingcmp=84.6,84.631577,1.768955396864122,note,paper
wallpaper,2,wall+paper ratingcmp=85.9,85.948715,3.527362589052009,wall,paper
newspaper,2,news+paper ratingcmp=86.7,86.724998,4.374260443005232,news,paper
sandpaper,2,sand+paper ratingcmp=71.9,71.945946,2.653561978162053,sand,paper
oilpaper,2,oil+paper ratingcmp=72.5,72.53846,1.768955396864122,oil,paper
flypaper,2,fly+paper ratingcmp=38.5,38.486488,2.467925401200141,fly,paper
wallpaperer,2,wall+paperer ratingcmp=83.3,83.300003,0.0,wall,paperer
newspapering,2,news+papering ratingcmp=70.2,70.25,1.12,news,papering
flypapers,2,fly+papers ratingcmp=43.1,43.080002,0.0,fly,papers
sandpapers,2,sand+papers ratingcmp=84.2,84.192307,0.0,sand,papers
wallpapers,2,wall+papers ratingcmp=88.2,88.161293,1.768955396864122,wall,papers
newspapers,2,news+papers ratingcmp=92.3,92.28125,4.059731758162551,news,papers
grandparent,2,grand+parent ratingcmp=70.9,70.900002,2.437962177822698,grand,parent
godparent,2,god+parent ratingcmp=37.5,37.545456,1.990804146480479,god,parent
grandparents,2,grand+parents ratingcmp=63.7,63.6875,3.624272602060065,grand,parents
godparents,2,god+parents ratingcmp=48.6,48.590908,2.371015388192085,god,parents
ballpark,2,ball+park ratingcmp=81.6,81.64286,3.246076651583785,ball,park
ballparks,2,ball+parks ratingcmp=72.7,72.714287,1.768955396864122,ball,parks
mouthpart,2,mouth+part ratingcmp=65.3,65.307693,0.0,mouth,part
flypast,2,fly+past ratingcmp=50.6,50.625,1.86,fly,past
toothpaste,2,tooth+paste ratingcmp=74.0,73.954544,3.498660018176309,tooth,paste
fishpaste,2,fish+paste ratingcmp=69.3,69.259262,0.0,fish,paste
toothpastes,2,tooth+pastes ratingcmp=89.0,89.040001,1.592864137808441,tooth,pastes
flypasts,2,fly+pasts ratingcmp=43.8,43.814816,0.0,fly,pasts
eyepatch,2,eye+patch ratingcmp=91.7,91.666664,2.08,eye,patch
crosspatch,2,cross+patch ratingcmp=52.7,52.67857,1.768955396864122,cross,patch
brierpatch,2,brier+patch ratingcmp=47.4,47.42857,0.0,brier,patch
warpath,2,war+path ratingcmp=67.6,67.639999,2.945046655919803,war,path
footpath,2,foot+path ratingcmp=65.1,65.128204,2.467925401200141,foot,path
towpath,2,tow+path ratingcmp=65.9,65.870964,1.592864137808441,tow,path
towpaths,2,tow+paths ratingcmp=46.0,45.959999,1.35,tow,paths
footpaths,2,foot+paths ratingcmp=83.6,83.645836,1.592864137808441,foot,paths
warpaths,2,war+paths ratingcmp=68.9,68.9375,0.0,war,paths
southpaw,2,south+paw ratingcmp=25.4,25.435898,2.723197906303447,south,paw
forepaws,2,fore+paws ratingcmp=78.6,78.599998,1.35,fore,paws
southpaws,2,south+paws ratingcmp=36.1,36.083332,1.893894133472422,south,paws
taxpayer,2,tax+payer ratingcmp=91.5,91.482758,2.768955396864123,tax,payer
ratepayer,2,rate+payer ratingcmp=73.5,73.483871,2.01,rate,payer
ratepayers,2,rate+payers ratingcmp=63.8,63.772728,2.66,rate,payers
taxpayers,2,tax+payers ratingcmp=94.2,94.21875,3.221253067858753,tax,payers
chickpea,2,chick+pea ratingcmp=39.2,39.1875,2.5,chick,pea
cowpea,2,cow+pea ratingcmp=41.1,41.083332,1.73,cow,pea
sweetpea,2,sweet+pea ratingcmp=80.9,80.866669,1.76,sweet,pea
chickpeas,2,chick+peas ratingcmp=38.1,38.115383,2.7,chick,peas
sweetpeas,2,sweet+peas ratingcmp=90.2,90.206894,0.0,sweet,peas
woodpecker,2,wood+pecker ratingcmp=79.4,79.400002,2.999404318242396,wood,pecker
teepee,2,tee+pee ratingcmp=26.4,26.428572,2.136932182158717,tee,pee
ballpen,2,ball+pen ratingcmp=68.8,68.839996,0.0,ball,pen
bullpen,2,bull+pen ratingcmp=48.3,48.32,2.823313059186715,bull,pen
pigpen,2,pig+pen ratingcmp=69.8,69.775002,2.522283063522734,pig,pen
playpen,2,play+pen ratingcmp=77.5,77.482758,2.848136642911747,play,pen
eightpence,2,eight+pence ratingcmp=59.1,59.137932,1.04,eight,pence
fourpence,2,four+pence ratingcmp=55.9,55.931034,1.768955396864122,four,pence
twopence,2,two+pence ratingcmp=49.0,49.0,1.57,two,pence
fivepence,2,five+pence ratingcmp=67.7,67.699997,0.0,five,pence
ninepence,2,nine+pence ratingcmp=55.0,54.965519,1.990804146480479,nine,pence
tenpence,2,ten+pence ratingcmp=55.6,55.551723,0.0,ten,pence
sixpence,2,six+pence ratingcmp=56.4,56.400002,2.783195835978733,six,pence
threepence,2,three+pence ratingcmp=64.5,64.548386,1.990804146480479,three,pence
halfpenny,2,half+penny ratingcmp=48.0,48.025002,1.893894133472422,half,penny
bullpens,2,bull+pens ratingcmp=59.3,59.296295,1.9,bull,pens
pigpens,2,pig+pens ratingcmp=75.6,75.580643,1.592864137808441,pig,pens
playpens,2,play+pens ratingcmp=77.0,77.040001,1.592864137808441,play,pens
anchorpeople,2,anchor+people ratingcmp=55.0,55.0,0.0,anchor,people
businesspeople,2,business+people ratingcmp=94.7,94.699997,2.61,business,people
tradespeople,2,trades+people ratingcmp=87.6,87.620689,1.768955396864122,trades,people
laypeople,2,lay+people ratingcmp=40.6,40.639999,1.768955396864122,lay,people
spokespeople,2,spokes+people ratingcmp=60.2,60.166668,2.31,spokes,people
salespeople,2,sales+people ratingcmp=89.2,89.25,2.405777494451296,sales,people
townspeople,2,towns+people ratingcmp=90.2,90.172417,3.040022169150661,towns,people
surfperch,2,surf+perch ratingcmp=33.0,33.040001,0.0,surf,perch
anchorperson,2,anchor+person ratingcmp=46.0,45.964287,2.29183414214446,anchor,person
draftsperson,2,drafts+person ratingcmp=63.0,62.965519,1.1,drafts,person
chairperson,2,chair+person ratingcmp=36.0,36.025642,2.136932182158717,chair,person
layperson,2,lay+person ratingcmp=35.2,35.185184,2.194924129136403,lay,person
spokesperson,2,spokes+person ratingcmp=70.0,70.037041,2.963932000080177,spokes,person
newsperson,2,news+person ratingcmp=91.4,91.400002,0.0,news,person
businessperson,2,business+person ratingcmp=83.1,83.090912,1.768955396864122,business,person
salesperson,2,sales+person ratingcmp=87.7,87.739128,2.547106647247766,sales,person
kinsperson,2,kins+person ratingcmp=67.3,67.322578,0.0,kins,person
chairpersons,2,chair+persons ratingcmp=49.0,48.958332,2.1,chair,persons
saltpeter,2,salt+peter ratingcmp=26.1,26.107143,2.614053436878379,salt,peter
zoophobia,2,zoo+phobia ratingcmp=65.9,65.851852,0.0,zoo,phobia
cellphone,2,cell+phone ratingcmp=65.9,65.925926,3.490491229098883,cell,phone
headphone,2,head+phone ratingcmp=55.5,55.464287,2.246076651583785,head,phone
earphone,2,ear+phone ratingcmp=71.5,71.466667,2.136932182158717,ear,phone
speakerphone,2,speaker+phone ratingcmp=81.5,81.5,2.954591973826034,speaker,phone
cellphones,2,cell+phones ratingcmp=67.6,67.615387,2.495954124800384,cell,phones
headphones,2,head+phones ratingcmp=65.1,65.133331,3.20031916102311,head,phones
earphones,2,ear+phones ratingcmp=61.3,61.344826,2.522283063522734,ear,phones
radiophotograph,2,radio+photograph ratingcmp=67.5,67.464287,0.0,radio,photograph
catchphrase,2,catch+phrase ratingcmp=61.7,61.689655,2.634256822966666,catch,phrase
catchphrases,2,catch+phrases ratingcmp=62.4,62.42857,2.194924129136403,catch,phrases
icepick,2,ice+pick ratingcmp=69.3,69.297295,1.592864137808441,ice,pick
toothpick,2,tooth+pick ratingcmp=85.9,85.914284,3.016110011745249,tooth,pick
ragpicker,2,rag+picker ratingcmp=49.4,49.42857,1.768955396864122,rag,picker
nitpicker,2,nit+picker ratingcmp=58.9,58.866665,1.06,nit,picker
nitpickers,2,nit+pickers ratingcmp=58.0,58.0,1.05,nit,pickers
toothpicks,2,tooth+picks ratingcmp=86.9,86.916664,2.904617998864195,tooth,picks
cowpie,2,cow+pie ratingcmp=48.6,48.57143,0.0,cow,pie
potpie,2,pot+pie ratingcmp=62.4,62.360001,2.333226827302685,pot,pie
porkpie,2,pork+pie ratingcmp=70.3,70.269234,1.990804146480479,pork,pie
nosepiece,2,nose+piece ratingcmp=83.2,83.166664,1.17,nose,piece
cheekpiece,2,cheek+piece ratingcmp=35.6,35.639999,0.0,cheek,piece
mantlepiece,2,mantle+piece ratingcmp=82.4,82.433334,1.990804146480479,mantle,piece
altarpiece,2,altar+piece ratingcmp=62.3,62.272728,1.768955396864122,altar,piece
centrepiece,2,centre+piece ratingcmp=88.8,88.791664,1.893894133472422,centre,piece
showpiece,2,show+piece ratingcmp=74.4,74.413795,1.990804146480479,show,piece
mantelpiece,2,mantel+piece ratingcmp=68.0,68.028572,2.570587743097289,mantel,piece
eyepiece,2,eye+piece ratingcmp=60.0,60.0,1.768955396864122,eye,piece
codpiece,2,cod+piece ratingcmp=46.2,46.25,2.437962177822698,cod,piece
timepiece,2,time+piece ratingcmp=61.8,61.815788,2.467925401200141,time,piece
mouthpiece,2,mouth+piece ratingcmp=71.5,71.512817,2.973075379520047,mouth,piece
hairpiece,2,hair+piece ratingcmp=71.3,71.256409,2.592864137808441,hair,piece
tailpiece,2,tail+piece ratingcmp=54.4,54.4375,1.9,tail,piece
centerpiece,2,center+piece ratingcmp=86.5,86.5,2.810348082022347,center,piece
chimneypiece,2,chimney+piece ratingcmp=73.2,73.19355,1.33,chimney,piece
headpiece,2,head+piece ratingcmp=60.5,60.549999,2.522283063522734,head,piece
neckpiece,2,neck+piece ratingcmp=77.6,77.608696,1.15,neck,piece
masterpiece,2,master+piece ratingcmp=66.7,66.666664,3.549512717013644,master,piece
workpiece,2,work+piece ratingcmp=75.3,75.333336,2.6,work,piece
earpiece,2,ear+piece ratingcmp=75.6,75.615387,2.738992173486679,ear,piece
showpieces,2,show+pieces ratingcmp=78.3,78.318184,1.57,show,pieces
masterpieces,2,master+pieces ratingcmp=67.1,67.125,2.634256822966666,master,pieces
altarpieces,2,altar+pieces ratingcmp=68.5,68.516129,1.67,altar,pieces
earpieces,2,ear+pieces ratingcmp=79.2,79.160004,1.893894133472422,ear,pieces
headpieces,2,head+pieces ratingcmp=75.8,75.833336,1.84,head,pieces
eyepieces,2,eye+pieces ratingcmp=66.9,66.916664,1.592864137808441,eye,pieces
timepieces,2,time+pieces ratingcmp=59.6,59.560001,2.136932182158717,time,pieces
tailpieces,2,tail+pieces ratingcmp=66.4,66.391304,1.01,tail,pieces
crosspieces,2,cross+pieces ratingcmp=58.3,58.260868,0.0,cross,pieces
workpieces,2,work+pieces ratingcmp=68.8,68.791664,1.91,work,pieces
hairpieces,2,hair+pieces ratingcmp=78.8,78.75,1.768955396864122,hair,pieces
mantelpieces,2,mantel+pieces ratingcmp=73.0,72.958336,1.52,mantel,pieces
mouthpieces,2,mouth+pieces ratingcmp=79.1,79.066666,2.34,mouth,pieces
codpieces,2,cod+pieces ratingcmp=44.2,44.166668,1.07,cod,pieces
potpies,2,pot+pies ratingcmp=63.5,63.454544,0.0,pot,pies
magpies,2,mag+pies ratingcmp=24.8,24.821428,1.768955396864122,mag,pies
stoolpigeon,2,stool+pigeon ratingcmp=40.2,40.25,0.0,stool,pigeon
garpike,2,gar+pike ratingcmp=31.2,31.200001,0.0,gar,pike
turnpike,2,turn+pike ratingcmp=30.5,30.522728,2.973075379520047,turn,pike
turnpikes,2,turn+pikes ratingcmp=51.4,51.433334,1.89,turn,pikes
sandpile,2,sand+pile ratingcmp=91.0,91.0,0.0,sand,pile
woodpile,2,wood+pile ratingcmp=84.2,84.205132,2.371015388192085,wood,pile
stockpile,2,stock+pile ratingcmp=65.2,65.205132,2.634256822966666,stock,pile
stockpiles,2,stock+piles ratingcmp=68.7,68.720001,2.136932182158717,stock,piles
woodpiles,2,wood+piles ratingcmp=83.6,83.599998,0.0,wood,piles
stockpiling,2,stock+piling ratingcmp=78.8,78.793106,2.333226827302685,stock,piling
tenpin,2,ten+pin ratingcmp=52.7,52.714287,1.62,ten,pin
stickpin,2,stick+pin ratingcmp=52.0,52.0,2.136932182158717,stick,pin
candlepin,2,candle+pin ratingcmp=49.7,49.666668,0.0,candle,pin
breastpin,2,breast+pin ratingcmp=70.9,70.933334,0.0,breast,pin
lynchpin,2,lynch+pin ratingcmp=30.5,30.535715,2.069985392528103,lynch,pin
ninepin,2,nine+pin ratingcmp=52.0,52.0,1.592864137808441,nine,pin
duckpin,2,duck+pin ratingcmp=43.4,43.392857,1.05,duck,pin
hatpin,2,hat+pin ratingcmp=53.7,53.68182,2.194924129136403,hat,pin
hairpin,2,hair+pin ratingcmp=81.3,81.333336,2.570587743097289,hair,pin
pushpin,2,push+pin ratingcmp=76.6,76.63636,1.19,push,pin
kingpin,2,king+pin ratingcmp=33.7,33.650002,3.007837485779259,king,pin
tiepin,2,tie+pin ratingcmp=45.3,45.349998,1.768955396864122,tie,pin
scarfpin,2,scarf+pin ratingcmp=67.1,67.060608,0.0,scarf,pin
headpin,2,head+pin ratingcmp=56.1,56.148148,1.592864137808441,head,pin
clothespin,2,clothes+pin ratingcmp=77.0,77.034485,2.495954124800384,clothes,pin
tholepin,2,thole+pin ratingcmp=38.9,38.863636,0.0,thole,pin
kidnappings,2,kidnap+pings ratingcmp=27.3,27.321428,2.91508343254236,kidnap,pings
outcroppings,2,outcrop+pings ratingcmp=17.0,17.0,1.768955396864122,outcrop,pings
headpins,2,head+pins ratingcmp=61.4,61.370369,0.0,head,pins
tenpins,2,ten+pins ratingcmp=46.2,46.166668,1.592864137808441,ten,pins
hatpins,2,hat+pins ratingcmp=67.8,67.75,1.15,hat,pins
hairpins,2,hair+pins ratingcmp=89.3,89.296295,2.653561978162053,hair,pins
candlepins,2,candle+pins ratingcmp=54.9,54.870968,0.0,candle,pins
duckpins,2,duck+pins ratingcmp=38.2,38.166668,0.0,duck,pins
stickpins,2,stick+pins ratingcmp=63.3,63.291668,1.893894133472422,stick,pins
pushpins,2,push+pins ratingcmp=80.2,80.166664,1.27,push,pins
kingpins,2,king+pins ratingcmp=44.6,44.645832,1.893894133472422,king,pins
clothespins,2,clothes+pins ratingcmp=80.6,80.64286,1.990804146480479,clothes,pins
tiepins,2,tie+pins ratingcmp=62.3,62.299999,0.0,tie,pins
ninepins,2,nine+pins ratingcmp=43.7,43.666668,1.592864137808441,nine,pins
cuckoopint,2,cuckoo+pint ratingcmp=26.8,26.787878,0.0,cuckoo,pint
blowpipe,2,blow+pipe ratingcmp=73.0,72.966667,1.990804146480479,blow,pipe
panpipe,2,pan+pipe ratingcmp=41.3,41.260868,1.592864137808441,pan,pipe
bagpipe,2,bag+pipe ratingcmp=60.3,60.270271,2.495954124800384,bag,pipe
hosepipe,2,hose+pipe ratingcmp=65.8,65.827583,1.77,hose,pipe
hawsepipe,2,hawse+pipe ratingcmp=33.1,33.142857,0.0,hawse,pipe
tailpipe,2,tail+pipe ratingcmp=55.1,55.07143,2.706807490115278,tail,pipe
drainpipe,2,drain+pipe ratingcmp=84.7,84.659088,2.754232140043416,drain,pipe
windpipe,2,wind+pipe ratingcmp=69.9,69.875,2.963932000080177,wind,pipe
standpipe,2,stand+pipe ratingcmp=45.1,45.107143,1.990804146480479,stand,pipe
stovepipe,2,stove+pipe ratingcmp=60.0,60.0,2.246076651583785,stove,pipe
hornpipe,2,horn+pipe ratingcmp=43.5,43.46154,1.990804146480479,horn,pipe
bagpiper,2,bag+piper ratingcmp=64.0,63.962963,1.592864137808441,bag,piper
sandpiper,2,sand+piper ratingcmp=38.6,38.625,2.246076651583785,sand,piper
sandpipers,2,sand+pipers ratingcmp=52.8,52.814816,1.95,sand,pipers
bagpipers,2,bag+pipers ratingcmp=69.6,69.620689,1.47,bag,pipers
bagpipes,2,bag+pipes ratingcmp=65.4,65.400002,2.848136642911747,bag,pipes
windpipes,2,wind+pipes ratingcmp=68.8,68.800003,1.768955396864122,wind,pipes
drainpipes,2,drain+pipes ratingcmp=89.0,88.958336,1.768955396864122,drain,pipes
blowpipes,2,blow+pipes ratingcmp=63.8,63.814816,1.1,blow,pipes
stovepipes,2,stove+pipes ratingcmp=74.9,74.909088,1.592864137808441,stove,pipes
hosepipes,2,hose+pipes ratingcmp=66.6,66.559998,0.0,hose,pipes
panpipes,2,pan+pipes ratingcmp=44.6,44.551723,1.41,pan,pipes
standpipes,2,stand+pipes ratingcmp=52.9,52.919998,1.51,stand,pipes
tailpipes,2,tail+pipes ratingcmp=64.4,64.370369,1.592864137808441,tail,pipes
hornpipes,2,horn+pipes ratingcmp=48.0,48.0,1.19,horn,pipes
stovepiping,2,stove+piping ratingcmp=56.1,56.121212,0.0,stove,piping
coalpit,2,coal+pit ratingcmp=78.7,78.653847,0.0,coal,pit
fleapit,2,flea+pit ratingcmp=42.4,42.360001,1.02,flea,pit
cockpit,2,cock+pit ratingcmp=30.5,30.53125,3.509318086358366,cock,pit
sawpit,2,saw+pit ratingcmp=51.6,51.566666,0.0,saw,pit
chalkpit,2,chalk+pit ratingcmp=54.4,54.407406,0.0,chalk,pit
armpit,2,arm+pit ratingcmp=73.6,73.628571,3.104747498787316,arm,pit
sandpit,2,sand+pit ratingcmp=89.1,89.133331,2.03,sand,pit
armpits,2,arm+pits ratingcmp=79.0,78.966667,2.999404318242396,arm,pits
fleapits,2,flea+pits ratingcmp=49.1,49.068966,0.0,flea,pits
sandpits,2,sand+pits ratingcmp=83.2,83.160004,1.592864137808441,sand,pits
cockpits,2,cock+pits ratingcmp=24.3,24.344828,1.893894133472422,cock,pits
birthplace,2,birth+place ratingcmp=91.3,91.275002,2.91508343254236,birth,place
marketplace,2,market+place ratingcmp=87.3,87.272728,3.216113428206341,market,place
farmplace,2,farm+place ratingcmp=81.6,81.583336,0.0,farm,place
commonplace,2,common+place ratingcmp=76.8,76.789474,2.904617998864195,common,place
showplace,2,show+place ratingcmp=70.9,70.947365,1.768955396864122,show,place
fireplace,2,fire+place ratingcmp=82.9,82.931816,3.706807490115278,fire,place
workplace,2,work+place ratingcmp=94.1,94.14286,3.388744155152517,work,place
workplaces,2,work+places ratingcmp=91.4,91.413795,3.19,work,places
commonplaces,2,common+places ratingcmp=84.0,83.967743,1.39,common,places
showplaces,2,show+places ratingcmp=70.2,70.199997,0.0,show,places
fireplaces,2,fire+places ratingcmp=77.2,77.241379,2.570587743097289,fire,places
marketplaces,2,market+places ratingcmp=82.5,82.464287,1.893894133472422,market,places
birthplaces,2,birth+places ratingcmp=91.7,91.666664,1.86,birth,places
floodplain,2,flood+plain ratingcmp=48.5,48.464287,1.768955396864122,flood,plain
floodplains,2,flood+plains ratingcmp=74.8,74.793106,2.29,flood,plains
floatplane,2,float+plane ratingcmp=66.1,66.125,1.69,float,plane
midplane,2,mid+plane ratingcmp=74.6,74.571426,1.19,mid,plane
warplane,2,war+plane ratingcmp=89.2,89.25,2.069985392528103,war,plane
tailplane,2,tail+plane ratingcmp=38.9,38.880001,1.61,tail,plane
airplane,2,air+plane ratingcmp=76.0,76.025002,4.038468341082039,air,plane
sailplane,2,sail+plane ratingcmp=57.6,57.620689,1.58,sail,plane
seaplane,2,sea+plane ratingcmp=67.1,67.085716,2.371015388192085,sea,plane
sailplanes,2,sail+planes ratingcmp=44.7,44.720001,1.26,sail,planes
seaplanes,2,sea+planes ratingcmp=65.6,65.64286,1.893894133472422,sea,planes
airplanes,2,air+planes ratingcmp=76.3,76.290321,3.509318086358366,air,planes
warplanes,2,war+planes ratingcmp=91.0,91.035713,1.990804146480479,war,planes
sailplaning,2,sail+planing ratingcmp=55.2,55.233334,0.0,sail,planing
gangplank,2,gang+plank ratingcmp=30.7,30.742857,2.614053436878379,gang,plank
gangplanks,2,gang+planks ratingcmp=34.8,34.82143,1.592864137808441,gang,planks
zooplankton,2,zoo+plankton ratingcmp=52.5,52.484848,2.41,zoo,plankton
eggplant,2,egg+plant ratingcmp=45.3,45.289474,3.047708997816951,egg,plant
leadplant,2,lead+plant ratingcmp=44.4,44.391304,0.0,lead,plant
pieplant,2,pie+plant ratingcmp=35.0,35.0,0.0,pie,plant
houseplant,2,house+plant ratingcmp=88.1,88.13636,1.768955396864122,house,plant
houseplants,2,house+plants ratingcmp=82.9,82.86364,1.990804146480479,house,plants
eggplants,2,egg+plants ratingcmp=50.1,50.125,2.194924129136403,egg,plants
shinplaster,2,shin+plaster ratingcmp=38.9,38.923077,1.592864137808441,shin,plaster
breastplate,2,breast+plate ratingcmp=56.4,56.400002,2.405777494451296,breast,plate
nameplate,2,name+plate ratingcmp=70.8,70.763161,2.194924129136403,name,plate
backplate,2,back+plate ratingcmp=62.1,62.148148,1.97,back,plate
endplate,2,end+plate ratingcmp=54.3,54.259258,1.592864137808441,end,plate
bookplate,2,book+plate ratingcmp=38.4,38.363636,1.95,book,plate
faceplate,2,face+plate ratingcmp=49.3,49.285713,2.069985392528103,face,plate
fishplate,2,fish+plate ratingcmp=61.8,61.827587,0.0,fish,plate
copperplate,2,copper+plate ratingcmp=71.4,71.410255,1.592864137808441,copper,plate
footplate,2,foot+plate ratingcmp=43.9,43.888889,1.592864137808441,foot,plate
doorplate,2,door+plate ratingcmp=59.7,59.689655,0.0,door,plate
hotplate,2,hot+plate ratingcmp=74.3,74.282051,2.069985392528103,hot,plate
biteplate,2,bite+plate ratingcmp=52.3,52.344826,0.0,bite,plate
tinplate,2,tin+plate ratingcmp=65.9,65.918922,2.069985392528103,tin,plate
boilerplate,2,boiler+plate ratingcmp=55.8,55.82143,2.592864137808441,boiler,plate
numberplate,2,number+plate ratingcmp=68.1,68.066666,1.62,number,plate
footplates,2,foot+plates ratingcmp=56.7,56.68,0.0,foot,plates
breastplates,2,breast+plates ratingcmp=68.4,68.360001,1.768955396864122,breast,plates
nameplates,2,name+plates ratingcmp=76.6,76.60714,2.069985392528103,name,plates
bookplates,2,book+plates ratingcmp=40.7,40.708332,1.72,book,plates
hotplates,2,hot+plates ratingcmp=66.8,66.818184,1.13,hot,plates
doorplates,2,door+plates ratingcmp=64.1,64.148148,0.0,door,plates
screenplay,2,screen+play ratingcmp=57.2,57.216217,3.418938940509268,screen,play
gunplay,2,gun+play ratingcmp=73.6,73.645164,2.634256822966666,gun,play
horseplay,2,horse+play ratingcmp=44.6,44.578949,2.592864137808441,horse,play
wordplay,2,word+play ratingcmp=69.5,69.542854,2.29183414214446,word,play
swordplay,2,sword+play ratingcmp=80.3,80.257141,2.689774150816497,sword,play
ballplayer,2,ball+player ratingcmp=86.7,86.714287,2.810348082022347,ball,player
ballplayers,2,ball+players ratingcmp=82.2,82.166664,2.495954124800384,ball,players
roleplaying,2,role+playing ratingcmp=88.1,88.103447,1.592864137808441,role,playing
screenplays,2,screen+plays ratingcmp=74.2,74.1875,2.634256822966666,screen,plays
counterplot,2,counter+plot ratingcmp=70.0,69.966667,0.0,counter,plot
snowplough,2,snow+plough ratingcmp=82.8,82.80645,1.4,snow,plough
snowploughs,2,snow+ploughs ratingcmp=94.5,94.518517,0.0,snow,ploughs
snowplow,2,snow+plow ratingcmp=88.6,88.625,2.614053436878379,snow,plow
snowplows,2,snow+plows ratingcmp=90.4,90.375,1.990804146480479,snow,plows
earplug,2,ear+plug ratingcmp=89.7,89.724998,1.893894133472422,ear,plug
fireplug,2,fire+plug ratingcmp=55.1,55.142857,2.333226827302685,fire,plug
drainplug,2,drain+plug ratingcmp=79.2,79.239998,0.0,drain,plug
fireplugs,2,fire+plugs ratingcmp=51.8,51.833332,1.768955396864122,fire,plugs
earplugs,2,ear+plugs ratingcmp=93.2,93.238098,2.935286818630647,ear,plugs
sugarplum,2,sugar+plum ratingcmp=59.4,59.407406,2.467925401200141,sugar,plum
sugarplums,2,sugar+plums ratingcmp=75.3,75.285713,2.136932182158717,sugar,plums
pickpocket,2,pick+pocket ratingcmp=82.0,82.034485,2.882898749170959,pick,pocket
pickpockets,2,pick+pockets ratingcmp=79.9,79.919998,2.333226827302685,pick,pockets
seedpod,2,seed+pod ratingcmp=77.0,77.0,1.768955396864122,seed,pod
monkeypod,2,monkey+pod ratingcmp=46.0,45.964287,0.0,monkey,pod
sicklepod,2,sickle+pod ratingcmp=40.8,40.80645,0.0,sickle,pod
fringepod,2,fringe+pod ratingcmp=39.9,39.870968,0.0,fringe,pod
bladderpod,2,bladder+pod ratingcmp=39.4,39.409092,0.0,bladder,pod
satinpod,2,satin+pod ratingcmp=24.5,24.541666,0.0,satin,pod
seedpods,2,seed+pods ratingcmp=68.7,68.708336,1.43,seed,pods
standpoint,2,stand+point ratingcmp=62.0,61.966667,3.130683232881715,stand,point
flashpoint,2,flash+point ratingcmp=64.8,64.760002,1.990804146480479,flash,point
bluepoint,2,blue+point ratingcmp=41.9,41.863636,1.592864137808441,blue,point
checkpoint,2,check+point ratingcmp=75.2,75.166664,3.274105375184028,check,point
chokepoint,2,choke+point ratingcmp=64.2,64.25,1.46,choke,point
pinpoint,2,pin+point ratingcmp=62.8,62.771427,3.260317090698395,pin,point
gunpoint,2,gun+point ratingcmp=73.2,73.204544,3.055262135707397,gun,point
spearpoint,2,spear+point ratingcmp=81.4,81.36364,1.15,spear,point
endpoint,2,end+point ratingcmp=82.0,82.0,1.592864137808441,end,point
needlepoint,2,needle+point ratingcmp=60.0,60.0,2.754232140043416,needle,point
wellpoint,2,well+point ratingcmp=51.1,51.080002,1.72,well,point
silverpoint,2,silver+point ratingcmp=49.1,49.07143,0.0,silver,point
ballpoint,2,ball+point ratingcmp=64.0,64.032257,2.614053436878379,ball,point
viewpoint,2,view+point ratingcmp=67.6,67.574997,2.999404318242396,view,point
midpoint,2,mid+point ratingcmp=91.0,91.035713,1.768955396864122,mid,point
fingerpointing,2,finger+pointing ratingcmp=87.4,87.360001,1.04,finger,pointing
bluepoints,2,blue+points ratingcmp=55.8,55.809525,0.0,blue,points
midpoints,2,mid+points ratingcmp=81.3,81.285713,1.7,mid,points
checkpoints,2,check+points ratingcmp=67.9,67.909088,2.835902186494736,check,points
pinpoints,2,pin+points ratingcmp=78.6,78.620689,2.246076651583785,pin,points
viewpoints,2,view+points ratingcmp=76.9,76.933334,2.246076651583785,view,points
endpoints,2,end+points ratingcmp=89.1,89.09375,2.74,end,points
ballpoints,2,ball+points ratingcmp=60.9,60.857143,1.592864137808441,ball,points
standpoints,2,stand+points ratingcmp=62.0,61.959999,1.592864137808441,stand,points
slowpoke,2,slow+poke ratingcmp=38.5,38.513512,2.570587743097289,slow,poke
cowpoke,2,cow+poke ratingcmp=31.4,31.444445,1.768955396864122,cow,poke
slowpokes,2,slow+pokes ratingcmp=45.2,45.185184,1.893894133472422,slow,pokes
cowpokes,2,cow+pokes ratingcmp=51.6,51.625,2.136932182158717,cow,pokes
ridgepole,2,ridge+pole ratingcmp=42.0,42.0,2.069985392528103,ridge,pole
flagpole,2,flag+pole ratingcmp=89.6,89.564102,2.87161773876127,flag,pole
lodgepole,2,lodge+pole ratingcmp=54.8,54.791668,2.069985392528103,lodge,pole
maypole,2,may+pole ratingcmp=24.1,24.102564,2.467925401200141,may,pole
tadpole,2,tad+pole ratingcmp=23.2,23.193548,2.783195835978733,tad,pole
tadpoles,2,tad+poles ratingcmp=26.4,26.354839,2.754232140043416,tad,poles
ridgepoles,2,ridge+poles ratingcmp=43.1,43.119999,0.0,ridge,poles
maypoles,2,may+poles ratingcmp=36.1,36.107143,1.05,may,poles
flagpoles,2,flag+poles ratingcmp=90.4,90.419357,1.893894133472422,flag,poles
blackpoll,2,black+poll ratingcmp=40.0,39.969696,0.0,black,poll
redpoll,2,red+poll ratingcmp=36.8,36.848484,1.51,red,poll
fishpond,2,fish+pond ratingcmp=89.9,89.85714,1.893894133472422,fish,pond
horsepond,2,horse+pond ratingcmp=42.4,42.366665,0.0,horse,pond
millpond,2,mill+pond ratingcmp=42.0,42.041668,1.592864137808441,mill,pond
millponds,2,mill+ponds ratingcmp=45.7,45.692307,0.0,mill,ponds
fishponds,2,fish+ponds ratingcmp=87.3,87.322578,1.79,fish,ponds
cornpone,2,corn+pone ratingcmp=31.1,31.083334,1.02,corn,pone
whirlpool,2,whirl+pool ratingcmp=68.5,68.512817,2.796984120464366,whirl,pool
whirlpools,2,whirl+pools ratingcmp=78.2,78.166664,1.990804146480479,whirl,pools
sunporch,2,sun+porch ratingcmp=74.6,74.625,0.0,sun,porch
archespore,2,arches+pore ratingcmp=25.7,25.727272,0.0,arches,pore
seaport,2,sea+port ratingcmp=73.6,73.550003,2.246076651583785,sea,port
airport,2,air+port ratingcmp=68.2,68.230766,4.579859677532823,air,port
outport,2,out+port ratingcmp=66.9,66.89286,1.31,out,port
carport,2,car+port ratingcmp=59.8,59.756756,2.069985392528103,car,port
carports,2,car+ports ratingcmp=58.3,58.346153,1.592864137808441,car,ports
airports,2,air+ports ratingcmp=67.2,67.19355,3.143092490863535,air,ports
seaports,2,sea+ports ratingcmp=82.4,82.433334,1.893894133472422,sea,ports
airpost,2,air+post ratingcmp=61.1,61.095238,0.0,air,post
bedpost,2,bed+post ratingcmp=71.7,71.729729,2.522283063522734,bed,post
milepost,2,mile+post ratingcmp=61.3,61.333332,1.592864137808441,mile,post
gatepost,2,gate+post ratingcmp=76.0,76.0,1.39,gate,post
guidepost,2,guide+post ratingcmp=71.8,71.833336,1.768955396864122,guide,post
doorpost,2,door+post ratingcmp=70.1,70.10714,1.592864137808441,door,post
lamppost,2,lamp+post ratingcmp=82.3,82.275002,2.754232140043416,lamp,post
goalpost,2,goal+post ratingcmp=69.2,69.25,2.437962177822698,goal,post
rudderpost,2,rudder+post ratingcmp=50.2,50.241379,0.0,rudder,post
signpost,2,sign+post ratingcmp=77.0,77.027023,2.522283063522734,sign,post
fingerpost,2,finger+post ratingcmp=50.6,50.607143,0.0,finger,post
sternpost,2,stern+post ratingcmp=46.1,46.119999,1.07,stern,post
guideposts,2,guide+posts ratingcmp=72.5,72.482758,1.85,guide,posts
bedposts,2,bed+posts ratingcmp=83.2,83.178574,1.893894133472422,bed,posts
mileposts,2,mile+posts ratingcmp=64.9,64.879997,1.592864137808441,mile,posts
goalposts,2,goal+posts ratingcmp=80.5,80.458336,1.592864137808441,goal,posts
doorposts,2,door+posts ratingcmp=77.2,77.208336,1.48,door,posts
lampposts,2,lamp+posts ratingcmp=88.6,88.625,2.194924129136403,lamp,posts
gateposts,2,gate+posts ratingcmp=83.7,83.666664,1.27,gate,posts
signposts,2,sign+posts ratingcmp=71.4,71.4375,1.990804146480479,sign,posts
chimneypot,2,chimney+pot ratingcmp=55.0,55.03846,0.0,chimney,pot
crackpot,2,crack+pot ratingcmp=37.6,37.625,2.990804146480479,crack,pot
teapot,2,tea+pot ratingcmp=89.8,89.849998,2.945046655919803,tea,pot
flowerpot,2,flower+pot ratingcmp=90.4,90.351349,2.467925401200141,flower,pot
fusspot,2,fuss+pot ratingcmp=38.1,38.145832,1.768955396864122,fuss,pot
saucepot,2,sauce+pot ratingcmp=87.9,87.866669,0.0,sauce,pot
chamberpot,2,chamber+pot ratingcmp=60.9,60.866665,1.04,chamber,pot
inkpot,2,ink+pot ratingcmp=81.0,81.0,1.34,ink,pot
stinkpot,2,stink+pot ratingcmp=41.5,41.5,1.768955396864122,stink,pot
honeypot,2,honey+pot ratingcmp=78.1,78.083336,1.893894133472422,honey,pot
jampot,2,jam+pot ratingcmp=59.8,59.799999,0.0,jam,pot
jackpot,2,jack+pot ratingcmp=36.8,36.794872,3.570587743097289,jack,pot
talipot,2,tali+pot ratingcmp=32.8,32.766666,0.0,tali,pot
sexpot,2,sex+pot ratingcmp=32.5,32.5,2.194924129136403,sex,pot
stockpot,2,stock+pot ratingcmp=47.0,46.977272,1.592864137808441,stock,pot
hotpot,2,hot+pot ratingcmp=70.2,70.162163,1.768955396864122,hot,pot
coffeepot,2,coffee+pot ratingcmp=86.9,86.948715,2.634256822966666,coffee,pot
fusspots,2,fuss+pots ratingcmp=34.4,34.366665,0.0,fuss,pots
chamberpots,2,chamber+pots ratingcmp=58.8,58.799999,0.0,chamber,pots
crackpots,2,crack+pots ratingcmp=40.2,40.241379,2.333226827302685,crack,pots
flowerpots,2,flower+pots ratingcmp=91.8,91.785713,2.069985392528103,flower,pots
teapots,2,tea+pots ratingcmp=88.6,88.555557,2.069985392528103,tea,pots
stockpots,2,stock+pots ratingcmp=60.6,60.599998,0.0,stock,pots
coffeepots,2,coffee+pots ratingcmp=91.3,91.285713,1.592864137808441,coffee,pots
honeypots,2,honey+pots ratingcmp=82.0,82.0,1.57,honey,pots
jackpots,2,jack+pots ratingcmp=43.6,43.555557,1.893894133472422,jack,pots
sexpots,2,sex+pots ratingcmp=38.2,38.16,0.0,sex,pots
tenpounder,2,ten+pounder ratingcmp=76.4,76.366669,0.0,ten,pounder
downpour,2,down+pour ratingcmp=65.6,65.574997,1.893894133472422,down,pour
downpours,2,down+pours ratingcmp=74.4,74.428574,1.768955396864122,down,pours
eelpout,2,eel+pout ratingcmp=27.5,27.466667,1.09,eel,pout
hornpout,2,horn+pout ratingcmp=31.0,31.0,0.0,horn,pout
toothpowder,2,tooth+powder ratingcmp=51.0,51.03846,0.0,tooth,powder
gunpowder,2,gun+powder ratingcmp=79.9,79.948715,3.226332593388028,gun,powder
waterpower,2,water+power ratingcmp=89.1,89.129036,1.47,water,power
brainpower,2,brain+power ratingcmp=86.6,86.625,2.246076651583785,brain,power
willpower,2,will+power ratingcmp=75.0,74.974358,3.032196831638704,will,power
candlepower,2,candle+power ratingcmp=47.9,47.945946,1.592864137808441,candle,power
horsepower,2,horse+power ratingcmp=55.4,55.435898,3.091174691598042,horse,power
firepower,2,fire+power ratingcmp=61.5,61.474998,3.28746933674201,fire,power
manpower,2,man+power ratingcmp=77.9,77.92308,3.31714000740923,man,power
camelpox,2,camel+pox ratingcmp=44.4,44.416668,0.0,camel,pox
cowpox,2,cow+pox ratingcmp=49.0,48.971428,2.136932182158717,cow,pox
smallpox,2,small+pox ratingcmp=44.5,44.522728,3.172647734425251,small,pox
chickenpox,2,chicken+pox ratingcmp=41.6,41.648647,2.672045383856066,chicken,pox
winepress,2,wine+press ratingcmp=73.2,73.19355,1.58,wine,press
letterpress,2,letter+press ratingcmp=66.1,66.099998,2.45,letter,press
ciderpress,2,cider+press ratingcmp=63.7,63.724136,0.0,cider,press
clothespress,2,clothes+press ratingcmp=69.5,69.478264,0.0,clothes,press
lampreys,2,lam+preys ratingcmp=24.4,24.370371,1.97,lam,preys
pinprick,2,pin+prick ratingcmp=66.8,66.828575,2.246076651583785,pin,prick
pinpricks,2,pin+pricks ratingcmp=66.1,66.111115,1.893894133472422,pin,pricks
footprint,2,foot+print ratingcmp=81.8,81.783783,3.040022169150661,foot,print
fingerprint,2,finger+print ratingcmp=80.4,80.351349,3.506677990192158,finger,print
thumbprint,2,thumb+print ratingcmp=82.2,82.230766,2.754232140043416,thumb,print
blueprint,2,blue+print ratingcmp=45.6,45.628571,3.098014116128347,blue,print
offprint,2,off+print ratingcmp=60.7,60.67857,1.28,off,print
newsprint,2,news+print ratingcmp=90.4,90.413795,2.246076651583785,news,print
hoofprint,2,hoof+print ratingcmp=70.8,70.785713,1.893894133472422,hoof,print
voiceprint,2,voice+print ratingcmp=60.4,60.357143,2.405777494451296,voice,print
fingerprinting,2,finger+printing ratingcmp=74.8,74.800003,2.522283063522734,finger,printing
blueprints,2,blue+prints ratingcmp=59.6,59.57143,3.422167910639466,blue,prints
footprints,2,foot+prints ratingcmp=90.9,90.925926,3.568295946317704,foot,prints
offprints,2,off+prints ratingcmp=40.7,40.720001,1.01,off,prints
fingerprints,2,finger+prints ratingcmp=82.0,82.0,4.060472243392074,finger,prints
waterproof,2,water+proof ratingcmp=82.9,82.85714,2.999404318242396,water,proof
bombproof,2,bomb+proof ratingcmp=76.7,76.689651,2.136932182158717,bomb,proof
waterproofing,2,water+proofing ratingcmp=73.3,73.258064,1.990804146480479,water,proofing
waterproofs,2,water+proofs ratingcmp=62.4,62.400002,1.91,water,proofs
pitprop,2,pit+prop ratingcmp=25.8,25.76,0.0,pit,prop
brewpub,2,brew+pub ratingcmp=66.6,66.615387,2.16,brew,pub
brewpubs,2,brew+pubs ratingcmp=67.3,67.344826,1.67,brew,pubs
powderpuff,2,powder+puff ratingcmp=66.1,66.096771,1.592864137808441,powder,puff
bellpull,2,bell+pull ratingcmp=51.7,51.655174,0.0,bell,pull
cowpuncher,2,cow+puncher ratingcmp=31.7,31.719999,1.768955396864122,cow,puncher
cowpunchers,2,cow+punchers ratingcmp=31.0,31.038462,1.592864137808441,cow,punchers
hushpuppy,2,hush+puppy ratingcmp=41.9,41.933334,1.13,hush,puppy
cutpurse,2,cut+purse ratingcmp=31.9,31.892857,1.42,cut,purse
penpusher,2,pen+pusher ratingcmp=53.0,52.959999,0.0,pen,pusher
picklepuss,2,pickle+puss ratingcmp=29.4,29.366667,0.0,pickle,puss
sourpuss,2,sour+puss ratingcmp=47.8,47.833332,2.706807490115278,sour,puss
sourpusses,2,sour+pusses ratingcmp=35.1,35.080002,1.893894133472422,sour,pusses
throughput,2,through+put ratingcmp=53.0,52.966667,2.069985392528103,through,put
seaquake,2,sea+quake ratingcmp=71.3,71.290321,1.592864137808441,sea,quake
earthquake,2,earth+quake ratingcmp=80.8,80.849998,3.805051742212399,earth,quake
earthquakes,2,earth+quakes ratingcmp=91.9,91.931038,3.130683232881715,earth,quakes
hindquarter,2,hind+quarter ratingcmp=61.6,61.580647,1.24,hind,quarter
headquarters,2,head+quarters ratingcmp=41.6,41.615383,4.216113428206341,head,quarters
hindquarters,2,hind+quarters ratingcmp=46.2,46.174999,2.246076651583785,hind,quarters
jackrabbit,2,jack+rabbit ratingcmp=42.0,41.972973,2.823313059186715,jack,rabbit
jackrabbits,2,jack+rabbits ratingcmp=49.9,49.875,2.371015388192085,jack,rabbits
tailrace,2,tail+race ratingcmp=55.7,55.724136,1.44,tail,race
footrace,2,foot+race ratingcmp=71.5,71.512817,1.893894133472422,foot,race
headrace,2,head+race ratingcmp=49.1,49.115383,0.0,head,race
millrace,2,mill+race ratingcmp=35.1,35.074074,1.08,mill,race
footraces,2,foot+races ratingcmp=74.2,74.25,0.0,foot,races
millraces,2,mill+races ratingcmp=44.1,44.133335,0.0,mill,races
rickrack,2,rick+rack ratingcmp=30.6,30.633333,0.0,rick,rack
toastrack,2,toast+rack ratingcmp=71.7,71.666664,0.0,toast,rack
coatrack,2,coat+rack ratingcmp=90.8,90.75,1.990804146480479,coat,rack
hitchrack,2,hitch+rack ratingcmp=52.2,52.21212,0.0,hitch,rack
hayrack,2,hay+rack ratingcmp=70.5,70.451614,0.0,hay,rack
hatrack,2,hat+rack ratingcmp=71.3,71.318184,2.136932182158717,hat,rack
horseradish,2,horse+radish ratingcmp=27.5,27.5,2.706807490115278,horse,radish
horseradishes,2,horse+radishes ratingcmp=34.9,34.925926,0.0,horse,radishes
washrag,2,wash+rag ratingcmp=83.3,83.269234,1.592864137808441,wash,rag
dishrag,2,dish+rag ratingcmp=83.5,83.458336,2.069985392528103,dish,rag
dustrag,2,dust+rag ratingcmp=83.5,83.53846,0.0,dust,rag
washrags,2,wash+rags ratingcmp=87.7,87.666664,0.0,wash,rags
dishrags,2,dish+rags ratingcmp=87.7,87.714287,1.592864137808441,dish,rags
handrail,2,hand+rail ratingcmp=82.7,82.657898,2.136932182158717,hand,rail
guardrail,2,guard+rail ratingcmp=74.9,74.85714,2.467925401200141,guard,rail
guardrails,2,guard+rails ratingcmp=85.1,85.083336,1.768955396864122,guard,rails
handrails,2,hand+rails ratingcmp=75.6,75.64286,1.990804146480479,hand,rails
fundraiser,2,fund+raiser ratingcmp=83.9,83.92308,3.283060217836955,fund,raiser
muckraking,2,muck+raking ratingcmp=43.9,43.923077,1.990804146480479,muck,raking
packrat,2,pack+rat ratingcmp=56.5,56.51852,1.56,pack,rat
muskrat,2,musk+rat ratingcmp=33.7,33.692307,2.754232140043416,musk,rat
birthrate,2,birth+rate ratingcmp=82.7,82.659088,1.592864137808441,birth,rate
deathrate,2,death+rate ratingcmp=87.7,87.681816,0.0,death,rate
birthrates,2,birth+rates ratingcmp=90.3,90.333336,2.01,birth,rates
muskrats,2,musk+rats ratingcmp=61.5,61.523811,2.069985392528103,musk,rats
stingray,2,sting+ray ratingcmp=57.3,57.285713,2.495954124800384,sting,ray
sunray,2,sun+ray ratingcmp=80.2,80.199997,2.069985392528103,sun,ray
stingrays,2,sting+rays ratingcmp=63.2,63.166668,1.893894133472422,sting,rays
earreach,2,ear+reach ratingcmp=45.9,45.888889,0.0,ear,reach
copyreader,2,copy+reader ratingcmp=67.6,67.599998,0.0,copy,reader
proofreader,2,proof+reader ratingcmp=65.6,65.63636,1.592864137808441,proof,reader
newsreader,2,news+reader ratingcmp=74.1,74.128204,2.547106647247766,news,reader
sightreader,2,sight+reader ratingcmp=68.5,68.517242,0.0,sight,reader
proofreaders,2,proof+readers ratingcmp=68.0,68.035713,1.592864137808441,proof,readers
lipreading,2,lip+reading ratingcmp=87.1,87.130432,1.592864137808441,lip,reading
makeready,2,make+ready ratingcmp=74.9,74.896553,0.0,make,ready
newsreel,2,news+reel ratingcmp=60.1,60.06818,2.882898749170959,news,reel
newsreels,2,news+reels ratingcmp=60.8,60.814816,2.570587743097289,news,reels
checkrein,2,check+rein ratingcmp=38.3,38.291668,0.0,check,rein
handrest,2,hand+rest ratingcmp=83.0,83.035713,0.0,hand,rest
backrest,2,back+rest ratingcmp=83.8,83.777779,1.592864137808441,back,rest
armrest,2,arm+rest ratingcmp=81.9,81.851852,2.246076651583785,arm,rest
footrest,2,foot+rest ratingcmp=92.2,92.192307,2.069985392528103,foot,rest
headrest,2,head+rest ratingcmp=76.2,76.179489,2.136932182158717,head,rest
bedrest,2,bed+rest ratingcmp=83.3,83.291664,1.78,bed,rest
armrests,2,arm+rests ratingcmp=94.0,93.959999,1.893894133472422,arm,rests
backrests,2,back+rests ratingcmp=88.0,88.0,1.592864137808441,back,rests
footrests,2,foot+rests ratingcmp=84.4,84.428574,1.893894133472422,foot,rests
headrests,2,head+rests ratingcmp=87.6,87.639999,1.893894133472422,head,rests
sparerib,2,spare+rib ratingcmp=45.3,45.26923,2.069985392528103,spare,rib
midrib,2,mid+rib ratingcmp=71.5,71.533333,2.05,mid,rib
midribs,2,mid+ribs ratingcmp=74.3,74.333336,1.25,mid,ribs
spareribs,2,spare+ribs ratingcmp=34.8,34.783783,2.653561978162053,spare,ribs
hayrick,2,hay+rick ratingcmp=26.5,26.5,0.0,hay,rick
hayricks,2,hay+ricks ratingcmp=36.3,36.299999,0.0,hay,ricks
joyride,2,joy+ride ratingcmp=73.2,73.171425,2.954591973826034,joy,ride
nightrider,2,night+rider ratingcmp=76.4,76.39286,1.5,night,rider
roughrider,2,rough+rider ratingcmp=64.1,64.103447,1.27,rough,rider
joyrides,2,joy+rides ratingcmp=81.1,81.120003,1.592864137808441,joy,rides
surfriding,2,surf+riding ratingcmp=65.1,65.120003,0.0,surf,riding
loosestrife,2,loosest+rife ratingcmp=26.8,26.833334,1.57,loosest,rife
oilrig,2,oil+rig ratingcmp=81.0,81.0,0.0,oil,rig
thimblerig,2,thimble+rig ratingcmp=26.4,26.4,0.0,thimble,rig
hayrig,2,hay+rig ratingcmp=48.2,48.166668,0.0,hay,rig
birthright,2,birth+right ratingcmp=69.9,69.864868,2.963932000080177,birth,right
copyright,2,copy+right ratingcmp=55.8,55.846153,2.796984120464366,copy,right
birthrights,2,birth+rights ratingcmp=86.1,86.130432,1.35,birth,rights
copyrights,2,copy+rights ratingcmp=79.1,79.064514,1.592864137808441,copy,rights
bullring,2,bull+ring ratingcmp=52.1,52.135136,2.437962177822698,bull,ring
earring,2,ear+ring ratingcmp=86.4,86.400002,3.434848942398555,ear,ring
lockring,2,lock+ring ratingcmp=60.4,60.387096,0.0,lock,ring
bullrings,2,bull+rings ratingcmp=67.1,67.080002,1.592864137808441,bull,rings
earrings,2,ear+rings ratingcmp=75.2,75.214287,3.788763790217675,ear,rings
sunrise,2,sun+rise ratingcmp=92.6,92.564102,3.783195835978733,sun,rise
sunrises,2,sun+rises ratingcmp=91.2,91.160004,2.136932182158717,sun,rises
cockroach,2,cock+roach ratingcmp=30.8,30.78125,3.534872190830754,cock,roach
cockroaches,2,cock+roaches ratingcmp=45.6,45.551723,3.45019663423971,cock,roaches
highroad,2,high+road ratingcmp=50.4,50.42857,1.592864137808441,high,road
cartroad,2,cart+road ratingcmp=52.4,52.407406,0.0,cart,road
crossroad,2,cross+road ratingcmp=83.5,83.53125,2.29183414214446,cross,road
railroad,2,rail+road ratingcmp=83.0,82.972977,4.094607867436435,rail,road
crossroads,2,cross+roads ratingcmp=88.4,88.3871,3.333226827302685,cross,roads
railroads,2,rail+roads ratingcmp=86.0,86.032257,3.032196831638704,rail,roads
highroads,2,high+roads ratingcmp=73.4,73.42308,1.592864137808441,high,roads
graverobber,2,grave+robber ratingcmp=72.1,72.10714,1.768955396864122,grave,robber
bathrobe,2,bath+robe ratingcmp=81.5,81.53846,3.226332593388028,bath,robe
wardrobes,2,ward+robes ratingcmp=54.5,54.5,1.768955396864122,ward,robes
bathrobes,2,bath+robes ratingcmp=86.8,86.791664,2.570587743097289,bath,robes
searobin,2,sea+robin ratingcmp=38.1,38.083332,0.0,sea,robin
bedrock,2,bed+rock ratingcmp=46.6,46.636364,2.522283063522734,bed,rock
gritrock,2,grit+rock ratingcmp=50.8,50.76923,0.0,grit,rock
soaprock,2,soap+rock ratingcmp=63.0,63.0,0.0,soap,rock
skyrocket,2,sky+rocket ratingcmp=77.1,77.103447,2.547106647247766,sky,rocket
skyrockets,2,sky+rockets ratingcmp=82.9,82.85714,2.136932182158717,sky,rockets
bedrocks,2,bed+rocks ratingcmp=58.5,58.48148,1.38,bed,rocks
silverrod,2,silver+rod ratingcmp=62.2,62.233334,0.0,silver,rod
goldenrod,2,golden+rod ratingcmp=62.4,62.375,2.136932182158717,golden,rod
ramrod,2,ram+rod ratingcmp=31.8,31.78125,2.653561978162053,ram,rod
nailrod,2,nail+rod ratingcmp=54.1,54.115383,0.0,nail,rod
ramrods,2,ram+rods ratingcmp=48.2,48.166668,1.893894133472422,ram,rods
jellyroll,2,jelly+roll ratingcmp=65.7,65.6875,1.990804146480479,jelly,roll
payroll,2,pay+roll ratingcmp=51.6,51.551723,3.70345384810769,pay,roll
bankroll,2,bank+roll ratingcmp=51.1,51.105263,3.047708997816951,bank,roll
bedroll,2,bed+roll ratingcmp=58.2,58.214287,2.246076651583785,bed,roll
steamroller,2,steam+roller ratingcmp=65.1,65.135132,2.405777494451296,steam,roller
steamrollers,2,steam+rollers ratingcmp=77.3,77.321426,1.592864137808441,steam,rollers
logrolling,2,log+rolling ratingcmp=86.8,86.758621,1.35,log,rolling
bankrolls,2,bank+rolls ratingcmp=52.7,52.703705,1.768955396864122,bank,rolls
bedrolls,2,bed+rolls ratingcmp=60.4,60.42857,1.768955396864122,bed,rolls
payrolls,2,pay+rolls ratingcmp=66.5,66.541664,2.495954124800384,pay,rolls
jellyrolls,2,jelly+rolls ratingcmp=74.1,74.115387,0.0,jelly,rolls
sunroof,2,sun+roof ratingcmp=65.5,65.512817,2.653561978162053,sun,roof
sunroofs,2,sun+roofs ratingcmp=73.1,73.080002,1.32,sun,roofs
workroom,2,work+room ratingcmp=91.9,91.933334,2.371015388192085,work,room
storeroom,2,store+room ratingcmp=84.9,84.931038,3.216113428206341,store,room
greenroom,2,green+room ratingcmp=59.3,59.256409,1.768955396864122,green,room
bedroom,2,bed+room ratingcmp=90.0,90.0,4.564371919519697,bed,room
schoolroom,2,school+room ratingcmp=91.6,91.625,2.522283063522734,school,room
boardroom,2,board+room ratingcmp=48.4,48.37838,2.893894133472422,board,room
sickroom,2,sick+room ratingcmp=76.6,76.64286,2.29183414214446,sick,room
classroom,2,class+room ratingcmp=84.8,84.818184,3.649768989144914,class,room
ballroom,2,ball+room ratingcmp=39.2,39.179485,3.636226415829571,ball,room
barroom,2,bar+room ratingcmp=67.1,67.125,2.754232140043416,bar,room
washroom,2,wash+room ratingcmp=89.9,89.870964,3.231353394763079,wash,room
sunroom,2,sun+room ratingcmp=86.6,86.599998,2.194924129136403,sun,room
lunchroom,2,lunch+room ratingcmp=93.6,93.620689,2.547106647247766,lunch,room
chatroom,2,chat+room ratingcmp=79.5,79.545456,2.58,chat,room
cardroom,2,card+room ratingcmp=65.6,65.620689,1.44,card,room
salesroom,2,sales+room ratingcmp=89.0,89.0,1.61,sales,room
clubroom,2,club+room ratingcmp=78.3,78.307693,1.69,club,room
homeroom,2,home+room ratingcmp=72.2,72.25,3.069985392528104,home,room
taproom,2,tap+room ratingcmp=49.1,49.06818,1.592864137808441,tap,room
bathroom,2,bath+room ratingcmp=83.5,83.513512,4.789592860431728,bath,room
headroom,2,head+room ratingcmp=57.5,57.512821,1.893894133472422,head,room
wardroom,2,ward+room ratingcmp=41.3,41.282051,2.467925401200141,ward,room
backroom,2,back+room ratingcmp=88.1,88.071426,2.723197906303447,back,room
playroom,2,play+room ratingcmp=96.0,95.966667,2.91508343254236,play,room
tearoom,2,tea+room ratingcmp=73.4,73.425003,2.194924129136403,tea,room
newsroom,2,news+room ratingcmp=77.8,77.810814,2.893894133472422,news,room
houseroom,2,house+room ratingcmp=68.0,68.0,0.0,house,room
stockroom,2,stock+room ratingcmp=73.4,73.400002,2.754232140043416,stock,room
stillroom,2,still+room ratingcmp=63.1,63.103447,0.0,still,room
poolroom,2,pool+room ratingcmp=72.1,72.14286,2.570587743097289,pool,room
darkroom,2,dark+room ratingcmp=82.2,82.199997,2.945046655919803,dark,room
guardroom,2,guard+room ratingcmp=78.6,78.578949,2.333226827302685,guard,room
saleroom,2,sale+room ratingcmp=80.5,80.518517,1.45,sale,room
fireroom,2,fire+room ratingcmp=68.7,68.724136,0.0,fire,room
stateroom,2,state+room ratingcmp=41.2,41.153847,2.91508343254236,state,room
showroom,2,show+room ratingcmp=81.8,81.758621,2.810348082022347,show,room
restroom,2,rest+room ratingcmp=71.8,71.782608,3.392204687262023,rest,room
coatroom,2,coat+room ratingcmp=87.5,87.464287,2.522283063522734,coat,room
cloakroom,2,cloak+room ratingcmp=65.1,65.051285,2.823313059186715,cloak,room
grillroom,2,grill+room ratingcmp=59.8,59.75,0.0,grill,room
courtroom,2,court+room ratingcmp=76.5,76.53846,3.923277911157632,court,room
checkroom,2,check+room ratingcmp=69.6,69.633331,2.467925401200141,check,room
guestroom,2,guest+room ratingcmp=88.4,88.351349,1.990804146480479,guest,room
strongroom,2,strong+room ratingcmp=60.3,60.275864,1.26,strong,room
storerooms,2,store+rooms ratingcmp=78.0,77.962959,2.03,store,rooms
cloakrooms,2,cloak+rooms ratingcmp=62.6,62.59375,1.46,cloak,rooms
wardrooms,2,ward+rooms ratingcmp=61.6,61.599998,0.0,ward,rooms
sickrooms,2,sick+rooms ratingcmp=68.5,68.458336,0.0,sick,rooms
backrooms,2,back+rooms ratingcmp=81.3,81.318184,1.768955396864122,back,rooms
restrooms,2,rest+rooms ratingcmp=53.0,53.040001,2.672045383856066,rest,rooms
classrooms,2,class+rooms ratingcmp=90.2,90.15625,2.783195835978733,class,rooms
darkrooms,2,dark+rooms ratingcmp=89.4,89.380951,1.592864137808441,dark,rooms
lunchrooms,2,lunch+rooms ratingcmp=87.8,87.772728,1.592864137808441,lunch,rooms
bedrooms,2,bed+rooms ratingcmp=94.0,94.0,3.476525572962059,bed,rooms
playrooms,2,play+rooms ratingcmp=93.8,93.760002,1.768955396864122,play,rooms
tearooms,2,tea+rooms ratingcmp=72.8,72.75,1.592864137808441,tea,rooms
guardrooms,2,guard+rooms ratingcmp=67.3,67.260872,0.0,guard,rooms
courtrooms,2,court+rooms ratingcmp=86.0,86.0,2.333226827302685,court,rooms
salerooms,2,sale+rooms ratingcmp=72.1,72.115387,1.06,sale,rooms
poolrooms,2,pool+rooms ratingcmp=63.7,63.73077,1.990804146480479,pool,rooms
homerooms,2,home+rooms ratingcmp=67.9,67.85714,1.768955396864122,home,rooms
schoolrooms,2,school+rooms ratingcmp=91.3,91.333336,1.592864137808441,school,rooms
checkrooms,2,check+rooms ratingcmp=57.0,56.962963,0.0,check,rooms
ballrooms,2,ball+rooms ratingcmp=64.5,64.541664,1.592864137808441,ball,rooms
washrooms,2,wash+rooms ratingcmp=76.0,75.959999,1.990804146480479,wash,rooms
barrooms,2,bar+rooms ratingcmp=57.1,57.111111,1.592864137808441,bar,rooms
newsrooms,2,news+rooms ratingcmp=92.6,92.555557,1.592864137808441,news,rooms
showrooms,2,show+rooms ratingcmp=76.6,76.590912,2.069985392528103,show,rooms
taprooms,2,tap+rooms ratingcmp=41.7,41.653847,1.592864137808441,tap,rooms
clubrooms,2,club+rooms ratingcmp=80.9,80.933334,1.67,club,rooms
salesrooms,2,sales+rooms ratingcmp=82.7,82.727272,0.0,sales,rooms
boardrooms,2,board+rooms ratingcmp=62.0,62.0,2.15,board,rooms
greenrooms,2,green+rooms ratingcmp=67.5,67.5,0.0,green,rooms
strongrooms,2,strong+rooms ratingcmp=47.2,47.233334,0.0,strong,rooms
coatrooms,2,coat+rooms ratingcmp=84.9,84.888885,1.592864137808441,coat,rooms
bathrooms,2,bath+rooms ratingcmp=86.7,86.741936,3.434848942398555,bath,rooms
workrooms,2,work+rooms ratingcmp=86.5,86.518517,1.52,work,rooms
guestrooms,2,guest+rooms ratingcmp=89.8,89.800003,1.94,guest,rooms
stockrooms,2,stock+rooms ratingcmp=80.3,80.272728,0.0,stock,rooms
staterooms,2,state+rooms ratingcmp=52.3,52.279999,1.990804146480479,state,rooms
henroost,2,hen+roost ratingcmp=55.2,55.200001,0.0,hen,roost
beetroot,2,beet+root ratingcmp=67.5,67.46154,1.990804146480479,beet,root
briarroot,2,briar+root ratingcmp=44.9,44.875,0.0,briar,root
taproot,2,tap+root ratingcmp=50.6,50.555557,1.92,tap,root
coralroot,2,coral+root ratingcmp=53.5,53.458332,0.0,coral,root
colicroot,2,colic+root ratingcmp=39.9,39.866665,0.0,colic,root
crinkleroot,2,crinkle+root ratingcmp=50.8,50.827587,0.0,crinkle,root
bloodroot,2,blood+root ratingcmp=45.5,45.5,2.136932182158717,blood,root
alumroot,2,alum+root ratingcmp=27.3,27.346153,0.0,alum,root
birthroot,2,birth+root ratingcmp=58.9,58.862068,0.0,birth,root
flagroot,2,flag+root ratingcmp=44.0,44.0,0.0,flag,root
cloveroot,2,clove+root ratingcmp=55.9,55.900002,0.0,clove,root
snakeroot,2,snake+root ratingcmp=38.8,38.82143,1.768955396864122,snake,root
gingerroot,2,ginger+root ratingcmp=73.4,73.400002,1.592864137808441,ginger,root
papooseroot,2,papoose+root ratingcmp=36.4,36.439999,0.0,papoose,root
stoneroot,2,stone+root ratingcmp=42.3,42.333332,0.0,stone,root
puttyroot,2,putty+root ratingcmp=31.4,31.4,0.0,putty,root
feverroot,2,fever+root ratingcmp=39.7,39.708332,0.0,fever,root
arrowroot,2,arrow+root ratingcmp=30.3,30.324324,1.592864137808441,arrow,root
redroot,2,red+root ratingcmp=70.6,70.555557,0.0,red,root
orrisroot,2,orris+root ratingcmp=38.6,38.57143,0.0,orris,root
nerveroot,2,nerve+root ratingcmp=58.6,58.633335,0.0,nerve,root
breadroot,2,bread+root ratingcmp=39.6,39.555557,0.0,bread,root
balsamroot,2,balsam+root ratingcmp=54.0,54.034481,0.0,balsam,root
bitterroot,2,bitter+root ratingcmp=72.2,72.21212,1.96,bitter,root
fingerroot,2,finger+root ratingcmp=35.8,35.766666,0.0,finger,root
squawroot,2,squaw+root ratingcmp=35.6,35.625,0.0,squaw,root
pinkroot,2,pink+root ratingcmp=46.7,46.695652,0.0,pink,root
manroot,2,man+root ratingcmp=42.6,42.586208,0.0,man,root
longroot,2,long+root ratingcmp=71.3,71.272728,0.0,long,root
beetroots,2,beet+roots ratingcmp=85.1,85.083336,1.79,beet,roots
taproots,2,tap+roots ratingcmp=48.3,48.299999,1.33,tap,roots
towrope,2,tow+rope ratingcmp=73.5,73.533333,0.0,tow,rope
tightrope,2,tight+rope ratingcmp=65.9,65.871796,2.689774150816497,tight,rope
tightropes,2,tight+ropes ratingcmp=74.2,74.173912,1.768955396864122,tight,ropes
towropes,2,tow+ropes ratingcmp=78.2,78.153847,0.0,tow,ropes
rockrose,2,rock+rose ratingcmp=44.3,44.275864,1.04,rock,rose
sunrose,2,sun+rose ratingcmp=61.9,61.896553,0.0,sun,rose
primroses,2,prim+roses ratingcmp=45.5,45.52,1.893894133472422,prim,roses
heartrot,2,heart+rot ratingcmp=45.4,45.392857,0.0,heart,rot
turnround,2,turn+round ratingcmp=78.5,78.481483,1.13,turn,round
turnrounds,2,turn+rounds ratingcmp=61.8,61.782608,0.0,turn,rounds
landrover,2,land+rover ratingcmp=63.7,63.6875,1.78,land,rover
hedgerow,2,hedge+row ratingcmp=52.4,52.42857,1.893894133472422,hedge,row
hedgerows,2,hedge+rows ratingcmp=48.2,48.25,2.069985392528103,hedge,rows
pennyroyal,2,penny+royal ratingcmp=40.9,40.851852,1.768955396864122,penny,royal
hearthrug,2,hearth+rug ratingcmp=54.6,54.580647,0.0,hearth,rug
hearthrugs,2,hearth+rugs ratingcmp=46.0,46.0,0.0,hearth,rugs
sheeprun,2,sheep+run ratingcmp=62.8,62.827587,0.0,sheep,run
funrun,2,fun+run ratingcmp=56.6,56.560001,0.0,fun,run
millrun,2,mill+run ratingcmp=33.8,33.759998,0.0,mill,run
forerunner,2,fore+runner ratingcmp=68.4,68.413795,1.990804146480479,fore,runner
racerunner,2,race+runner ratingcmp=84.1,84.096771,0.0,race,runner
rumrunner,2,rum+runner ratingcmp=44.4,44.413792,0.0,rum,runner
gunrunner,2,gun+runner ratingcmp=60.8,60.766666,2.136932182158717,gun,runner
roadrunner,2,road+runner ratingcmp=68.5,68.535713,2.634256822966666,road,runner
roadrunners,2,road+runners ratingcmp=65.7,65.720001,1.990804146480479,road,runners
gunrunners,2,gun+runners ratingcmp=47.0,47.03846,2.136932182158717,gun,runners
gunrunning,2,gun+running ratingcmp=48.8,48.82143,2.194924129136403,gun,running
bullrush,2,bull+rush ratingcmp=45.6,45.612904,1.08,bull,rush
rucksack,2,ruck+sack ratingcmp=52.4,52.400002,2.246076651583785,ruck,sack
packsack,2,pack+sack ratingcmp=66.8,66.760002,0.0,pack,sack
gripsack,2,grip+sack ratingcmp=48.6,48.633335,0.0,grip,sack
gunnysack,2,gunny+sack ratingcmp=28.6,28.589743,2.069985392528103,gunny,sack
hopsack,2,hop+sack ratingcmp=33.6,33.639999,0.0,hop,sack
hopsacking,2,hop+sacking ratingcmp=38.9,38.909092,0.0,hop,sacking
rucksacks,2,ruck+sacks ratingcmp=59.4,59.375,1.592864137808441,ruck,sacks
gunnysacks,2,gunny+sacks ratingcmp=23.0,23.038462,1.768955396864122,gunny,sacks
packsaddle,2,pack+saddle ratingcmp=67.4,67.366669,0.0,pack,saddle
sidesaddle,2,side+saddle ratingcmp=69.2,69.206894,2.069985392528103,side,saddle
packsaddles,2,pack+saddles ratingcmp=58.1,58.099998,0.0,pack,saddles
sidesaddles,2,side+saddles ratingcmp=79.6,79.566666,0.0,side,saddles
gaffsail,2,gaff+sail ratingcmp=33.5,33.466667,0.0,gaff,sail
skysail,2,sky+sail ratingcmp=61.2,61.166668,0.0,sky,sail
parasail,2,para+sail ratingcmp=46.4,46.444443,1.34,para,sail
lugsail,2,lug+sail ratingcmp=36.9,36.900002,0.0,lug,sail
mainsail,2,main+sail ratingcmp=77.2,77.241379,2.653561978162053,main,sail
headsail,2,head+sail ratingcmp=43.8,43.82143,1.592864137808441,head,sail
staysail,2,stay+sail ratingcmp=35.2,35.192307,1.768955396864122,stay,sail
spritsail,2,sprit+sail ratingcmp=36.5,36.535713,1.592864137808441,sprit,sail
topsail,2,top+sail ratingcmp=75.1,75.103447,2.194924129136403,top,sail
parasailing,2,para+sailing ratingcmp=46.0,46.035713,2.136932182158717,para,sailing
topsails,2,top+sails ratingcmp=68.9,68.85714,2.194924129136403,top,sails
mainsails,2,main+sails ratingcmp=70.6,70.599998,1.768955396864122,main,sails
lugsails,2,lug+sails ratingcmp=34.4,34.400002,0.0,lug,sails
namesake,2,name+sake ratingcmp=47.0,47.0,2.371015388192085,name,sake
keepsake,2,keep+sake ratingcmp=64.0,63.965519,2.860035866211455,keep,sake
namesakes,2,name+sakes ratingcmp=59.7,59.68,1.87,name,sakes
keepsakes,2,keep+sakes ratingcmp=59.2,59.240002,2.194924129136403,keep,sakes
wholesale,2,whole+sale ratingcmp=57.2,57.172413,3.226332593388028,whole,sale
wholesales,2,whole+sales ratingcmp=55.0,55.037037,1.592864137808441,whole,sales
greensand,2,green+sand ratingcmp=52.1,52.074074,1.92,green,sand
quicksand,2,quick+sand ratingcmp=65.2,65.204544,3.172647734425251,quick,sand
quicksands,2,quick+sands ratingcmp=77.4,77.35714,2.136932182158717,quick,sands
pinesap,2,pine+sap ratingcmp=78.7,78.699997,0.0,pine,sap
applesauce,2,apple+sauce ratingcmp=89.6,89.608696,2.783195835978733,apple,sauce
lifesaver,2,life+saver ratingcmp=83.5,83.481483,3.091174691598042,life,saver
lifesavers,2,life+savers ratingcmp=78.5,78.5,2.246076651583785,life,savers
lifesaving,2,life+saving ratingcmp=93.4,93.40741,2.592864137808441,life,saving
ripsaw,2,rip+saw ratingcmp=49.6,49.612904,1.4,rip,saw
jigsaw,2,jig+saw ratingcmp=42.4,42.419353,3.274105375184028,jig,saw
chainsaw,2,chain+saw ratingcmp=85.6,85.571426,3.040022169150661,chain,saw
backsaw,2,back+saw ratingcmp=64.1,64.111115,0.0,back,saw
seesaw,2,see+saw ratingcmp=26.1,26.066668,2.653561978162053,see,saw
hacksaw,2,hack+saw ratingcmp=58.2,58.210526,2.672045383856066,hack,saw
splitsaw,2,split+saw ratingcmp=58.1,58.066666,0.0,split,saw
handsaw,2,hand+saw ratingcmp=74.7,74.675003,2.069985392528103,hand,saw
bandsaw,2,band+saw ratingcmp=62.1,62.125,1.85,band,saw
bucksaw,2,buck+saw ratingcmp=49.8,49.799999,0.0,buck,saw
pitsaw,2,pit+saw ratingcmp=49.2,49.200001,0.0,pit,saw
gangsaw,2,gang+saw ratingcmp=42.6,42.599998,0.0,gang,saw
fretsaw,2,fret+saw ratingcmp=31.0,31.037037,0.0,fret,saw
whipsaw,2,whip+saw ratingcmp=50.7,50.68182,1.46,whip,saw
chainsaws,2,chain+saws ratingcmp=84.0,84.0,2.194924129136403,chain,saws
bucksaws,2,buck+saws ratingcmp=41.0,41.0,0.0,buck,saws
seesaws,2,see+saws ratingcmp=34.6,34.625,1.34,see,saws
fretsaws,2,fret+saws ratingcmp=28.9,28.888889,0.0,fret,saws
handsaws,2,hand+saws ratingcmp=83.4,83.440002,1.13,hand,saws
jigsaws,2,jig+saws ratingcmp=48.0,47.958332,1.768955396864122,jig,saws
whipsaws,2,whip+saws ratingcmp=45.1,45.137932,0.0,whip,saws
hacksaws,2,hack+saws ratingcmp=64.4,64.380951,1.592864137808441,hack,saws
ripsaws,2,rip+saws ratingcmp=41.4,41.4375,0.0,rip,saws
hearsay,2,hear+say ratingcmp=47.9,47.918919,3.189461233434901,hear,say
soothsaying,2,sooth+saying ratingcmp=35.0,34.964287,1.592864137808441,sooth,saying
naysaying,2,nay+saying ratingcmp=63.8,63.81818,1.42,nay,saying
cityscape,2,city+scape ratingcmp=66.1,66.080002,1.768955396864122,city,scape
waterscape,2,water+scape ratingcmp=65.4,65.444443,1.31,water,scape
landscape,2,land+scape ratingcmp=68.5,68.5,3.399044111792328,land,scape
seascape,2,sea+scape ratingcmp=70.5,70.5,1.893894133472422,sea,scape
headscarf,2,head+scarf ratingcmp=89.4,89.3871,2.65,head,scarf
headscarves,2,head+scarves ratingcmp=83.5,83.533333,2.11,head,scarves
highschool,2,high+school ratingcmp=68.7,68.655174,2.29183414214446,high,school
playschool,2,play+school ratingcmp=84.1,84.066666,1.64,play,school
playschools,2,play+schools ratingcmp=78.2,78.166664,0.0,play,schools
fiberscope,2,fiber+scope ratingcmp=57.6,57.60606,0.0,fiber,scope
fourscore,2,four+score ratingcmp=36.6,36.592594,2.371015388192085,four,score
threescore,2,three+score ratingcmp=51.1,51.07143,1.893894133472422,three,score
butterscotch,2,butter+scotch ratingcmp=39.1,39.136364,2.706807490115278,butter,scotch
hopscotch,2,hop+scotch ratingcmp=44.2,44.233334,2.495954124800384,hop,scotch
hopscotches,2,hop+scotches ratingcmp=43.7,43.653847,0.0,hop,scotches
skyscraper,2,sky+scraper ratingcmp=57.6,57.615383,2.904617998864195,sky,scraper
skyscrapers,2,sky+scrapers ratingcmp=70.0,70.0,2.882898749170959,sky,scrapers
backscratcher,2,back+scratcher ratingcmp=93.2,93.199997,2.069985392528103,back,scratcher
windscreen,2,wind+screen ratingcmp=72.2,72.184212,2.467925401200141,wind,screen
sunscreen,2,sun+screen ratingcmp=75.9,75.925926,3.007837485779259,sun,screen
silkscreen,2,silk+screen ratingcmp=57.9,57.892857,1.592864137808441,silk,screen
smokescreen,2,smoke+screen ratingcmp=58.0,58.0,2.246076651583785,smoke,screen
touchscreen,2,touch+screen ratingcmp=94.5,94.5,3.1,touch,screen
windscreens,2,wind+screens ratingcmp=65.6,65.599998,1.768955396864122,wind,screens
touchscreens,2,touch+screens ratingcmp=90.8,90.76667,2.19,touch,screens
smokescreens,2,smoke+screens ratingcmp=72.2,72.166664,1.48,smoke,screens
silkscreens,2,silk+screens ratingcmp=62.4,62.423077,0.0,silk,screens
sunscreens,2,sun+screens ratingcmp=75.5,75.541664,1.592864137808441,sun,screens
woodscrew,2,wood+screw ratingcmp=73.0,73.033333,0.0,wood,screw
jackscrew,2,jack+screw ratingcmp=48.1,48.111111,1.1,jack,screw
thumbscrew,2,thumb+screw ratingcmp=57.9,57.866665,1.893894133472422,thumb,screw
corkscrew,2,cork+screw ratingcmp=77.6,77.6129,3.055262135707397,cork,screw
airscrew,2,air+screw ratingcmp=39.1,39.119999,1.18,air,screw
setscrew,2,set+screw ratingcmp=44.6,44.566666,1.12,set,screw
thumbscrews,2,thumb+screws ratingcmp=45.8,45.84,1.893894133472422,thumb,screws
corkscrews,2,cork+screws ratingcmp=68.9,68.928574,1.893894133472422,cork,screws
setscrews,2,set+screws ratingcmp=51.8,51.80645,0.0,set,screws
playscript,2,play+script ratingcmp=84.5,84.5,0.0,play,script
typescript,2,type+script ratingcmp=66.0,66.035713,2.59,type,script
typescripts,2,type+scripts ratingcmp=64.1,64.074074,1.51,type,scripts
goldenseal,2,golden+seal ratingcmp=50.0,49.962963,1.592864137808441,golden,seal
countryseat,2,country+seat ratingcmp=43.3,43.333332,0.0,country,seat
backseat,2,back+seat ratingcmp=89.8,89.827583,3.363716149450585,back,seat
loveseat,2,love+seat ratingcmp=57.9,57.892857,1.893894133472422,love,seat
backseats,2,back+seats ratingcmp=87.3,87.296295,1.893894133472422,back,seats
midsection,2,mid+section ratingcmp=83.8,83.785713,2.592864137808441,mid,section
midsections,2,mid+sections ratingcmp=80.4,80.366669,1.12,mid,sections
blackseed,2,black+seed ratingcmp=65.6,65.625,0.0,black,seed
rapeseed,2,rape+seed ratingcmp=35.6,35.560001,1.990804146480479,rape,seed
moonseed,2,moon+seed ratingcmp=39.7,39.67857,0.0,moon,seed
pumpkinseed,2,pumpkin+seed ratingcmp=92.3,92.269234,1.23,pumpkin,seed
birdseed,2,bird+seed ratingcmp=77.7,77.675674,2.570587743097289,bird,seed
cottonseed,2,cotton+seed ratingcmp=77.9,77.896553,1.99,cotton,seed
dropseed,2,drop+seed ratingcmp=43.2,43.166668,0.0,drop,seed
oilseed,2,oil+seed ratingcmp=60.5,60.5,2.14,oil,seed
tickseed,2,tick+seed ratingcmp=51.3,51.258064,0.0,tick,seed
flaxseed,2,flax+seed ratingcmp=80.9,80.862068,2.069985392528103,flax,seed
wormseed,2,worm+seed ratingcmp=45.4,45.444443,0.0,worm,seed
hayseed,2,hay+seed ratingcmp=60.2,60.25,2.522283063522734,hay,seed
heartseed,2,heart+seed ratingcmp=46.5,46.533333,0.0,heart,seed
oilseeds,2,oil+seeds ratingcmp=72.1,72.068962,2.07,oil,seeds
hayseeds,2,hay+seeds ratingcmp=66.9,66.85714,1.990804146480479,hay,seeds
cottonseeds,2,cotton+seeds ratingcmp=79.3,79.258064,0.0,cotton,seeds
sightseeing,2,sight+seeing ratingcmp=80.8,80.80645,3.172647734425251,sight,seeing
placeseeker,2,place+seeker ratingcmp=70.7,70.708336,0.0,place,seeker
overseer,2,over+seer ratingcmp=69.0,69.0,2.634256822966666,over,seer
sightseer,2,sight+seer ratingcmp=59.3,59.28125,1.592864137808441,sight,seer
sightseers,2,sight+seers ratingcmp=76.6,76.6129,2.29183414214446,sight,seers
bestseller,2,best+seller ratingcmp=86.8,86.800003,2.848136642911747,best,seller
slopseller,2,slop+seller ratingcmp=52.9,52.919998,0.0,slop,seller
bookseller,2,book+seller ratingcmp=81.2,81.224998,2.069985392528103,book,seller
booksellers,2,book+sellers ratingcmp=83.8,83.807693,2.136932182158717,book,sellers
bestsellers,2,best+sellers ratingcmp=90.0,90.0,1.990804146480479,best,sellers
godsend,2,god+send ratingcmp=72.1,72.14286,2.954591973826034,god,send
godsends,2,god+sends ratingcmp=72.6,72.63636,0.0,god,sends
manservant,2,man+servant ratingcmp=76.1,76.128204,2.495954124800384,man,servant
maidservant,2,maid+servant ratingcmp=72.0,72.027023,2.136932182158717,maid,servant
menservants,2,men+servants ratingcmp=75.9,75.888885,0.0,men,servants
maidservants,2,maid+servants ratingcmp=79.2,79.166664,1.4,maid,servants
timeserver,2,time+server ratingcmp=56.8,56.777779,0.0,time,server
timeservers,2,time+servers ratingcmp=56.5,56.52174,0.0,time,servers
headset,2,head+set ratingcmp=57.1,57.108109,2.925302597724047,head,set
boneset,2,bone+set ratingcmp=48.2,48.233334,1.17,bone,set
mindset,2,mind+set ratingcmp=67.0,67.0,2.570587743097289,mind,set
offset,2,off+set ratingcmp=65.2,65.166664,2.768955396864123,off,set
sunset,2,sun+set ratingcmp=80.2,80.199997,4.013644757357007,sun,set
quickset,2,quick+set ratingcmp=72.2,72.185188,1.37,quick,set
handset,2,hand+set ratingcmp=54.6,54.625,2.437962177822698,hand,set
gearset,2,gear+set ratingcmp=68.4,68.428574,1.592864137808441,gear,set
summerset,2,summer+set ratingcmp=47.6,47.639999,1.73,summer,set
handsets,2,hand+sets ratingcmp=62.9,62.854168,1.592864137808441,hand,sets
mindsets,2,mind+sets ratingcmp=71.9,71.925926,2.65,mind,sets
offsets,2,off+sets ratingcmp=57.9,57.9375,1.893894133472422,off,sets
sunsets,2,sun+sets ratingcmp=84.5,84.480003,2.973075379520047,sun,sets
headsets,2,head+sets ratingcmp=68.9,68.85714,2.653561978162053,head,sets
typesetter,2,type+setter ratingcmp=48.4,48.416668,1.768955396864122,type,setter
bonesetter,2,bone+setter ratingcmp=59.2,59.225807,1.592864137808441,bone,setter
pacesetter,2,pace+setter ratingcmp=80.0,79.966667,1.98,pace,setter
pacesetters,2,pace+setters ratingcmp=67.5,67.481483,1.592864137808441,pace,setters
typesetters,2,type+setters ratingcmp=52.3,52.266666,1.52,type,setters
toadshade,2,toad+shade ratingcmp=27.3,27.347826,0.0,toad,shade
sunshade,2,sun+shade ratingcmp=75.8,75.793106,1.98,sun,shade
nightshade,2,night+shade ratingcmp=42.0,42.045456,2.706807490115278,night,shade
lampshade,2,lamp+shade ratingcmp=66.2,66.25,2.467925401200141,lamp,shade
eyeshade,2,eye+shade ratingcmp=74.6,74.599998,1.26,eye,shade
lampshades,2,lamp+shades ratingcmp=76.7,76.678574,1.990804146480479,lamp,shades
nightshades,2,night+shades ratingcmp=70.8,70.75,1.5,night,shades
sunshades,2,sun+shades ratingcmp=84.3,84.290321,1.61,sun,shades
eyeshadow,2,eye+shadow ratingcmp=79.4,79.384613,3.14,eye,shadow
mineshaft,2,mine+shaft ratingcmp=75.8,75.757576,2.04,mine,shaft
crankshaft,2,crank+shaft ratingcmp=59.7,59.700001,2.136932182158717,crank,shaft
driveshaft,2,drive+shaft ratingcmp=61.3,61.275864,2.17,drive,shaft
camshaft,2,cam+shaft ratingcmp=41.4,41.357143,2.371015388192085,cam,shaft
crankshafts,2,crank+shafts ratingcmp=46.6,46.576923,1.81,crank,shafts
camshafts,2,cam+shafts ratingcmp=33.2,33.200001,1.768955396864122,cam,shafts
eggshake,2,egg+shake ratingcmp=66.6,66.571426,0.0,egg,shake
milkshake,2,milk+shake ratingcmp=66.4,66.400002,2.925302597724047,milk,shake
handshake,2,hand+shake ratingcmp=84.9,84.875,3.484958740498922,hand,shake
headshake,2,head+shake ratingcmp=84.2,84.199997,1.16,head,shake
boneshaker,2,bone+shaker ratingcmp=55.0,55.0,1.893894133472422,bone,shaker
saltshaker,2,salt+shaker ratingcmp=82.9,82.900002,2.136932182158717,salt,shaker
saltshakers,2,salt+shakers ratingcmp=88.6,88.571426,1.592864137808441,salt,shakers
boneshakers,2,bone+shakers ratingcmp=52.6,52.583332,0.0,bone,shakers
handshaking,2,hand+shaking ratingcmp=84.3,84.285713,1.990804146480479,hand,shaking
headshaking,2,head+shaking ratingcmp=82.6,82.633331,0.0,head,shaking
hindshank,2,hind+shank ratingcmp=44.5,44.451614,0.0,hind,shank
redshank,2,red+shank ratingcmp=44.0,43.962963,1.7,red,shank
greenshank,2,green+shank ratingcmp=38.1,38.103447,1.48,green,shank
sheepshank,2,sheep+shank ratingcmp=29.0,28.964285,1.592864137808441,sheep,shank
spindleshanks,2,spindle+shanks ratingcmp=33.8,33.78788,0.0,spindle,shanks
ploughshare,2,plough+share ratingcmp=40.7,40.655174,1.55,plough,share
plowshare,2,plow+share ratingcmp=32.4,32.366665,1.47,plow,share
plowshares,2,plow+shares ratingcmp=48.6,48.551723,2.194924129136403,plow,shares
cardsharp,2,card+sharp ratingcmp=41.7,41.655174,1.893894133472422,card,sharp
cardsharper,2,card+sharper ratingcmp=36.6,36.642857,1.592864137808441,card,sharper
cardsharpers,2,card+sharpers ratingcmp=46.2,46.172413,0.0,card,sharpers
cardsharps,2,card+sharps ratingcmp=32.0,32.030304,0.0,card,sharps
spokeshave,2,spoke+shave ratingcmp=23.8,23.799999,0.0,spoke,shave
drawshave,2,draw+shave ratingcmp=38.4,38.400002,0.0,draw,shave
sheepshearing,2,sheep+shearing ratingcmp=80.4,80.433334,0.0,sheep,shearing
cowshed,2,cow+shed ratingcmp=61.5,61.512821,1.768955396864122,cow,shed
watershed,2,water+shed ratingcmp=47.5,47.5,2.136932182158717,water,shed
woodshed,2,wood+shed ratingcmp=65.4,65.435898,2.653561978162053,wood,shed
toolshed,2,tool+shed ratingcmp=87.6,87.63636,1.893894133472422,tool,shed
bloodshed,2,blood+shed ratingcmp=65.9,65.92308,3.296155515927103,blood,shed
watersheds,2,water+sheds ratingcmp=69.1,69.103447,2.68,water,sheds
woodsheds,2,wood+sheds ratingcmp=82.8,82.772728,0.0,wood,sheds
cowsheds,2,cow+sheds ratingcmp=76.5,76.458336,1.592864137808441,cow,sheds
worksheet,2,work+sheet ratingcmp=92.2,92.241379,2.069985392528103,work,sheet
mainsheet,2,main+sheet ratingcmp=60.1,60.125,1.592864137808441,main,sheet
groundsheet,2,ground+sheet ratingcmp=58.2,58.16,1.592864137808441,ground,sheet
paysheet,2,pay+sheet ratingcmp=75.4,75.391304,0.0,pay,sheet
newssheet,2,news+sheet ratingcmp=76.9,76.862068,0.0,news,sheet
spreadsheet,2,spread+sheet ratingcmp=60.6,60.615383,2.467925401200141,spread,sheet
broadsheet,2,broad+sheet ratingcmp=70.8,70.827583,2.32,broad,sheet
broadsheets,2,broad+sheets ratingcmp=51.1,51.145832,1.88,broad,sheets
worksheets,2,work+sheets ratingcmp=86.7,86.703705,1.990804146480479,work,sheets
groundsheets,2,ground+sheets ratingcmp=41.7,41.727272,0.0,ground,sheets
spreadsheets,2,spread+sheets ratingcmp=53.8,53.75,2.371015388192085,spread,sheets
bookshelf,2,book+shelf ratingcmp=92.4,92.432434,2.547106647247766,book,shelf
lampshell,2,lamp+shell ratingcmp=60.2,60.200001,0.0,lamp,shell
seashell,2,sea+shell ratingcmp=96.6,96.571426,2.522283063522734,sea,shell
cockleshell,2,cockle+shell ratingcmp=40.5,40.5,1.3,cockle,shell
moonshell,2,moon+shell ratingcmp=53.5,53.541668,0.0,moon,shell
tortoiseshell,2,tortoise+shell ratingcmp=84.5,84.533333,1.893894133472422,tortoise,shell
clamshell,2,clam+shell ratingcmp=83.4,83.413795,1.893894133472422,clam,shell
eggshell,2,egg+shell ratingcmp=92.7,92.699997,2.672045383856066,egg,shell
nutshell,2,nut+shell ratingcmp=74.3,74.310349,2.982030222172974,nut,shell
bombshell,2,bomb+shell ratingcmp=54.5,54.548386,2.963932000080177,bomb,shell
eggshells,2,egg+shells ratingcmp=89.4,89.35714,2.495954124800384,egg,shells
nutshells,2,nut+shells ratingcmp=84.5,84.535713,1.11,nut,shells
bombshells,2,bomb+shells ratingcmp=63.4,63.357143,2.467925401200141,bomb,shells
cockleshells,2,cockle+shells ratingcmp=54.2,54.241379,0.0,cockle,shells
seashells,2,sea+shells ratingcmp=90.8,90.75,2.810348082022347,sea,shells
tortoiseshells,2,tortoise+shells ratingcmp=91.8,91.833336,0.0,tortoise,shells
bookshelves,2,book+shelves ratingcmp=94.1,94.068962,2.522283063522734,book,shelves
potsherd,2,pot+sherd ratingcmp=30.9,30.903225,1.18,pot,sherd
windshield,2,wind+shield ratingcmp=77.9,77.918922,3.517143423870323,wind,shield
gumshield,2,gum+shield ratingcmp=39.7,39.653847,0.0,gum,shield
windshields,2,wind+shields ratingcmp=80.0,80.0,2.522283063522734,wind,shields
gearshift,2,gear+shift ratingcmp=83.5,83.464287,2.371015388192085,gear,shift
downshift,2,down+shift ratingcmp=77.2,77.192307,1.990804146480479,down,shift
makeshift,2,make+shift ratingcmp=53.8,53.833332,2.614053436878379,make,shift
redshift,2,red+shift ratingcmp=42.0,42.0,2.46,red,shift
sceneshifter,2,scene+shifter ratingcmp=73.1,73.068962,1.592864137808441,scene,shifter
makeshifts,2,make+shifts ratingcmp=43.0,43.0,0.0,make,shifts
gearshifts,2,gear+shifts ratingcmp=79.5,79.521736,0.0,gear,shifts
shoeshine,2,shoe+shine ratingcmp=75.4,75.410255,2.860035866211455,shoe,shine
sunshine,2,sun+shine ratingcmp=92.8,92.820511,4.073589516796929,sun,shine
moonshine,2,moon+shine ratingcmp=32.2,32.18919,2.990804146480479,moon,shine
moonshiner,2,moon+shiner ratingcmp=44.7,44.708332,1.990804146480479,moon,shiner
moonshiners,2,moon+shiners ratingcmp=30.1,30.142857,1.990804146480479,moon,shiners
moonshines,2,moon+shines ratingcmp=40.2,40.208332,0.0,moon,shines
shoeshines,2,shoe+shines ratingcmp=82.8,82.785713,1.768955396864122,shoe,shines
troopship,2,troop+ship ratingcmp=63.9,63.866665,1.592864137808441,troop,ship
showmanship,2,showman+ship ratingcmp=46.6,46.551723,2.467925401200141,showman,ship
flagship,2,flag+ship ratingcmp=57.5,57.5,2.990804146480479,flag,ship
swordsmanship,2,swordsman+ship ratingcmp=38.5,38.48148,2.29183414214446,swordsman,ship
battleship,2,battle+ship ratingcmp=91.4,91.433334,3.236316814294629,battle,ship
cattleship,2,cattle+ship ratingcmp=53.9,53.931034,0.0,cattle,ship
lightship,2,light+ship ratingcmp=69.6,69.599998,1.94,light,ship
airmanship,2,airman+ship ratingcmp=38.8,38.84,1.28,airman,ship
spaceship,2,space+ship ratingcmp=88.0,88.032257,3.568295946317704,space,ship
chairmanship,2,chairman+ship ratingcmp=42.9,42.931034,2.371015388192085,chairman,ship
warship,2,war+ship ratingcmp=85.6,85.645164,2.982030222172974,war,ship
horsemanship,2,horseman+ship ratingcmp=35.1,35.064518,2.194924129136403,horseman,ship
starship,2,star+ship ratingcmp=73.5,73.5,3.456186997928897,star,ship
steamship,2,steam+ship ratingcmp=82.0,81.967743,2.689774150816497,steam,ship
airship,2,air+ship ratingcmp=78.2,78.214287,2.783195835978733,air,ship
airships,2,air+ships ratingcmp=70.4,70.42308,1.990804146480479,air,ships
battleships,2,battle+ships ratingcmp=88.7,88.666664,2.796984120464366,battle,ships
flagships,2,flag+ships ratingcmp=50.4,50.370369,2.23,flag,ships
lightships,2,light+ships ratingcmp=57.4,57.42857,1.4,light,ships
troopships,2,troop+ships ratingcmp=78.5,78.466667,1.38,troop,ships
warships,2,war+ships ratingcmp=84.0,84.0,2.823313059186715,war,ships
spaceships,2,space+ships ratingcmp=81.4,81.35714,2.672045383856066,space,ships
steamships,2,steam+ships ratingcmp=80.5,80.545456,1.768955396864122,steam,ships
sweatshirt,2,sweat+shirt ratingcmp=54.2,54.150002,3.37461951246091,sweat,shirt
nightshirt,2,night+shirt ratingcmp=74.8,74.75,2.371015388192085,night,shirt
sweatshirts,2,sweat+shirts ratingcmp=61.6,61.639999,2.437962177822698,sweat,shirts
nightshirts,2,night+shirts ratingcmp=82.2,82.160004,1.592864137808441,night,shirts
aftershock,2,after+shock ratingcmp=85.6,85.60714,2.405777494451296,after,shock
aftershocks,2,after+shocks ratingcmp=76.6,76.60714,1.592864137808441,after,shocks
gumshoe,2,gum+shoe ratingcmp=41.6,41.586208,2.570587743097289,gum,shoe
horseshoe,2,horse+shoe ratingcmp=89.4,89.448273,3.016110011745249,horse,shoe
snowshoe,2,snow+shoe ratingcmp=90.1,90.103447,1.768955396864122,snow,shoe
horseshoes,2,horse+shoes ratingcmp=70.9,70.884613,2.823313059186715,horse,shoes
gumshoes,2,gum+shoes ratingcmp=46.5,46.5,1.16,gum,shoes
snowshoes,2,snow+shoes ratingcmp=88.3,88.285713,2.634256822966666,snow,shoes
crapshoot,2,crap+shoot ratingcmp=52.2,52.225807,1.94,crap,shoot
crapshooter,2,crap+shooter ratingcmp=46.2,46.17857,1.592864137808441,crap,shooter
trapshooter,2,trap+shooter ratingcmp=65.5,65.482758,0.0,trap,shooter
sharpshooter,2,sharp+shooter ratingcmp=71.6,71.586205,2.738992173486679,sharp,shooter
troubleshooter,2,trouble+shooter ratingcmp=48.3,48.3125,2.194924129136403,trouble,shooter
crapshooters,2,crap+shooters ratingcmp=38.2,38.200001,1.592864137808441,crap,shooters
troubleshooters,2,trouble+shooters ratingcmp=48.4,48.357143,1.592864137808441,trouble,shooters
sharpshooters,2,sharp+shooters ratingcmp=69.5,69.5,2.672045383856066,sharp,shooters
trapshooting,2,trap+shooting ratingcmp=64.3,64.322578,1.18,trap,shooting
barbershop,2,barber+shop ratingcmp=93.0,93.040001,3.329260640085084,barber,shop
bookshop,2,book+shop ratingcmp=94.1,94.137932,2.91508343254236,book,shop
pawnshop,2,pawn+shop ratingcmp=80.8,80.76667,2.91508343254236,pawn,shop
thriftshop,2,thrift+shop ratingcmp=91.0,91.037041,0.0,thrift,shop
slopshop,2,slop+shop ratingcmp=50.7,50.714287,0.0,slop,shop
bakeshop,2,bake+shop ratingcmp=85.8,85.846153,1.768955396864122,bake,shop
toyshop,2,toy+shop ratingcmp=91.5,91.464287,1.55,toy,shop
workshop,2,work+shop ratingcmp=78.9,78.935486,3.45019663423971,work,shop
sweatshop,2,sweat+shop ratingcmp=56.0,56.03125,2.754232140043416,sweat,shop
teashop,2,tea+shop ratingcmp=82.8,82.821426,1.893894133472422,tea,shop
bakeshops,2,bake+shops ratingcmp=83.8,83.833336,0.0,bake,shops
barbershops,2,barber+shops ratingcmp=81.1,81.148148,1.592864137808441,barber,shops
pawnshops,2,pawn+shops ratingcmp=67.4,67.42308,2.194924129136403,pawn,shops
sweatshops,2,sweat+shops ratingcmp=53.6,53.639999,2.405777494451296,sweat,shops
bookshops,2,book+shops ratingcmp=92.3,92.285713,1.592864137808441,book,shops
teashops,2,tea+shops ratingcmp=92.5,92.5,1.01,tea,shops
workshops,2,work+shops ratingcmp=72.2,72.172417,2.495954124800384,work,shops
seashore,2,sea+shore ratingcmp=91.3,91.289474,2.689774150816497,sea,shore
lakeshore,2,lake+shore ratingcmp=86.3,86.269234,2.29183414214446,lake,shore
seashores,2,sea+shores ratingcmp=89.2,89.190475,1.768955396864122,sea,shores
boxershorts,2,boxer+shorts ratingcmp=78.2,78.166664,0.0,boxer,shorts
bullshot,2,bull+shot ratingcmp=43.6,43.592594,1.990804146480479,bull,shot
hotshot,2,hot+shot ratingcmp=42.7,42.73077,3.547106647247766,hot,shot
eyeshot,2,eye+shot ratingcmp=56.2,56.172413,1.893894133472422,eye,shot
buckshot,2,buck+shot ratingcmp=52.3,52.290321,3.016110011745249,buck,shot
longshot,2,long+shot ratingcmp=82.0,82.034485,2.069985392528103,long,shot
slingshot,2,sling+shot ratingcmp=75.3,75.26667,3.149166638575728,sling,shot
mugshot,2,mug+shot ratingcmp=41.4,41.363636,1.990804146480479,mug,shot
slapshot,2,slap+shot ratingcmp=72.8,72.75,1.592864137808441,slap,shot
potshot,2,pot+shot ratingcmp=48.9,48.900002,2.194924129136403,pot,shot
headshot,2,head+shot ratingcmp=86.8,86.785713,2.91,head,shot
grapeshot,2,grape+shot ratingcmp=32.3,32.307693,1.768955396864122,grape,shot
earshot,2,ear+shot ratingcmp=37.9,37.931034,2.592864137808441,ear,shot
gunshot,2,gun+shot ratingcmp=86.7,86.655174,4.008671865443985,gun,shot
snapshot,2,snap+shot ratingcmp=55.1,55.103447,3.024227901967429,snap,shot
hotshots,2,hot+shots ratingcmp=45.6,45.57143,2.653561978162053,hot,shots
gunshots,2,gun+shots ratingcmp=82.5,82.5,3.620213745583198,gun,shots
mugshots,2,mug+shots ratingcmp=38.9,38.857143,1.592864137808441,mug,shots
slingshots,2,sling+shots ratingcmp=76.5,76.464287,2.069985392528103,sling,shots
snapshots,2,snap+shots ratingcmp=70.3,70.300003,2.973075379520047,snap,shots
floorshow,2,floor+show ratingcmp=68.1,68.103447,2.371015388192085,floor,show
peepshow,2,peep+show ratingcmp=56.7,56.714287,1.893894133472422,peep,show
horseshow,2,horse+show ratingcmp=91.3,91.300003,0.0,horse,show
sideshow,2,side+show ratingcmp=83.3,83.322578,3.047708997816951,side,show
thundershower,2,thunder+shower ratingcmp=82.9,82.851852,1.768955396864122,thunder,shower
thundershowers,2,thunder+showers ratingcmp=81.7,81.730766,2.194924129136403,thunder,showers
sideshows,2,side+shows ratingcmp=68.5,68.535713,1.592864137808441,side,shows
peepshows,2,peep+shows ratingcmp=57.6,57.576923,1.768955396864122,peep,shows
lovesickness,2,love+sickness ratingcmp=81.3,81.321426,1.893894133472422,love,sickness
greensickness,2,green+sickness ratingcmp=56.4,56.416668,0.0,green,sickness
homesickness,2,home+sickness ratingcmp=61.3,61.3125,2.136932182158717,home,sickness
airsickness,2,air+sickness ratingcmp=71.9,71.928574,1.768955396864122,air,sickness
heartsickness,2,heart+sickness ratingcmp=81.9,81.870964,0.0,heart,sickness
seasickness,2,sea+sickness ratingcmp=91.9,91.862068,2.194924129136403,sea,sickness
lakeside,2,lake+side ratingcmp=93.2,93.181816,2.860035866211455,lake,side
curbside,2,curb+side ratingcmp=83.7,83.699997,2.194924129136403,curb,side
nearside,2,near+side ratingcmp=72.5,72.451614,1.592864137808441,near,side
silverside,2,silver+side ratingcmp=54.2,54.200001,1.42,silver,side
shipside,2,ship+side ratingcmp=73.1,73.080002,1.24,ship,side
fireside,2,fire+side ratingcmp=62.6,62.575001,2.614053436878379,fire,side
topside,2,top+side ratingcmp=64.2,64.216217,3.117908944845286,top,side
seaside,2,sea+side ratingcmp=85.6,85.62162,2.823313059186715,sea,side
dockside,2,dock+side ratingcmp=68.3,68.282051,1.990804146480479,dock,side
wayside,2,way+side ratingcmp=45.5,45.485714,2.437962177822698,way,side
canyonside,2,canyon+side ratingcmp=77.9,77.933334,0.0,canyon,side
landside,2,land+side ratingcmp=81.8,81.777779,1.73,land,side
countryside,2,country+side ratingcmp=67.7,67.666664,3.549512717013644,country,side
riverside,2,river+side ratingcmp=83.8,83.837837,3.246076651583785,river,side
backside,2,back+side ratingcmp=72.1,72.068184,3.226332593388028,back,side
hillside,2,hill+side ratingcmp=74.4,74.435898,3.091174691598042,hill,side
bedside,2,bed+side ratingcmp=85.1,85.131577,3.28746933674201,bed,side
roadside,2,road+side ratingcmp=87.8,87.772728,3.016110011745249,road,side
downside,2,down+side ratingcmp=75.5,75.458336,3.117908944845286,down,side
ringside,2,ring+side ratingcmp=40.3,40.307693,2.973075379520047,ring,side
mountainside,2,mountain+side ratingcmp=82.9,82.925003,2.467925401200141,mountain,side
offside,2,off+side ratingcmp=64.3,64.32,2.371015388192085,off,side
waterside,2,water+side ratingcmp=80.3,80.28125,2.65,water,side
broadside,2,broad+side ratingcmp=52.6,52.625,2.672045383856066,broad,side
ironside,2,iron+side ratingcmp=38.4,38.363636,1.592864137808441,iron,side
mountainsides,2,mountain+sides ratingcmp=86.9,86.900002,1.97,mountain,sides
riversides,2,river+sides ratingcmp=85.3,85.333336,0.0,river,sides
countrysides,2,country+sides ratingcmp=70.0,70.0,1.53,country,sides
seasides,2,sea+sides ratingcmp=81.1,81.096771,0.0,sea,sides
hillsides,2,hill+sides ratingcmp=79.1,79.10714,2.069985392528103,hill,sides
roadsides,2,road+sides ratingcmp=86.6,86.57692,1.592864137808441,road,sides
silversides,2,silver+sides ratingcmp=43.2,43.25,1.592864137808441,silver,sides
bedsides,2,bed+sides ratingcmp=79.4,79.39286,1.52,bed,sides
backsides,2,back+sides ratingcmp=69.8,69.821426,2.495954124800384,back,sides
broadsides,2,broad+sides ratingcmp=51.3,51.32,2.136932182158717,broad,sides
downsides,2,down+sides ratingcmp=56.6,56.607143,1.768955396864122,down,sides
waysides,2,way+sides ratingcmp=48.7,48.666668,0.0,way,sides
firesides,2,fire+sides ratingcmp=55.2,55.17857,1.893894133472422,fire,sides
topsides,2,top+sides ratingcmp=50.3,50.279999,1.990804146480479,top,sides
watersides,2,water+sides ratingcmp=74.0,74.0,0.0,water,sides
battlesight,2,battle+sight ratingcmp=66.4,66.393936,0.0,battle,sight
hindsight,2,hind+sight ratingcmp=61.8,61.81081,2.963932000080177,hind,sight
oversight,2,over+sight ratingcmp=52.3,52.299999,3.16689540553616,over,sight
bombsight,2,bomb+sight ratingcmp=48.4,48.375,2.194924129136403,bomb,sight
eyesight,2,eye+sight ratingcmp=85.1,85.108109,3.29183414214446,eye,sight
gunsight,2,gun+sight ratingcmp=68.1,68.125,1.64,gun,sight
fogsignal,2,fog+signal ratingcmp=78.3,78.34375,0.0,fog,signal
cornsilk,2,corn+silk ratingcmp=48.3,48.333332,0.0,corn,silk
doorsill,2,door+sill ratingcmp=55.2,55.166668,1.19,door,sill
windowsill,2,window+sill ratingcmp=70.7,70.666664,2.823313059186715,window,sill
windowsills,2,window+sills ratingcmp=69.2,69.214287,1.768955396864122,window,sills
quicksilver,2,quick+silver ratingcmp=33.5,33.514286,2.522283063522734,quick,silver
diesinker,2,die+sinker ratingcmp=25.9,25.875,0.0,die,sinker
bedsit,2,bed+sit ratingcmp=52.5,52.48148,1.592864137808441,bed,sit
campsite,2,camp+site ratingcmp=86.7,86.743591,2.783195835978733,camp,site
website,2,web+site ratingcmp=72.9,72.909088,3.636226415829571,web,site
dumpsite,2,dump+site ratingcmp=88.8,88.848488,1.57,dump,site
campsites,2,camp+sites ratingcmp=91.6,91.566666,2.136932182158717,camp,sites
websites,2,web+sites ratingcmp=77.4,77.400002,2.768955396864123,web,sites
bedsits,2,bed+sits ratingcmp=49.8,49.785713,1.37,bed,sits
fencesitter,2,fence+sitter ratingcmp=44.2,44.173912,0.0,fence,sitter
bedsitter,2,bed+sitter ratingcmp=63.0,62.958332,1.14,bed,sitter
babysitter,2,baby+sitter ratingcmp=60.0,59.964287,3.666582488154564,baby,sitter
babysitters,2,baby+sitters ratingcmp=49.1,49.07143,2.672045383856066,baby,sitters
babysitting,2,baby+sitting ratingcmp=55.9,55.92857,3.434848942398555,baby,sitting
downsizing,2,down+sizing ratingcmp=74.8,74.839996,2.437962177822698,down,sizing
cheapskate,2,cheap+skate ratingcmp=26.1,26.09091,2.754232140043416,cheap,skate
speedskater,2,speed+skater ratingcmp=92.3,92.318184,1.37,speed,skater
cheapskates,2,cheap+skates ratingcmp=41.2,41.18182,1.893894133472422,cheap,skates
sheepskin,2,sheep+skin ratingcmp=81.1,81.050003,2.467925401200141,sheep,skin
doeskin,2,doe+skin ratingcmp=45.6,45.612904,1.09,doe,skin
oilskin,2,oil+skin ratingcmp=67.1,67.068962,1.592864137808441,oil,skin
waterskin,2,water+skin ratingcmp=44.0,44.035713,1.768955396864122,water,skin
buckskin,2,buck+skin ratingcmp=64.4,64.433334,2.194924129136403,buck,skin
goatskin,2,goat+skin ratingcmp=85.3,85.344826,1.893894133472422,goat,skin
coonskin,2,coon+skin ratingcmp=34.7,34.67857,2.069985392528103,coon,skin
sealskin,2,seal+skin ratingcmp=86.1,86.096771,2.194924129136403,seal,skin
deerskin,2,deer+skin ratingcmp=86.2,86.206894,1.592864137808441,deer,skin
onionskin,2,onion+skin ratingcmp=80.5,80.482758,1.12,onion,skin
kidskin,2,kid+skin ratingcmp=37.9,37.923077,1.768955396864122,kid,skin
wineskin,2,wine+skin ratingcmp=47.0,47.0,1.42,wine,skin
lambskin,2,lamb+skin ratingcmp=87.7,87.724136,1.990804146480479,lamb,skin
pigskin,2,pig+skin ratingcmp=75.6,75.5625,2.614053436878379,pig,skin
cowskin,2,cow+skin ratingcmp=88.1,88.064514,1.592864137808441,cow,skin
calfskin,2,calf+skin ratingcmp=60.4,60.432434,2.333226827302685,calf,skin
bearskin,2,bear+skin ratingcmp=82.3,82.310349,2.634256822966666,bear,skin
sharkskin,2,shark+skin ratingcmp=87.2,87.172417,1.893894133472422,shark,skin
moleskin,2,mole+skin ratingcmp=59.3,59.266666,1.592864137808441,mole,skin
pigskins,2,pig+skins ratingcmp=73.5,73.519997,1.768955396864122,pig,skins
deerskins,2,deer+skins ratingcmp=85.6,85.571426,1.12,deer,skins
sheepskins,2,sheep+skins ratingcmp=88.2,88.239998,1.49,sheep,skins
oilskins,2,oil+skins ratingcmp=52.6,52.639999,1.592864137808441,oil,skins
goatskins,2,goat+skins ratingcmp=74.8,74.821426,1.768955396864122,goat,skins
bearskins,2,bear+skins ratingcmp=78.0,78.035713,1.592864137808441,bear,skins
buckskins,2,buck+skins ratingcmp=61.0,61.03125,1.592864137808441,buck,skins
lambskins,2,lamb+skins ratingcmp=76.1,76.133331,0.0,lamb,skins
coonskins,2,coon+skins ratingcmp=39.2,39.185184,1.592864137808441,coon,skins
doeskins,2,doe+skins ratingcmp=53.4,53.433334,0.0,doe,skins
mudskipper,2,mud+skipper ratingcmp=42.1,42.07143,1.592864137808441,mud,skipper
hoopskirt,2,hoop+skirt ratingcmp=64.1,64.14286,1.592864137808441,hoop,skirt
outskirts,2,out+skirts ratingcmp=31.6,31.641026,2.882898749170959,out,skirts
backslapper,2,back+slapper ratingcmp=67.8,67.761902,1.592864137808441,back,slapper
backslappers,2,back+slappers ratingcmp=58.1,58.148148,0.0,back,slappers
superslasher,2,super+slasher ratingcmp=54.1,54.099998,0.0,super,slasher
manslaughter,2,man+slaughter ratingcmp=88.6,88.64286,3.44105325479984,man,slaughter
manslayer,2,man+slayer ratingcmp=76.9,76.86364,1.768955396864122,man,slayer
bobsled,2,bob+sled ratingcmp=41.6,41.5625,2.982030222172974,bob,sled
dogsled,2,dog+sled ratingcmp=81.5,81.5,1.768955396864122,dog,sled
bobsledding,2,bob+sledding ratingcmp=44.1,44.107143,2.29183414214446,bob,sledding
dogsleds,2,dog+sleds ratingcmp=85.5,85.5,1.592864137808441,dog,sleds
bobsleds,2,bob+sleds ratingcmp=41.7,41.714287,1.893894133472422,bob,sleds
shirtsleeve,2,shirt+sleeve ratingcmp=75.2,75.162163,1.592864137808441,shirt,sleeve
shirtsleeves,2,shirt+sleeves ratingcmp=83.2,83.166664,1.893894133472422,shirt,sleeves
bobsleigh,2,bob+sleigh ratingcmp=42.6,42.552631,2.405777494451296,bob,sleigh
bobsleighs,2,bob+sleighs ratingcmp=41.6,41.629631,0.0,bob,sleighs
mudslide,2,mud+slide ratingcmp=82.3,82.321426,1.990804146480479,mud,slide
rockslide,2,rock+slide ratingcmp=83.8,83.833336,2.136932182158717,rock,slide
landslide,2,land+slide ratingcmp=76.5,76.487183,2.925302597724047,land,slide
backslider,2,back+slider ratingcmp=54.1,54.148148,1.34,back,slider
backsliders,2,back+sliders ratingcmp=51.5,51.466667,1.32,back,sliders
landslides,2,land+slides ratingcmp=81.0,81.0,1.893894133472422,land,slides
mudslides,2,mud+slides ratingcmp=85.9,85.89286,2.31,mud,slides
backsliding,2,back+sliding ratingcmp=57.9,57.892857,1.990804146480479,back,sliding
mudslinger,2,mud+slinger ratingcmp=68.1,68.14286,1.592864137808441,mud,slinger
gunslinger,2,gun+slinger ratingcmp=64.3,64.26667,2.634256822966666,gun,slinger
sideslip,2,side+slip ratingcmp=51.6,51.599998,1.38,side,slip
landslip,2,land+slip ratingcmp=48.4,48.360001,1.592864137808441,land,slip
gymslip,2,gym+slip ratingcmp=40.1,40.142857,0.0,gym,slip
payslip,2,pay+slip ratingcmp=67.9,67.884613,1.65,pay,slip
cowslip,2,cow+slip ratingcmp=35.0,35.0,1.69,cow,slip
landslips,2,land+slips ratingcmp=45.0,45.0,1.6,land,slips
cowslips,2,cow+slips ratingcmp=35.2,35.25,1.28,cow,slips
payslips,2,pay+slips ratingcmp=78.7,78.699997,1.63,pay,slips
footslogger,2,foot+slogger ratingcmp=34.0,34.0,1.768955396864122,foot,slogger
downslope,2,down+slope ratingcmp=82.8,82.821426,1.592864137808441,down,slope
jacksmelt,2,jack+smelt ratingcmp=31.0,30.966667,0.0,jack,smelt
clocksmith,2,clock+smith ratingcmp=68.0,68.041664,0.0,clock,smith
coppersmith,2,copper+smith ratingcmp=70.8,70.800003,1.66,copper,smith
goldsmith,2,gold+smith ratingcmp=59.4,59.435898,2.547106647247766,gold,smith
locksmith,2,lock+smith ratingcmp=54.6,54.594593,3.016110011745249,lock,smith
tinsmith,2,tin+smith ratingcmp=50.1,50.090908,1.592864137808441,tin,smith
wordsmith,2,word+smith ratingcmp=44.6,44.642857,2.136932182158717,word,smith
silversmith,2,silver+smith ratingcmp=55.2,55.174999,1.893894133472422,silver,smith
arrowsmith,2,arrow+smith ratingcmp=75.0,75.034485,2.06,arrow,smith
blacksmith,2,black+smith ratingcmp=30.8,30.783783,3.32525789763141,black,smith
gunsmith,2,gun+smith ratingcmp=63.2,63.23077,2.495954124800384,gun,smith
locksmiths,2,lock+smiths ratingcmp=64.2,64.25,2.136932182158717,lock,smiths
goldsmiths,2,gold+smiths ratingcmp=66.6,66.590912,1.592864137808441,gold,smiths
tinsmiths,2,tin+smiths ratingcmp=51.8,51.766666,1.15,tin,smiths
gunsmiths,2,gun+smiths ratingcmp=58.7,58.727272,1.592864137808441,gun,smiths
wordsmiths,2,word+smiths ratingcmp=58.2,58.206898,1.62,word,smiths
silversmiths,2,silver+smiths ratingcmp=64.0,63.959999,1.592864137808441,silver,smiths
blacksmiths,2,black+smiths ratingcmp=32.3,32.346153,2.194924129136403,black,smiths
cornsmut,2,corn+smut ratingcmp=35.8,35.758621,0.0,corn,smut
seasnail,2,sea+snail ratingcmp=86.7,86.666664,0.0,sea,snail
kingsnake,2,king+snake ratingcmp=58.6,58.625,1.42,king,snake
whipsnake,2,whip+snake ratingcmp=45.8,45.757576,0.0,whip,snake
blacksnake,2,black+snake ratingcmp=77.1,77.10714,1.768955396864122,black,snake
rattlesnake,2,rattle+snake ratingcmp=80.6,80.625,3.231353394763079,rattle,snake
rattlesnakes,2,rattle+snakes ratingcmp=80.7,80.689651,2.823313059186715,rattle,snakes
blacksnakes,2,black+snakes ratingcmp=72.4,72.42308,0.0,black,snakes
brandysnap,2,brandy+snap ratingcmp=31.2,31.200001,0.0,brandy,snap
gingersnap,2,ginger+snap ratingcmp=43.8,43.80645,1.592864137808441,ginger,snap
whippersnapper,2,whipper+snapper ratingcmp=34.5,34.451614,2.246076651583785,whipper,snapper
whippersnappers,2,whipper+snappers ratingcmp=28.5,28.481482,1.768955396864122,whipper,snappers
gingersnaps,2,ginger+snaps ratingcmp=47.5,47.535713,1.592864137808441,ginger,snaps
guttersnipe,2,gutter+snipe ratingcmp=26.5,26.450001,2.194924129136403,gutter,snipe
jacksnipe,2,jack+snipe ratingcmp=39.8,39.791668,0.0,jack,snipe
tinsnips,2,tin+snips ratingcmp=33.9,33.880001,0.0,tin,snips
candlesnuffer,2,candle+snuffer ratingcmp=56.7,56.733334,0.0,candle,snuffer
bobbysock,2,bobby+sock ratingcmp=45.0,45.034481,0.0,bobby,sock
windsock,2,wind+sock ratingcmp=35.6,35.575001,1.592864137808441,wind,sock
bobbysocks,2,bobby+socks ratingcmp=35.3,35.296295,0.0,bobby,socks
windsocks,2,wind+socks ratingcmp=50.0,50.045456,0.0,wind,socks
topsoil,2,top+soil ratingcmp=82.8,82.827583,2.333226827302685,top,soil
innersole,2,inner+sole ratingcmp=70.3,70.26667,0.0,inner,sole
innersoles,2,inner+soles ratingcmp=82.9,82.851852,0.0,inner,soles
sixsome,2,six+some ratingcmp=53.0,52.964287,0.0,six,some
foursome,2,four+some ratingcmp=45.0,45.0,2.823313059186715,four,some
godson,2,god+son ratingcmp=49.2,49.236843,2.982030222172974,god,son
grandson,2,grand+son ratingcmp=57.2,57.200001,3.90249430523434,grand,son
whoreson,2,whore+son ratingcmp=38.8,38.777779,1.768955396864122,whore,son
birdsong,2,bird+song ratingcmp=86.5,86.480003,2.405777494451296,bird,song
plainsong,2,plain+song ratingcmp=45.5,45.52,1.75,plain,song
singsong,2,sing+song ratingcmp=72.3,72.333336,2.29183414214446,sing,song
cradlesong,2,cradle+song ratingcmp=57.9,57.909092,0.0,cradle,song
evensong,2,even+song ratingcmp=31.5,31.52,1.990804146480479,even,song
partsong,2,part+song ratingcmp=53.1,53.080002,0.0,part,song
folksong,2,folk+song ratingcmp=88.8,88.800003,1.592864137808441,folk,song
singsongs,2,sing+songs ratingcmp=67.5,67.46154,0.0,sing,songs
godsons,2,god+sons ratingcmp=46.6,46.629631,1.592864137808441,god,sons
grandsons,2,grand+sons ratingcmp=55.3,55.28125,2.653561978162053,grand,sons
sweetsop,2,sweet+sop ratingcmp=41.7,41.724136,0.0,sweet,sop
milksop,2,milk+sop ratingcmp=33.8,33.82143,1.990804146480479,milk,sop
soursop,2,sour+sop ratingcmp=28.1,28.115385,1.52,sour,sop
milksops,2,milk+sops ratingcmp=39.4,39.444443,2.136932182158717,milk,sops
bedsore,2,bed+sore ratingcmp=70.5,70.483871,1.990804146480479,bed,sore
eyesore,2,eye+sore ratingcmp=74.9,74.862068,2.570587743097289,eye,sore
eyesores,2,eye+sores ratingcmp=71.2,71.25,1.893894133472422,eye,sores
bedsores,2,bed+sores ratingcmp=76.1,76.120003,2.371015388192085,bed,sores
kicksorter,2,kick+sorter ratingcmp=36.0,35.954544,0.0,kick,sorter
mailsorter,2,mail+sorter ratingcmp=86.2,86.199997,0.0,mail,sorter
woolsorter,2,wool+sorter ratingcmp=64.8,64.821426,0.0,wool,sorter
ragsorter,2,rag+sorter ratingcmp=44.2,44.25,0.0,rag,sorter
backspace,2,back+space ratingcmp=70.4,70.39286,2.18,back,space
crawlspace,2,crawl+space ratingcmp=79.1,79.09375,2.437962177822698,crawl,space
airspace,2,air+space ratingcmp=77.5,77.5,3.210912234520534,air,space
headspace,2,head+space ratingcmp=67.5,67.464287,1.592864137808441,head,space
workspace,2,work+space ratingcmp=88.7,88.714287,2.467925401200141,work,space
backspacer,2,back+spacer ratingcmp=64.0,64.033333,1.13,back,spacer
backspaces,2,back+spaces ratingcmp=83.8,83.838707,0.0,back,spaces
crawlspaces,2,crawl+spaces ratingcmp=66.4,66.35714,1.592864137808441,crawl,spaces
lifespan,2,life+span ratingcmp=89.7,89.678574,2.570587743097289,life,span
wingspan,2,wing+span ratingcmp=90.2,90.15625,2.333226827302685,wing,span
lifespans,2,life+spans ratingcmp=80.4,80.40741,1.893894133472422,life,spans
wingspans,2,wing+spans ratingcmp=82.1,82.066666,1.54,wing,spans
doublespeak,2,double+speak ratingcmp=56.7,56.67857,1.768955396864122,double,speak
doctorspeak,2,doctor+speak ratingcmp=70.4,70.413795,0.0,doctor,speak
newspeak,2,new+speak ratingcmp=54.2,54.233334,2.02,new,speak
loudspeaker,2,loud+speaker ratingcmp=88.1,88.099998,2.973075379520047,loud,speaker
loudspeakers,2,loud+speakers ratingcmp=90.6,90.60714,2.246076651583785,loud,speakers
flyspeck,2,fly+speck ratingcmp=42.6,42.642857,1.990804146480479,fly,speck
flyspecks,2,fly+specks ratingcmp=43.5,43.545456,1.768955396864122,fly,specks
groundspeed,2,ground+speed ratingcmp=63.7,63.724136,1.3,ground,speed
airspeed,2,air+speed ratingcmp=87.1,87.133331,2.689774150816497,air,speed
fingerspelling,2,finger+spelling ratingcmp=53.7,53.739132,1.25,finger,spelling
allspice,2,all+spice ratingcmp=68.8,68.800003,1.893894133472422,all,spice
marlinspike,2,marlin+spike ratingcmp=33.4,33.391304,1.51,marlin,spike
handspike,2,hand+spike ratingcmp=65.2,65.225807,0.0,hand,spike
marlinespike,2,marline+spike ratingcmp=39.8,39.81818,0.0,marline,spike
marlinespikes,2,marline+spikes ratingcmp=44.0,44.034481,0.0,marline,spikes
downspin,2,down+spin ratingcmp=69.7,69.666664,0.0,down,spin
tailspin,2,tail+spin ratingcmp=61.0,60.965519,2.371015388192085,tail,spin
backspin,2,back+spin ratingcmp=82.7,82.678574,2.069985392528103,back,spin
topspin,2,top+spin ratingcmp=51.9,51.884617,1.768955396864122,top,spin
tailspins,2,tail+spins ratingcmp=64.3,64.310349,0.0,tail,spins
turnspit,2,turn+spit ratingcmp=36.5,36.5,0.0,turn,spit
hairsplitter,2,hair+splitter ratingcmp=69.0,69.0,0.0,hair,splitter
sidesplitter,2,side+splitter ratingcmp=53.7,53.68,0.0,side,splitter
hairsplitters,2,hair+splitters ratingcmp=57.5,57.5,0.0,hair,splitters
hairsplitting,2,hair+splitting ratingcmp=78.9,78.86364,1.893894133472422,hair,splitting
dessertspoon,2,dessert+spoon ratingcmp=79.5,79.466667,0.0,dessert,spoon
soupspoon,2,soup+spoon ratingcmp=95.4,95.433334,0.0,soup,spoon
tablespoon,2,table+spoon ratingcmp=57.2,57.241379,2.29183414214446,table,spoon
teaspoon,2,tea+spoon ratingcmp=70.7,70.699997,2.689774150816497,tea,spoon
teaspoonful,2,tea+spoonful ratingcmp=49.4,49.379311,2.136932182158717,tea,spoonful
dessertspoonful,2,dessert+spoonful ratingcmp=64.6,64.590912,0.0,dessert,spoonful
tablespoonful,2,table+spoonful ratingcmp=51.7,51.724136,1.592864137808441,table,spoonful
dessertspoonfuls,2,dessert+spoonfuls ratingcmp=65.4,65.413795,0.0,dessert,spoonfuls
tablespoonfuls,2,table+spoonfuls ratingcmp=56.9,56.900002,1.34,table,spoonfuls
teaspoonfuls,2,tea+spoonfuls ratingcmp=52.0,52.034481,1.37,tea,spoonfuls
teaspoons,2,tea+spoons ratingcmp=81.9,81.935486,2.547106647247766,tea,spoons
tablespoons,2,table+spoons ratingcmp=70.5,70.5,1.893894133472422,table,spoons
dessertspoons,2,dessert+spoons ratingcmp=79.7,79.727272,0.0,dessert,spoons
zoospore,2,zoo+spore ratingcmp=47.1,47.111111,1.03,zoo,spore
spoilsport,2,spoil+sport ratingcmp=67.9,67.866669,2.333226827302685,spoil,sport
spoilsports,2,spoil+sports ratingcmp=47.9,47.92857,1.893894133472422,spoil,sports
hotspot,2,hot+spot ratingcmp=53.5,53.5,1.768955396864122,hot,spot
eyespot,2,eye+spot ratingcmp=73.4,73.379311,1.29,eye,spot
silverspot,2,silver+spot ratingcmp=55.3,55.333332,0.0,silver,spot
nightspot,2,night+spot ratingcmp=54.2,54.153847,2.29183414214446,night,spot
sunspot,2,sun+spot ratingcmp=83.4,83.400002,2.437962177822698,sun,spot
nightspots,2,night+spots ratingcmp=61.3,61.291668,1.893894133472422,night,spots
sunspots,2,sun+spots ratingcmp=75.3,75.321426,2.333226827302685,sun,spots
waterspout,2,water+spout ratingcmp=83.4,83.354836,2.069985392528103,water,spout
waterspouts,2,water+spouts ratingcmp=70.3,70.279999,1.592864137808441,water,spouts
bedspread,2,bed+spread ratingcmp=60.2,60.205128,2.672045383856066,bed,spread
wingspread,2,wing+spread ratingcmp=64.3,64.270271,1.768955396864122,wing,spread
wingspreads,2,wing+spreads ratingcmp=75.5,75.515152,0.0,wing,spreads
bedspreads,2,bed+spreads ratingcmp=68.4,68.428574,2.136932182158717,bed,spreads
bedspring,2,bed+spring ratingcmp=79.2,79.25,1.592864137808441,bed,spring
handspring,2,hand+spring ratingcmp=49.8,49.807693,2.246076651583785,hand,spring
wellspring,2,well+spring ratingcmp=42.5,42.450001,2.194924129136403,well,spring
hairspring,2,hair+spring ratingcmp=40.4,40.375,1.21,hair,spring
headspring,2,head+spring ratingcmp=57.2,57.172413,0.0,head,spring
offspring,2,off+spring ratingcmp=41.6,41.586208,3.409105437800224,off,spring
mainspring,2,main+spring ratingcmp=49.5,49.450001,1.768955396864122,main,spring
dayspring,2,day+spring ratingcmp=52.0,52.0,1.72,day,spring
mudspringer,2,mud+springer ratingcmp=44.8,44.799999,0.0,mud,springer
wellsprings,2,well+springs ratingcmp=55.7,55.740742,1.592864137808441,well,springs
mainsprings,2,main+springs ratingcmp=56.5,56.458332,1.15,main,springs
bedsprings,2,bed+springs ratingcmp=82.5,82.5,1.893894133472422,bed,springs
handsprings,2,hand+springs ratingcmp=55.1,55.142857,1.893894133472422,hand,springs
hairsprings,2,hair+springs ratingcmp=43.3,43.272728,0.0,hair,springs
bowsprit,2,bow+sprit ratingcmp=21.4,21.4,1.94,bow,sprit
homespun,2,home+spun ratingcmp=50.5,50.483871,2.333226827302685,home,spun
sandspur,2,sand+spur ratingcmp=41.7,41.666668,0.0,sand,spur
larkspur,2,lark+spur ratingcmp=24.8,24.818182,1.768955396864122,lark,spur
larkspurs,2,lark+spurs ratingcmp=43.5,43.5,0.0,lark,spurs
foursquare,2,four+square ratingcmp=74.2,74.161293,1.990804146480479,four,square
diddlysquat,2,diddly+squat ratingcmp=35.9,35.904762,1.768955396864122,diddly,squat
chimneystack,2,chimney+stack ratingcmp=76.1,76.129036,0.0,chimney,stack
smokestack,2,smoke+stack ratingcmp=72.7,72.666664,2.29183414214446,smoke,stack
haystack,2,hay+stack ratingcmp=91.5,91.5,3.143092490863535,hay,stack
haystacks,2,hay+stacks ratingcmp=88.0,88.0,2.194924129136403,hay,stacks
smokestacks,2,smoke+stacks ratingcmp=58.1,58.074074,1.768955396864122,smoke,stacks
pikestaff,2,pike+staff ratingcmp=38.0,38.041668,1.768955396864122,pike,staff
flagstaff,2,flag+staff ratingcmp=50.3,50.324326,2.925302597724047,flag,staff
quarterstaff,2,quarter+staff ratingcmp=39.5,39.457142,1.893894133472422,quarter,staff
tipstaff,2,tip+staff ratingcmp=41.0,40.96154,0.0,tip,staff
flagstaffs,2,flag+staffs ratingcmp=56.5,56.545456,0.0,flag,staffs
pikestaffs,2,pike+staffs ratingcmp=36.7,36.73077,0.0,pike,staffs
backstage,2,back+stage ratingcmp=88.2,88.199997,3.710135433464205,back,stage
downstage,2,down+stage ratingcmp=72.1,72.068962,2.194924129136403,down,stage
offstage,2,off+stage ratingcmp=89.5,89.5,2.653561978162053,off,stage
offstages,2,off+stages ratingcmp=80.2,80.214287,0.0,off,stages
bloodstain,2,blood+stain ratingcmp=82.5,82.513512,2.405777494451296,blood,stain
bloodstains,2,blood+stains ratingcmp=90.8,90.76667,2.925302597724047,blood,stains
backstairs,2,back+stairs ratingcmp=76.5,76.512817,2.333226827302685,back,stairs
grubstake,2,grub+stake ratingcmp=30.3,30.321428,2.29183414214446,grub,stake
sweepstakes,2,sweep+stakes ratingcmp=37.8,37.80645,2.91508343254236,sweep,stakes
cornstalk,2,corn+stalk ratingcmp=71.7,71.692307,1.768955396864122,corn,stalk
rootstalk,2,root+stalk ratingcmp=63.8,63.848484,0.0,root,stalk
beanstalk,2,bean+stalk ratingcmp=80.0,79.965515,2.570587743097289,bean,stalk
leafstalk,2,leaf+stalk ratingcmp=71.7,71.696968,0.0,leaf,stalk
deerstalker,2,deer+stalker ratingcmp=66.3,66.290321,1.768955396864122,deer,stalker
deerstalkers,2,deer+stalkers ratingcmp=59.7,59.666668,0.0,deer,stalkers
deerstalking,2,deer+stalking ratingcmp=69.0,69.035713,0.0,deer,stalking
leafstalks,2,leaf+stalks ratingcmp=73.4,73.366669,0.0,leaf,stalks
cornstalks,2,corn+stalks ratingcmp=59.3,59.296295,1.592864137808441,corn,stalks
beanstalks,2,bean+stalks ratingcmp=86.9,86.896553,1.05,bean,stalks
fingerstall,2,finger+stall ratingcmp=33.6,33.599998,0.0,finger,stall
frontstall,2,front+stall ratingcmp=72.1,72.148148,0.0,front,stall
footstall,2,foot+stall ratingcmp=59.1,59.129032,0.0,foot,stall
bookstall,2,book+stall ratingcmp=80.2,80.225807,1.51,book,stall
headstall,2,head+stall ratingcmp=48.6,48.555557,1.33,head,stall
thumbstall,2,thumb+stall ratingcmp=30.9,30.851852,0.0,thumb,stall
headstalls,2,head+stalls ratingcmp=39.1,39.060608,0.0,head,stalls
bookstalls,2,book+stalls ratingcmp=77.1,77.10714,1.02,book,stalls
handstamp,2,hand+stamp ratingcmp=72.2,72.241379,0.0,hand,stamp
happenstance,2,happen+stance ratingcmp=48.2,48.200001,2.246076651583785,happen,stance
happenstances,2,happen+stances ratingcmp=36.3,36.333332,0.0,happen,stances
handstand,2,hand+stand ratingcmp=71.6,71.648651,2.194924129136403,hand,stand
kickstand,2,kick+stand ratingcmp=66.8,66.75,2.25,kick,stand
headstand,2,head+stand ratingcmp=75.8,75.810814,1.893894133472422,head,stand
cabstand,2,cab+stand ratingcmp=44.9,44.897434,1.990804146480479,cab,stand
inkstand,2,ink+stand ratingcmp=72.5,72.5,1.3,ink,stand
hallstand,2,hall+stand ratingcmp=51.8,51.8125,0.0,hall,stand
newsstand,2,news+stand ratingcmp=75.9,75.875,3.024227901967429,news,stand
bandstand,2,band+stand ratingcmp=43.7,43.717949,2.91508343254236,band,stand
grandstand,2,grand+stand ratingcmp=45.7,45.717949,2.796984120464366,grand,stand
washstand,2,wash+stand ratingcmp=73.7,73.655174,1.768955396864122,wash,stand
taxistand,2,taxi+stand ratingcmp=70.9,70.903229,0.0,taxi,stand
grandstander,2,grand+stander ratingcmp=41.0,41.035713,1.768955396864122,grand,stander
withstander,2,with+stander ratingcmp=41.1,41.083332,0.0,with,stander
understandings,2,under+standings ratingcmp=37.3,37.275864,2.069985392528103,under,standings
inkstands,2,ink+stands ratingcmp=60.3,60.26923,1.592864137808441,ink,stands
bandstands,2,band+stands ratingcmp=65.6,65.619049,1.04,band,stands
cabstands,2,cab+stands ratingcmp=56.2,56.200001,0.0,cab,stands
kickstands,2,kick+stands ratingcmp=60.5,60.535713,1.04,kick,stands
washstands,2,wash+stands ratingcmp=68.6,68.64286,0.0,wash,stands
headstands,2,head+stands ratingcmp=71.2,71.206894,1.893894133472422,head,stands
grandstands,2,grand+stands ratingcmp=48.4,48.384617,1.893894133472422,grand,stands
newsstands,2,news+stands ratingcmp=83.5,83.541664,2.333226827302685,news,stands
handstands,2,hand+stands ratingcmp=86.9,86.931038,1.893894133472422,hand,stands
loadstar,2,load+star ratingcmp=36.8,36.758621,1.18,load,star
polestar,2,pole+star ratingcmp=39.7,39.714287,1.893894133472422,pole,star
daystar,2,day+star ratingcmp=50.6,50.607143,1.768955396864122,day,star
earthstar,2,earth+star ratingcmp=57.2,57.166668,0.0,earth,star
superstar,2,super+star ratingcmp=63.6,63.607143,3.53734680995861,super,star
lodestar,2,lode+star ratingcmp=31.4,31.428572,2.0,lode,star
cornstarch,2,corn+starch ratingcmp=61.6,61.641026,2.29183414214446,corn,starch
lodestars,2,lode+stars ratingcmp=36.2,36.18182,0.0,lode,stars
polestars,2,pole+stars ratingcmp=44.1,44.111111,0.0,pole,stars
jumpstart,2,jump+start ratingcmp=74.9,74.900002,2.59,jump,start
redstart,2,red+start ratingcmp=46.8,46.799999,1.75,red,start
tungstate,2,tung+state ratingcmp=27.8,27.791666,1.38,tung,state
outstation,2,out+station ratingcmp=55.7,55.689655,1.95,out,station
workstation,2,work+station ratingcmp=84.9,84.919998,2.547106647247766,work,station
workstations,2,work+stations ratingcmp=93.5,93.480003,1.990804146480479,work,stations
mainstay,2,main+stay ratingcmp=34.6,34.564102,2.29183414214446,main,stay
backstay,2,back+stay ratingcmp=42.0,41.954544,1.35,back,stay
mainstays,2,main+stays ratingcmp=45.7,45.666668,1.592864137808441,main,stays
bedstead,2,bed+stead ratingcmp=44.5,44.549999,2.069985392528103,bed,stead
homestead,2,home+stead ratingcmp=52.6,52.62162,3.069985392528104,home,stead
farmstead,2,farm+stead ratingcmp=54.8,54.815788,1.592864137808441,farm,stead
roadstead,2,road+stead ratingcmp=39.1,39.136364,1.768955396864122,road,stead
bedsteads,2,bed+steads ratingcmp=44.3,44.279999,1.592864137808441,bed,steads
homesteads,2,home+steads ratingcmp=57.6,57.551723,2.49,home,steads
farmsteads,2,farm+steads ratingcmp=60.3,60.333332,1.93,farm,steads
chopsteak,2,chop+steak ratingcmp=63.9,63.933334,0.0,chop,steak
beefsteak,2,beef+steak ratingcmp=82.6,82.599998,2.87161773876127,beef,steak
beefsteaks,2,beef+steaks ratingcmp=81.6,81.559998,1.592864137808441,beef,steaks
brainstem,2,brain+stem ratingcmp=70.0,70.037041,2.371015388192085,brain,stem
bluestem,2,blue+stem ratingcmp=57.1,57.090908,1.78,blue,stem
quickstep,2,quick+step ratingcmp=67.2,67.24324,2.194924129136403,quick,step
lockstep,2,lock+step ratingcmp=40.5,40.5,2.28,lock,step
footstep,2,foot+step ratingcmp=81.1,81.081078,2.437962177822698,foot,step
doorstep,2,door+step ratingcmp=72.1,72.108109,3.529880245273255,door,step
sidestep,2,side+step ratingcmp=88.9,88.900002,1.893894133472422,side,step
footsteps,2,foot+steps ratingcmp=92.4,92.433334,3.801036664475563,foot,steps
sidesteps,2,side+steps ratingcmp=83.2,83.19355,2.01,side,steps
doorsteps,2,door+steps ratingcmp=82.0,82.035713,1.592864137808441,door,steps
quicksteps,2,quick+steps ratingcmp=84.3,84.290321,1.04,quick,steps
breadstick,2,bread+stick ratingcmp=91.7,91.677422,1.84,bread,stick
dipstick,2,dip+stick ratingcmp=56.3,56.3125,2.706807490115278,dip,stick
joystick,2,joy+stick ratingcmp=59.6,59.645161,2.495954124800384,joy,stick
fiddlestick,2,fiddle+stick ratingcmp=55.6,55.592594,1.592864137808441,fiddle,stick
nightstick,2,night+stick ratingcmp=64.2,64.199997,2.634256822966666,night,stick
candlestick,2,candle+stick ratingcmp=92.0,91.965515,2.706807490115278,candle,stick
metrestick,2,metre+stick ratingcmp=94.3,94.333336,0.0,metre,stick
drumstick,2,drum+stick ratingcmp=73.6,73.6129,2.570587743097289,drum,stick
gearstick,2,gear+stick ratingcmp=75.3,75.258064,1.14,gear,stick
meterstick,2,meter+stick ratingcmp=91.6,91.639999,0.0,meter,stick
walkingstick,2,walking+stick ratingcmp=84.3,84.333336,1.1,walking,stick
yardstick,2,yard+stick ratingcmp=80.5,80.535713,2.547106647247766,yard,stick
matchstick,2,match+stick ratingcmp=59.4,59.375,1.592864137808441,match,stick
chopstick,2,chop+stick ratingcmp=48.9,48.900002,2.437962177822698,chop,stick
slapstick,2,slap+stick ratingcmp=57.8,57.758621,2.405777494451296,slap,stick
lipstick,2,lip+stick ratingcmp=75.8,75.833336,3.945046655919803,lip,stick
maulstick,2,maul+stick ratingcmp=47.7,47.689655,0.0,maul,stick
slipstick,2,slip+stick ratingcmp=49.6,49.551723,0.0,slip,stick
billystick,2,billy+stick ratingcmp=31.2,31.241379,0.0,billy,stick
broomstick,2,broom+stick ratingcmp=91.2,91.206894,2.935286818630647,broom,stick
singlestick,2,single+stick ratingcmp=57.7,57.741936,0.0,single,stick
pigsticking,2,pig+sticking ratingcmp=42.7,42.666668,0.0,pig,sticking
drumsticks,2,drum+sticks ratingcmp=83.6,83.60714,2.547106647247766,drum,sticks
joysticks,2,joy+sticks ratingcmp=31.8,31.84,1.893894133472422,joy,sticks
broomsticks,2,broom+sticks ratingcmp=78.6,78.639999,2.495954124800384,broom,sticks
lipsticks,2,lip+sticks ratingcmp=57.6,57.560001,2.29183414214446,lip,sticks
matchsticks,2,match+sticks ratingcmp=66.0,66.0,1.93,match,sticks
nightsticks,2,night+sticks ratingcmp=46.1,46.125,2.069985392528103,night,sticks
yardsticks,2,yard+sticks ratingcmp=78.1,78.071426,1.768955396864122,yard,sticks
candlesticks,2,candle+sticks ratingcmp=85.6,85.571426,2.783195835978733,candle,sticks
chopsticks,2,chop+sticks ratingcmp=51.5,51.535713,3.264961995744159,chop,sticks
dipsticks,2,dip+sticks ratingcmp=53.9,53.92857,1.592864137808441,dip,sticks
pigsties,2,pig+sties ratingcmp=42.5,42.53846,1.31,pig,sties
turnstile,2,turn+stile ratingcmp=35.7,35.655174,2.592864137808441,turn,stile
turnstiles,2,turn+stiles ratingcmp=38.7,38.666668,3.069985392528104,turn,stiles
standstill,2,stand+still ratingcmp=89.2,89.25,2.723197906303447,stand,still
standstills,2,stand+stills ratingcmp=72.1,72.10714,1.05,stand,stills
hemstitch,2,hem+stitch ratingcmp=73.4,73.433334,0.0,hem,stitch
whipstitch,2,whip+stitch ratingcmp=51.3,51.344826,0.0,whip,stitch
lockstitch,2,lock+stitch ratingcmp=50.3,50.258064,1.06,lock,stitch
backstitch,2,back+stitch ratingcmp=64.1,64.066666,1.28,back,stitch
hemstitches,2,hem+stitches ratingcmp=77.0,76.965515,0.0,hem,stitches
hemstitching,2,hem+stitching ratingcmp=77.6,77.586205,0.0,hem,stitching
whipstitching,2,whip+stitching ratingcmp=45.8,45.76923,0.0,whip,stitching
gunstock,2,gun+stock ratingcmp=77.2,77.222221,1.38,gun,stock
penstock,2,pen+stock ratingcmp=40.5,40.458332,1.65,pen,stock
feedstock,2,feed+stock ratingcmp=62.8,62.766666,2.6,feed,stock
bloodstock,2,blood+stock ratingcmp=48.1,48.103447,2.15,blood,stock
diestock,2,die+stock ratingcmp=35.0,35.0,0.0,die,stock
tailstock,2,tail+stock ratingcmp=45.0,45.0,1.24,tail,stock
livestock,2,live+stock ratingcmp=56.7,56.666668,3.304671366849632,live,stock
headstock,2,head+stock ratingcmp=45.2,45.25,1.768955396864122,head,stock
rudderstock,2,rudder+stock ratingcmp=35.1,35.115383,0.0,rudder,stock
bitstock,2,bit+stock ratingcmp=38.3,38.290321,0.0,bit,stock
rootstock,2,root+stock ratingcmp=47.4,47.433334,2.19,root,stock
laughingstock,2,laughing+stock ratingcmp=34.6,34.615383,3.016110011745249,laughing,stock
bluestocking,2,blue+stocking ratingcmp=46.4,46.42857,1.59,blue,stocking
bluestockings,2,blue+stockings ratingcmp=76.1,76.137932,1.21,blue,stockings
laughingstocks,2,laughing+stocks ratingcmp=45.4,45.379311,1.592864137808441,laughing,stocks
sandstone,2,sand+stone ratingcmp=85.2,85.241379,2.522283063522734,sand,stone
limestone,2,lime+stone ratingcmp=59.1,59.09375,2.738992173486679,lime,stone
kerbstone,2,kerb+stone ratingcmp=45.6,45.619049,0.0,kerb,stone
sunstone,2,sun+stone ratingcmp=66.5,66.517242,2.08,sun,stone
bloodstone,2,blood+stone ratingcmp=54.0,53.964287,1.592864137808441,blood,stone
gallstone,2,gall+stone ratingcmp=65.0,64.964287,2.136932182158717,gall,stone
bilestone,2,bile+stone ratingcmp=45.8,45.848484,0.0,bile,stone
copestone,2,cope+stone ratingcmp=33.5,33.5,0.0,cope,stone
breakstone,2,break+stone ratingcmp=52.1,52.137932,0.0,break,stone
oilstone,2,oil+stone ratingcmp=53.2,53.23077,0.0,oil,stone
jadestone,2,jade+stone ratingcmp=75.4,75.366669,0.0,jade,stone
claystone,2,clay+stone ratingcmp=72.7,72.727272,1.54,clay,stone
whetstone,2,whet+stone ratingcmp=42.2,42.21875,2.29183414214446,whet,stone
hailstone,2,hail+stone ratingcmp=69.0,68.966667,1.768955396864122,hail,stone
loadstone,2,load+stone ratingcmp=43.7,43.696968,1.16,load,stone
tombstone,2,tomb+stone ratingcmp=84.8,84.833336,3.333226827302685,tomb,stone
milestone,2,mile+stone ratingcmp=50.0,50.0,2.860035866211455,mile,stone
gritstone,2,grit+stone ratingcmp=60.3,60.333332,1.36,grit,stone
grindstone,2,grind+stone ratingcmp=66.3,66.26667,2.672045383856066,grind,stone
headstone,2,head+stone ratingcmp=65.9,65.89286,3.007837485779259,head,stone
rottenstone,2,rotten+stone ratingcmp=33.8,33.838711,0.0,rotten,stone
capstone,2,cap+stone ratingcmp=48.2,48.16,1.893894133472422,cap,stone
gemstone,2,gem+stone ratingcmp=86.4,86.35714,1.893894133472422,gem,stone
cherrystone,2,cherry+stone ratingcmp=52.9,52.909092,1.14,cherry,stone
brownstone,2,brown+stone ratingcmp=65.5,65.482758,2.706807490115278,brown,stone
holystone,2,holy+stone ratingcmp=59.0,59.0,1.1,holy,stone
goldstone,2,gold+stone ratingcmp=67.2,67.160004,1.592864137808441,gold,stone
dripstone,2,drip+stone ratingcmp=44.7,44.689655,1.23,drip,stone
marlstone,2,marl+stone ratingcmp=35.5,35.533333,0.0,marl,stone
soapstone,2,soap+stone ratingcmp=56.2,56.206898,1.768955396864122,soap,stone
moonstone,2,moon+stone ratingcmp=66.9,66.933334,2.136932182158717,moon,stone
millstone,2,mill+stone ratingcmp=67.1,67.137932,2.614053436878379,mill,stone
turnstone,2,turn+stone ratingcmp=50.6,50.555557,1.48,turn,stone
cobblestone,2,cobble+stone ratingcmp=62.4,62.366665,2.246076651583785,cobble,stone
lodestone,2,lode+stone ratingcmp=36.0,36.0,2.246076651583785,lode,stone
clingstone,2,cling+stone ratingcmp=44.8,44.82143,0.0,cling,stone
touchstone,2,touch+stone ratingcmp=52.0,51.966667,2.333226827302685,touch,stone
gravestone,2,grave+stone ratingcmp=87.4,87.379311,2.547106647247766,grave,stone
flagstone,2,flag+stone ratingcmp=53.4,53.400002,2.246076651583785,flag,stone
hearthstone,2,hearth+stone ratingcmp=59.0,58.969696,2.81,hearth,stone
whinstone,2,whin+stone ratingcmp=30.3,30.304348,1.2,whin,stone
keystone,2,key+stone ratingcmp=61.5,61.533333,2.570587743097289,key,stone
freestone,2,free+stone ratingcmp=37.8,37.785713,2.614053436878379,free,stone
hornstone,2,horn+stone ratingcmp=48.5,48.535713,0.0,horn,stone
flintstone,2,flint+stone ratingcmp=66.2,66.172417,2.29183414214446,flint,stone
pitchstone,2,pitch+stone ratingcmp=51.1,51.074074,0.0,pitch,stone
fieldstone,2,field+stone ratingcmp=44.9,44.92857,2.333226827302685,field,stone
chalkstone,2,chalk+stone ratingcmp=68.5,68.535713,0.0,chalk,stone
bluestone,2,blue+stone ratingcmp=55.9,55.925926,1.893894133472422,blue,stone
curbstone,2,curb+stone ratingcmp=52.8,52.84,1.893894133472422,curb,stone
firestone,2,fire+stone ratingcmp=71.6,71.64286,2.592864137808441,fire,stone
cornerstone,2,corner+stone ratingcmp=72.9,72.862068,2.835902186494736,corner,stone
siltstone,2,silt+stone ratingcmp=57.4,57.448277,2.18,silt,stone
merestone,2,mere+stone ratingcmp=37.8,37.785713,0.0,mere,stone
jackstones,2,jack+stones ratingcmp=29.0,28.966667,0.0,jack,stones
curbstones,2,curb+stones ratingcmp=57.3,57.333332,1.592864137808441,curb,stones
capstones,2,cap+stones ratingcmp=50.3,50.299999,1.45,cap,stones
milestones,2,mile+stones ratingcmp=45.7,45.724136,2.136932182158717,mile,stones
brownstones,2,brown+stones ratingcmp=53.1,53.076923,1.893894133472422,brown,stones
sandstones,2,sand+stones ratingcmp=75.9,75.900002,2.56,sand,stones
flagstones,2,flag+stones ratingcmp=49.4,49.392857,1.768955396864122,flag,stones
millstones,2,mill+stones ratingcmp=57.0,56.962963,1.592864137808441,mill,stones
holystones,2,holy+stones ratingcmp=66.0,65.967743,0.0,holy,stones
touchstones,2,touch+stones ratingcmp=57.4,57.433334,2.03,touch,stones
hailstones,2,hail+stones ratingcmp=74.8,74.785713,1.990804146480479,hail,stones
keystones,2,key+stones ratingcmp=34.2,34.23077,2.01,key,stones
gallstones,2,gall+stones ratingcmp=61.9,61.935482,2.333226827302685,gall,stones
cornerstones,2,corner+stones ratingcmp=52.0,52.0,2.069985392528103,corner,stones
gravestones,2,grave+stones ratingcmp=87.6,87.57692,1.990804146480479,grave,stones
headstones,2,head+stones ratingcmp=68.5,68.451614,2.371015388192085,head,stones
cobblestones,2,cobble+stones ratingcmp=72.9,72.866669,1.990804146480479,cobble,stones
gemstones,2,gem+stones ratingcmp=89.6,89.60714,2.405777494451296,gem,stones
hearthstones,2,hearth+stones ratingcmp=54.3,54.299999,1.15,hearth,stones
freestones,2,free+stones ratingcmp=48.9,48.900002,0.0,free,stones
whetstones,2,whet+stones ratingcmp=34.7,34.73077,1.46,whet,stones
tombstones,2,tomb+stones ratingcmp=88.7,88.709679,2.405777494451296,tomb,stones
lodestones,2,lode+stones ratingcmp=36.7,36.714287,1.592864137808441,lode,stones
moonstones,2,moon+stones ratingcmp=60.0,60.0,1.768955396864122,moon,stones
grindstones,2,grind+stones ratingcmp=51.9,51.857143,1.592864137808441,grind,stones
campstool,2,camp+stool ratingcmp=74.9,74.866669,0.0,camp,stool
footstool,2,foot+stool ratingcmp=89.2,89.23333,2.246076651583785,foot,stool
toadstool,2,toad+stool ratingcmp=41.1,41.103447,2.547106647247766,toad,stool
footstools,2,foot+stools ratingcmp=86.1,86.074074,1.41,foot,stools
toadstools,2,toad+stools ratingcmp=39.5,39.464287,2.136932182158717,toad,stools
backstop,2,back+stop ratingcmp=55.9,55.857143,2.371015388192085,back,stop
doorstop,2,door+stop ratingcmp=80.0,80.034485,2.437962177822698,door,stop
shortstop,2,short+stop ratingcmp=62.1,62.099998,2.91508343254236,short,stop
doorstopper,2,door+stopper ratingcmp=91.8,91.821426,0.0,door,stopper
showstopper,2,show+stopper ratingcmp=68.3,68.285713,2.371015388192085,show,stopper
shortstops,2,short+stops ratingcmp=68.3,68.310349,1.81,short,stops
backstops,2,back+stops ratingcmp=62.1,62.07143,1.47,back,stops
doorstops,2,door+stops ratingcmp=82.1,82.111115,2.194924129136403,door,stops
bookstore,2,book+store ratingcmp=95.4,95.35714,3.595030199564949,book,store
drugstore,2,drug+store ratingcmp=91.0,90.965515,3.634256822966666,drug,store
bookstores,2,book+stores ratingcmp=92.7,92.666664,2.706807490115278,book,stores
drugstores,2,drug+stores ratingcmp=91.5,91.5,2.522283063522734,drug,stores
brainstorm,2,brain+storm ratingcmp=51.8,51.775002,2.904617998864195,brain,storm
thunderstorm,2,thunder+storm ratingcmp=92.5,92.540543,2.810348082022347,thunder,storm
hailstorm,2,hail+storm ratingcmp=88.6,88.594597,2.333226827302685,hail,storm
snowstorm,2,snow+storm ratingcmp=92.9,92.894737,2.945046655919803,snow,storm
sandstorm,2,sand+storm ratingcmp=86.1,86.099998,2.925302597724047,sand,storm
firestorm,2,fire+storm ratingcmp=62.1,62.051281,2.136932182158717,fire,storm
windstorm,2,wind+storm ratingcmp=87.8,87.783783,2.29183414214446,wind,storm
rainstorm,2,rain+storm ratingcmp=87.9,87.871796,2.91508343254236,rain,storm
barnstormer,2,barn+stormer ratingcmp=51.7,51.724136,1.768955396864122,barn,stormer
barnstormers,2,barn+stormers ratingcmp=43.5,43.5,1.768955396864122,barn,stormers
brainstorming,2,brain+storming ratingcmp=47.6,47.642857,2.614053436878379,brain,storming
brainstorms,2,brain+storms ratingcmp=36.8,36.759998,1.592864137808441,brain,storms
windstorms,2,wind+storms ratingcmp=87.1,87.071426,1.768955396864122,wind,storms
hailstorms,2,hail+storms ratingcmp=80.6,80.590912,1.84,hail,storms
sandstorms,2,sand+storms ratingcmp=91.1,91.111115,1.893894133472422,sand,storms
rainstorms,2,rain+storms ratingcmp=92.6,92.555557,2.18,rain,storms
snowstorms,2,snow+storms ratingcmp=93.3,93.259262,1.768955396864122,snow,storms
firestorms,2,fire+storms ratingcmp=74.4,74.366669,1.64,fire,storms
thunderstorms,2,thunder+storms ratingcmp=92.1,92.071426,2.706807490115278,thunder,storms
clearstory,2,clear+story ratingcmp=60.6,60.592594,0.0,clear,story
oilstove,2,oil+stove ratingcmp=66.3,66.290321,0.0,oil,stove
cookstove,2,cook+stove ratingcmp=83.0,83.0,1.32,cook,stove
eyestrain,2,eye+strain ratingcmp=84.3,84.26667,1.768955396864122,eye,strain
watchstrap,2,watch+strap ratingcmp=73.0,72.965515,0.0,watch,strap
bootstrap,2,boot+strap ratingcmp=77.4,77.40741,1.893894133472422,boot,strap
jockstrap,2,jock+strap ratingcmp=67.6,67.620689,2.653561978162053,jock,strap
bootstraps,2,boot+straps ratingcmp=86.7,86.73333,2.194924129136403,boot,straps
jockstraps,2,jock+straps ratingcmp=59.2,59.17857,2.069985392528103,jock,straps
watchstraps,2,watch+straps ratingcmp=82.3,82.32,0.0,watch,straps
jackstraw,2,jack+straw ratingcmp=34.7,34.666668,0.0,jack,straw
bedstraw,2,bed+straw ratingcmp=67.0,67.047623,1.19,bed,straw
jackstraws,2,jack+straws ratingcmp=27.0,27.0,1.768955396864122,jack,straws
hairstreak,2,hair+streak ratingcmp=75.9,75.89286,1.34,hair,streak
airstream,2,air+stream ratingcmp=73.4,73.416664,2.246076651583785,air,stream
headstream,2,head+stream ratingcmp=47.9,47.863636,0.0,head,stream
bloodstream,2,blood+stream ratingcmp=84.4,84.368423,3.241224148789373,blood,stream
mainstream,2,main+stream ratingcmp=56.0,56.027027,3.098014116128347,main,stream
slipstream,2,slip+stream ratingcmp=57.5,57.482758,3.453202144379435,slip,stream
midstream,2,mid+stream ratingcmp=73.6,73.64286,1.768955396864122,mid,stream
bloodstreams,2,blood+streams ratingcmp=80.4,80.416664,1.34,blood,streams
mainstreams,2,main+streams ratingcmp=66.4,66.39286,1.11,main,streams
slipstreams,2,slip+streams ratingcmp=45.9,45.916668,0.0,slip,streams
homestretch,2,home+stretch ratingcmp=57.5,57.458332,2.194924129136403,home,stretch
homestretches,2,home+stretches ratingcmp=62.7,62.700001,0.0,home,stretches
hamstring,2,ham+string ratingcmp=24.2,24.23077,2.333226827302685,ham,string
drawstring,2,draw+string ratingcmp=58.5,58.517242,1.893894133472422,draw,string
shoestring,2,shoe+string ratingcmp=79.6,79.567566,2.437962177822698,shoe,string
bowstring,2,bow+string ratingcmp=80.5,80.533333,1.97,bow,string
latchstring,2,latch+string ratingcmp=61.2,61.21212,0.0,latch,string
drawstrings,2,draw+strings ratingcmp=59.4,59.439999,1.55,draw,strings
hamstrings,2,ham+strings ratingcmp=31.5,31.535715,1.893894133472422,ham,strings
heartstrings,2,heart+strings ratingcmp=41.3,41.314285,2.467925401200141,heart,strings
bowstrings,2,bow+strings ratingcmp=77.1,77.071426,1.28,bow,strings
shoestrings,2,shoe+strings ratingcmp=85.0,84.965515,2.069985392528103,shoe,strings
airstrip,2,air+strip ratingcmp=60.8,60.8125,3.055262135707397,air,strip
weatherstrip,2,weather+strip ratingcmp=54.9,54.931034,1.24,weather,strip
pinstripe,2,pin+stripe ratingcmp=56.9,56.935482,2.333226827302685,pin,stripe
pinstripes,2,pin+stripes ratingcmp=56.4,56.407406,2.136932182158717,pin,stripes
weatherstripping,2,weather+stripping ratingcmp=40.9,40.884617,1.44,weather,stripping
airstrips,2,air+strips ratingcmp=57.3,57.266666,1.893894133472422,air,strips
breaststroke,2,breast+stroke ratingcmp=43.5,43.46154,2.333226827302685,breast,stroke
heatstroke,2,heat+stroke ratingcmp=77.2,77.189186,2.246076651583785,heat,stroke
masterstroke,2,master+stroke ratingcmp=58.4,58.375,1.893894133472422,master,stroke
downstroke,2,down+stroke ratingcmp=61.1,61.148148,1.893894133472422,down,stroke
sidestroke,2,side+stroke ratingcmp=55.7,55.743591,1.768955396864122,side,stroke
sunstroke,2,sun+stroke ratingcmp=57.5,57.53846,2.495954124800384,sun,stroke
backstroke,2,back+stroke ratingcmp=58.4,58.400002,2.467925401200141,back,stroke
keystroke,2,key+stroke ratingcmp=58.0,58.020832,2.333226827302685,key,stroke
breaststrokes,2,breast+strokes ratingcmp=59.0,59.041668,0.0,breast,strokes
masterstrokes,2,master+strokes ratingcmp=56.8,56.833332,0.0,master,strokes
backstrokes,2,back+strokes ratingcmp=72.9,72.85714,0.0,back,strokes
keystrokes,2,key+strokes ratingcmp=53.6,53.642857,2.246076651583785,key,strokes
sidestrokes,2,side+strokes ratingcmp=62.9,62.851852,0.0,side,strokes
breadstuff,2,bread+stuff ratingcmp=59.2,59.172413,0.0,bread,stuff
dyestuff,2,dye+stuff ratingcmp=53.5,53.5,1.26,dye,stuff
foodstuff,2,food+stuff ratingcmp=77.3,77.26667,1.768955396864122,food,stuff
foodstuffs,2,food+stuffs ratingcmp=59.6,59.57143,2.29183414214446,food,stuffs
dyestuffs,2,dye+stuffs ratingcmp=39.0,39.0,1.63,dye,stuffs
pigsty,2,pig+sty ratingcmp=51.5,51.549999,2.935286818630647,pig,sty
lifestyle,2,life+style ratingcmp=85.3,85.259262,3.694954663320278,life,style
hairstyle,2,hair+style ratingcmp=88.7,88.675003,2.848136642911747,hair,style
freestyle,2,free+style ratingcmp=76.9,76.945946,3.047708997816951,free,style
lifestyles,2,life+styles ratingcmp=88.1,88.10714,2.796984120464366,life,styles
hairstyles,2,hair+styles ratingcmp=93.3,93.32,2.246076651583785,hair,styles
freestyles,2,free+styles ratingcmp=86.0,86.0,2.02,free,styles
hairstylist,2,hair+stylist ratingcmp=92.5,92.473686,2.194924129136403,hair,stylist
hairstylists,2,hair+stylists ratingcmp=96.8,96.839996,1.592864137808441,hair,stylists
nonesuch,2,none+such ratingcmp=54.6,54.599998,1.592864137808441,none,such
honeysucker,2,honey+sucker ratingcmp=69.7,69.666664,0.0,honey,sucker
goatsucker,2,goat+sucker ratingcmp=36.0,36.037037,0.0,goat,sucker
sharksucker,2,shark+sucker ratingcmp=47.3,47.291668,0.0,shark,sucker
lumpsucker,2,lump+sucker ratingcmp=41.3,41.333332,0.0,lump,sucker
bloodsucker,2,blood+sucker ratingcmp=81.0,81.027023,2.570587743097289,blood,sucker
sapsucker,2,sap+sucker ratingcmp=51.5,51.48,1.893894133472422,sap,sucker
whalesucker,2,whale+sucker ratingcmp=36.1,36.136364,0.0,whale,sucker
bloodsuckers,2,blood+suckers ratingcmp=84.2,84.160004,2.495954124800384,blood,suckers
sapsuckers,2,sap+suckers ratingcmp=64.0,64.045456,1.592864137808441,sap,suckers
honeysuckle,2,honey+suckle ratingcmp=36.8,36.828571,2.29183414214446,honey,suckle
honeysuckles,2,honey+suckles ratingcmp=57.2,57.222221,1.990804146480479,honey,suckles
soapsuds,2,soap+suds ratingcmp=68.3,68.322578,1.15,soap,suds
boilersuit,2,boiler+suit ratingcmp=45.8,45.833332,0.0,boiler,suit
sweatsuit,2,sweat+suit ratingcmp=80.2,80.181816,1.893894133472422,sweat,suit
lawsuit,2,law+suit ratingcmp=47.1,47.125,3.785988736162903,law,suit
sunsuit,2,sun+suit ratingcmp=55.8,55.84,1.592864137808441,sun,suit
swimsuit,2,swim+suit ratingcmp=84.7,84.714287,3.300434313906377,swim,suit
spacesuit,2,space+suit ratingcmp=86.2,86.181816,2.136932182158717,space,suit
pantsuit,2,pant+suit ratingcmp=79.8,79.75,2.246076651583785,pant,suit
playsuit,2,play+suit ratingcmp=61.6,61.586208,1.592864137808441,play,suit
snowsuit,2,snow+suit ratingcmp=84.9,84.928574,2.136932182158717,snow,suit
jumpsuit,2,jump+suit ratingcmp=47.4,47.400002,2.860035866211455,jump,suit
swimsuits,2,swim+suits ratingcmp=75.0,74.954544,2.653561978162053,swim,suits
jumpsuits,2,jump+suits ratingcmp=44.9,44.892857,2.547106647247766,jump,suits
spacesuits,2,space+suits ratingcmp=91.1,91.133331,2.194924129136403,space,suits
lawsuits,2,law+suits ratingcmp=46.6,46.566666,3.29183414214446,law,suits
snowsuits,2,snow+suits ratingcmp=92.6,92.615387,1.1,snow,suits
pantsuits,2,pant+suits ratingcmp=78.9,78.919998,2.069985392528103,pant,suits
checksum,2,check+sum ratingcmp=42.4,42.360001,1.592864137808441,check,sum
midsummer,2,mid+summer ratingcmp=93.9,93.85714,2.783195835978733,mid,summer
boatswain,2,boat+swain ratingcmp=31.3,31.321428,2.672045383856066,boat,swain
coxswain,2,cox+swain ratingcmp=28.8,28.827587,2.069985392528103,cox,swain
coxswains,2,cox+swains ratingcmp=25.4,25.357143,1.15,cox,swains
boatswains,2,boat+swains ratingcmp=32.5,32.533333,1.06,boat,swains
greensward,2,green+sward ratingcmp=26.5,26.533333,1.5,green,sward
flyswat,2,fly+swat ratingcmp=76.9,76.916664,0.0,fly,swat
flyswatter,2,fly+swatter ratingcmp=85.7,85.699997,1.768955396864122,fly,swatter
flyswatters,2,fly+swatters ratingcmp=93.9,93.862068,0.0,fly,swatters
chimneysweep,2,chimney+sweep ratingcmp=86.8,86.800003,0.0,chimney,sweep
minesweeper,2,mine+sweeper ratingcmp=68.3,68.310349,2.194924129136403,mine,sweeper
chimneysweeper,2,chimney+sweeper ratingcmp=86.2,86.225807,0.0,chimney,sweeper
minesweepers,2,mine+sweepers ratingcmp=54.8,54.799999,1.592864137808441,mine,sweepers
minesweeping,2,mine+sweeping ratingcmp=60.1,60.125,1.592864137808441,mine,sweeping
bittersweet,2,bitter+sweet ratingcmp=88.8,88.758621,2.672045383856066,bitter,sweet
bittersweets,2,bitter+sweets ratingcmp=87.8,87.757576,0.0,bitter,sweets
pigswill,2,pig+swill ratingcmp=30.8,30.75,1.592864137808441,pig,swill
backswimmer,2,back+swimmer ratingcmp=68.2,68.25,0.0,back,swimmer
downswing,2,down+swing ratingcmp=69.2,69.214287,1.592864137808441,down,swing
downswings,2,down+swings ratingcmp=66.1,66.129036,1.19,down,swings
sideswipe,2,side+swipe ratingcmp=79.4,79.448273,1.768955396864122,side,swipe
sideswipes,2,side+swipes ratingcmp=73.1,73.14286,1.592864137808441,side,swipes
backsword,2,back+sword ratingcmp=54.6,54.551723,0.0,back,sword
broadsword,2,broad+sword ratingcmp=70.6,70.645164,2.653561978162053,broad,sword
silversword,2,silver+sword ratingcmp=69.6,69.566666,0.0,silver,sword
broadswords,2,broad+swords ratingcmp=62.3,62.32143,1.990804146480479,broad,swords
timetable,2,time+table ratingcmp=64.2,64.179489,3.210912234520534,time,table
worktable,2,work+table ratingcmp=86.7,86.741936,1.54,work,table
turntable,2,turn+table ratingcmp=55.1,55.06818,2.570587743097289,turn,table
roundtable,2,round+table ratingcmp=79.5,79.464287,1.893894133472422,round,table
roundtables,2,round+tables ratingcmp=82.3,82.318184,2.0,round,tables
turntables,2,turn+tables ratingcmp=58.2,58.153847,2.194924129136403,turn,tables
worktables,2,work+tables ratingcmp=89.8,89.827583,0.0,work,tables
timetables,2,time+tables ratingcmp=66.1,66.137932,2.194924129136403,time,tables
tintack,2,tin+tack ratingcmp=41.8,41.80645,0.0,tin,tack
thumbtack,2,thumb+tack ratingcmp=50.2,50.25,2.29183414214446,thumb,tack
ticktack,2,tick+tack ratingcmp=33.2,33.17857,0.0,tick,tack
hardtack,2,hard+tack ratingcmp=58.0,57.966667,2.405777494451296,hard,tack
thumbtacks,2,thumb+tacks ratingcmp=59.8,59.82143,2.194924129136403,thumb,tacks
ragtag,2,rag+tag ratingcmp=30.5,30.487179,2.29183414214446,rag,tag
ragtags,2,rag+tags ratingcmp=43.7,43.666668,1.592864137808441,rag,tags
ringtail,2,ring+tail ratingcmp=49.6,49.625,1.893894133472422,ring,tail
cattail,2,cat+tail ratingcmp=56.5,56.533333,1.82,cat,tail
coattail,2,coat+tail ratingcmp=61.7,61.720001,1.893894133472422,coat,tail
blacktail,2,black+tail ratingcmp=66.8,66.772728,1.592864137808441,black,tail
rattail,2,rat+tail ratingcmp=73.2,73.199997,1.592864137808441,rat,tail
broadtail,2,broad+tail ratingcmp=55.5,55.51852,0.0,broad,tail
cocktail,2,cock+tail ratingcmp=24.7,24.700001,4.036908933726517,cock,tail
horsetail,2,horse+tail ratingcmp=82.3,82.32,1.89,horse,tail
bristletail,2,bristle+tail ratingcmp=50.7,50.739132,0.0,bristle,tail
squaretail,2,square+tail ratingcmp=45.0,44.96154,0.0,square,tail
tripletail,2,triple+tail ratingcmp=54.1,54.125,0.0,triple,tail
bobtail,2,bob+tail ratingcmp=32.8,32.771427,2.069985392528103,bob,tail
whiptail,2,whip+tail ratingcmp=48.0,47.959999,1.4,whip,tail
scissortail,2,scissor+tail ratingcmp=46.9,46.866665,0.0,scissor,tail
springtail,2,spring+tail ratingcmp=38.3,38.279999,1.02,spring,tail
wagtail,2,wag+tail ratingcmp=66.1,66.133331,2.02,wag,tail
bangtail,2,bang+tail ratingcmp=30.3,30.321428,1.893894133472422,bang,tail
fantail,2,fan+tail ratingcmp=43.6,43.607143,2.333226827302685,fan,tail
freetail,2,free+tail ratingcmp=41.1,41.086956,0.0,free,tail
hairtail,2,hair+tail ratingcmp=65.4,65.384613,1.768955396864122,hair,tail
foxtail,2,fox+tail ratingcmp=61.8,61.814816,1.98,fox,tail
browntail,2,brown+tail ratingcmp=64.2,64.217392,0.0,brown,tail
sprigtail,2,sprig+tail ratingcmp=39.8,39.777779,0.0,sprig,tail
redtail,2,red+tail ratingcmp=60.8,60.846153,1.35,red,tail
yellowtail,2,yellow+tail ratingcmp=61.5,61.464287,2.069985392528103,yellow,tail
whitetail,2,white+tail ratingcmp=66.3,66.34375,1.592864137808441,white,tail
pintail,2,pin+tail ratingcmp=52.0,51.96154,1.86,pin,tail
pentail,2,pen+tail ratingcmp=40.3,40.299999,0.0,pen,tail
swallowtail,2,swallow+tail ratingcmp=30.5,30.52,1.893894133472422,swallow,tail
flickertail,2,flicker+tail ratingcmp=39.9,39.925926,0.0,flicker,tail
dovetail,2,dove+tail ratingcmp=41.5,41.512821,1.990804146480479,dove,tail
shirttail,2,shirt+tail ratingcmp=54.6,54.613636,2.495954124800384,shirt,tail
ponytail,2,pony+tail ratingcmp=47.0,47.045456,3.007837485779259,pony,tail
cottontail,2,cotton+tail ratingcmp=52.0,52.0,2.29183414214446,cotton,tail
swordtail,2,sword+tail ratingcmp=56.1,56.083332,0.0,sword,tail
pigtail,2,pig+tail ratingcmp=42.4,42.394737,2.246076651583785,pig,tail
horsetails,2,horse+tails ratingcmp=73.4,73.444443,1.35,horse,tails
shirttails,2,shirt+tails ratingcmp=55.2,55.16,2.194924129136403,shirt,tails
bobtails,2,bob+tails ratingcmp=36.8,36.799999,1.05,bob,tails
cattails,2,cat+tails ratingcmp=51.9,51.935482,1.81,cat,tails
swallowtails,2,swallow+tails ratingcmp=39.8,39.81818,1.39,swallow,tails
fantails,2,fan+tails ratingcmp=37.0,37.0,1.592864137808441,fan,tails
coattails,2,coat+tails ratingcmp=64.1,64.137932,2.522283063522734,coat,tails
cocktails,2,cock+tails ratingcmp=21.3,21.290323,3.611980428255514,cock,tails
whitetails,2,white+tails ratingcmp=64.9,64.916664,1.46,white,tails
cottontails,2,cotton+tails ratingcmp=52.4,52.444443,1.57,cotton,tails
ponytails,2,pony+tails ratingcmp=58.8,58.782608,1.990804146480479,pony,tails
dovetails,2,dove+tails ratingcmp=57.6,57.583332,1.768955396864122,dove,tails
wagtails,2,wag+tails ratingcmp=38.1,38.080002,1.66,wag,tails
pigtails,2,pig+tails ratingcmp=51.5,51.458332,2.973075379520047,pig,tails
stocktake,2,stock+take ratingcmp=37.0,36.958332,1.27,stock,take
stocktaker,2,stock+taker ratingcmp=63.8,63.833332,0.0,stock,taker
caretaker,2,care+taker ratingcmp=67.2,67.175003,3.392204687262023,care,taker
caretakers,2,care+takers ratingcmp=73.7,73.730766,2.194924129136403,care,takers
stocktaking,2,stock+taking ratingcmp=56.5,56.464287,1.592864137808441,stock,taking
tattletale,2,tattle+tale ratingcmp=52.0,52.0,2.738992173486679,tattle,tale
fairytale,2,fairy+tale ratingcmp=81.3,81.344826,3.21,fairy,tale
telltale,2,tell+tale ratingcmp=72.5,72.533333,2.570587743097289,tell,tale
folktale,2,folk+tale ratingcmp=66.4,66.400002,2.069985392528103,folk,tale
folktales,2,folk+tales ratingcmp=80.1,80.115387,2.069985392528103,folk,tales
telltales,2,tell+tales ratingcmp=80.4,80.384613,1.592864137808441,tell,tales
tattletales,2,tattle+tales ratingcmp=67.3,67.285713,1.768955396864122,tattle,tales
babytalk,2,baby+talk ratingcmp=87.6,87.566666,1.12,baby,talk
crosstalk,2,cross+talk ratingcmp=52.9,52.884617,2.37,cross,talk
backtalk,2,back+talk ratingcmp=50.0,50.0,1.893894133472422,back,talk
codetalker,2,code+talker ratingcmp=69.3,69.272728,0.0,code,talker
windtalker,2,wind+talker ratingcmp=49.6,49.57143,0.0,wind,talker
suntan,2,sun+tan ratingcmp=85.7,85.692307,2.999404318242396,sun,tan
suntans,2,sun+tans ratingcmp=88.7,88.740738,1.990804146480479,sun,tans
wiretap,2,wire+tap ratingcmp=48.2,48.206898,2.738992173486679,wire,tap
videotape,2,video+tape ratingcmp=74.2,74.179489,3.715080016081268,video,tape
videotapes,2,video+tapes ratingcmp=91.2,91.166664,2.990804146480479,video,tapes
wiretapper,2,wire+tapper ratingcmp=64.6,64.566666,0.0,wire,tapper
wiretappers,2,wire+tappers ratingcmp=57.5,57.533333,0.0,wire,tappers
wiretaps,2,wire+taps ratingcmp=46.6,46.576923,2.522283063522734,wire,taps
aftertaste,2,after+taste ratingcmp=89.1,89.068962,2.371015388192085,after,taste
aftertastes,2,after+tastes ratingcmp=92.1,92.074074,0.0,after,tastes
foretastes,2,fore+tastes ratingcmp=42.2,42.233334,0.0,fore,tastes
schoolteacher,2,school+teacher ratingcmp=92.4,92.35714,3.539807408506267,school,teacher
schoolteachers,2,school+teachers ratingcmp=89.3,89.272728,2.689774150816497,school,teachers
striptease,2,strip+tease ratingcmp=78.6,78.63636,2.835902186494736,strip,tease
prickteaser,2,prick+teaser ratingcmp=32.5,32.52,0.0,prick,teaser
stripteaser,2,strip+teaser ratingcmp=80.5,80.478264,0.0,strip,teaser
stripteasers,2,strip+teasers ratingcmp=84.2,84.192307,1.592864137808441,strip,teasers
stripteases,2,strip+teases ratingcmp=81.6,81.608696,1.08,strip,teases
eyeteeth,2,eye+teeth ratingcmp=49.4,49.448277,2.246076651583785,eye,teeth
buckteeth,2,buck+teeth ratingcmp=59.8,59.759998,2.069985392528103,buck,teeth
radiotelephone,2,radio+telephone ratingcmp=73.6,73.620689,2.03,radio,telephone
fortuneteller,2,fortune+teller ratingcmp=92.2,92.208336,2.437962177822698,fortune,teller
taleteller,2,tale+teller ratingcmp=75.6,75.620689,0.0,tale,teller
storyteller,2,story+teller ratingcmp=95.1,95.14286,2.738992173486679,story,teller
storytellers,2,story+tellers ratingcmp=90.2,90.185188,2.246076651583785,story,tellers
fortunetellers,2,fortune+tellers ratingcmp=90.4,90.428574,1.768955396864122,fortune,tellers
fortunetelling,2,fortune+telling ratingcmp=83.6,83.571426,1.592864137808441,fortune,telling
goaltender,2,goal+tender ratingcmp=70.8,70.821426,2.069985392528103,goal,tender
bartender,2,bar+tender ratingcmp=73.9,73.88636,3.98993468776785,bar,tender
goaltenders,2,goal+tenders ratingcmp=80.5,80.518517,2.21,goal,tenders
bartenders,2,bar+tenders ratingcmp=69.9,69.85714,2.925302597724047,bar,tenders
midterm,2,mid+term ratingcmp=84.9,84.888885,3.300434313906377,mid,term
midterms,2,mid+terms ratingcmp=80.5,80.464287,2.963932000080177,mid,terms
bullterrier,2,bull+terrier ratingcmp=52.0,52.0,0.0,bull,terrier
radiotherapist,2,radio+therapist ratingcmp=56.0,56.040001,0.0,radio,therapist
aromatherapy,2,aroma+therapy ratingcmp=87.5,87.535713,2.522283063522734,aroma,therapy
plaything,2,play+thing ratingcmp=78.5,78.517242,2.706807490115278,play,thing
playthings,2,play+things ratingcmp=82.3,82.3125,2.592864137808441,play,things
doublethink,2,double+think ratingcmp=70.3,70.275864,1.76,double,think
groupthink,2,group+think ratingcmp=83.1,83.137932,2.33,group,think
freethinker,2,free+thinker ratingcmp=76.7,76.685715,1.592864137808441,free,thinker
freethinkers,2,free+thinkers ratingcmp=77.6,77.586205,1.990804146480479,free,thinkers
freethinking,2,free+thinking ratingcmp=77.6,77.629631,1.990804146480479,free,thinking
blackthorn,2,black+thorn ratingcmp=66.5,66.479164,2.17,black,thorn
whitethorn,2,white+thorn ratingcmp=52.1,52.136364,1.36,white,thorn
boxthorn,2,box+thorn ratingcmp=38.3,38.333332,0.0,box,thorn
hawthorn,2,haw+thorn ratingcmp=30.2,30.200001,2.246076651583785,haw,thorn
firethorn,2,fire+thorn ratingcmp=36.9,36.919998,0.0,fire,thorn
buckthorn,2,buck+thorn ratingcmp=39.5,39.5,2.08,buck,thorn
hawthorns,2,haw+thorns ratingcmp=44.7,44.68,1.592864137808441,haw,thorns
blackthorns,2,black+thorns ratingcmp=66.2,66.153847,0.0,black,thorns
afterthought,2,after+thought ratingcmp=78.7,78.724998,2.437962177822698,after,thought
afterthoughts,2,after+thoughts ratingcmp=87.2,87.25,1.768955396864122,after,thoughts
goldthread,2,gold+thread ratingcmp=70.2,70.172417,0.0,gold,thread
packthread,2,pack+thread ratingcmp=41.4,41.4375,0.0,pack,thread
spendthrift,2,spend+thrift ratingcmp=60.5,60.516129,1.893894133472422,spend,thrift
spendthrifts,2,spend+thrifts ratingcmp=43.4,43.407406,1.768955396864122,spend,thrifts
cutthroat,2,cut+throat ratingcmp=59.3,59.272728,2.925302597724047,cut,throat
yellowthroat,2,yellow+throat ratingcmp=49.6,49.612904,1.07,yellow,throat
bluethroat,2,blue+throat ratingcmp=47.5,47.5,1.09,blue,throat
whitethroat,2,white+throat ratingcmp=46.3,46.296295,1.5,white,throat
cutthroats,2,cut+throats ratingcmp=66.3,66.333336,2.783195835978733,cut,throats
heartthrob,2,heart+throb ratingcmp=53.7,53.717949,2.592864137808441,heart,throb
heartthrobs,2,heart+throbs ratingcmp=67.0,67.0,1.592864137808441,heart,throbs
breakthrough,2,break+through ratingcmp=81.4,81.448273,3.53734680995861,break,through
overthrow,2,over+throw ratingcmp=58.6,58.589745,3.136932182158717,over,throw
flamethrower,2,flame+thrower ratingcmp=74.1,74.108109,2.768955396864123,flame,thrower
flamethrowers,2,flame+throwers ratingcmp=77.4,77.400002,2.333226827302685,flame,throwers
bluetick,2,blue+tick ratingcmp=40.0,40.035713,1.592864137808441,blue,tick
downtick,2,down+tick ratingcmp=44.4,44.423077,1.05,down,tick
eventide,2,even+tide ratingcmp=44.4,44.409092,1.592864137808441,even,tide
noontide,2,noon+tide ratingcmp=70.2,70.199997,1.3,noon,tide
springtide,2,spring+tide ratingcmp=67.5,67.5,0.0,spring,tide
ebbtide,2,ebb+tide ratingcmp=41.1,41.103447,0.0,ebb,tide
riptide,2,rip+tide ratingcmp=64.1,64.096771,2.194924129136403,rip,tide
riptides,2,rip+tides ratingcmp=63.2,63.227272,1.592864137808441,rip,tides
crosstie,2,cross+tie ratingcmp=54.4,54.392857,1.592864137808441,cross,tie
necktie,2,neck+tie ratingcmp=81.3,81.300003,3.084225831642714,neck,tie
bowtie,2,bow+tie ratingcmp=78.3,78.32,2.136932182158717,bow,tie
neckties,2,neck+ties ratingcmp=86.1,86.120003,2.689774150816497,neck,ties
mantiger,2,man+tiger ratingcmp=48.8,48.793102,0.0,man,tiger
sticktight,2,stick+tight ratingcmp=50.0,50.0,0.0,stick,tight
pantile,2,pan+tile ratingcmp=40.2,40.25,0.0,pan,tile
teatime,2,tea+time ratingcmp=76.8,76.75,2.672045383856066,tea,time
lunchtime,2,lunch+time ratingcmp=96.9,96.866669,3.392204687262023,lunch,time
schooltime,2,school+time ratingcmp=96.6,96.639999,1.592864137808441,school,time
lifetime,2,life+time ratingcmp=85.3,85.315788,4.260317090698395,life,time
mealtime,2,meal+time ratingcmp=88.4,88.409088,2.29183414214446,meal,time
playtime,2,play+time ratingcmp=90.7,90.699997,2.982030222172974,play,time
nighttime,2,night+time ratingcmp=89.4,89.435898,3.31714000740923,night,time
bedtime,2,bed+time ratingcmp=86.6,86.564102,3.792893404362212,bed,time
seedtime,2,seed+time ratingcmp=59.5,59.517242,1.05,seed,time
dinnertime,2,dinner+time ratingcmp=92.7,92.73333,3.255621969490015,dinner,time
springtime,2,spring+time ratingcmp=83.6,83.599998,3.172647734425251,spring,time
summertime,2,summer+time ratingcmp=89.3,89.282051,3.084225831642714,summer,time
showtime,2,show+time ratingcmp=90.1,90.111115,3.572867509392188,show,time
peacetime,2,peace+time ratingcmp=73.3,73.318184,2.653561978162053,peace,time
meantime,2,mean+time ratingcmp=39.3,39.297298,4.178324867316942,mean,time
wintertime,2,winter+time ratingcmp=90.7,90.675003,2.653561978162053,winter,time
ragtime,2,rag+time ratingcmp=33.9,33.945946,2.796984120464366,rag,time
halftime,2,half+time ratingcmp=86.1,86.105263,3.130683232881715,half,time
suppertime,2,supper+time ratingcmp=93.8,93.839996,2.796984120464366,supper,time
daytime,2,day+time ratingcmp=85.7,85.675003,3.579635872074686,day,time
wartime,2,war+time ratingcmp=73.6,73.594597,3.062686153786604,war,time
downtime,2,down+time ratingcmp=67.9,67.909088,2.653561978162053,down,time
oldtimer,2,old+timer ratingcmp=68.6,68.566666,1.56,old,timer
bedtimes,2,bed+times ratingcmp=94.0,94.040001,2.194924129136403,bed,times
mealtimes,2,meal+times ratingcmp=90.0,89.952377,1.768955396864122,meal,times
daytimes,2,day+times ratingcmp=88.6,88.639999,1.768955396864122,day,times
lunchtimes,2,lunch+times ratingcmp=90.0,89.962959,1.592864137808441,lunch,times
lifetimes,2,life+times ratingcmp=73.8,73.800003,2.999404318242396,life,times
teatimes,2,tea+times ratingcmp=77.6,77.645164,0.0,tea,times
halftimes,2,half+times ratingcmp=79.7,79.696968,1.06,half,times
fingertip,2,finger+tip ratingcmp=87.6,87.550003,2.333226827302685,finger,tip
silvertip,2,silver+tip ratingcmp=56.2,56.16,1.44,silver,tip
tidytips,2,tidy+tips ratingcmp=41.3,41.26923,0.0,tidy,tips
fingertips,2,finger+tips ratingcmp=93.5,93.46875,3.221253067858753,finger,tips
tomtit,2,tom+tit ratingcmp=16.9,16.916666,1.592864137808441,tom,tit
bushtit,2,bush+tit ratingcmp=22.4,22.366667,0.0,bush,tit
tomtits,2,tom+tits ratingcmp=18.9,18.913044,0.0,tom,tits
hammertoe,2,hammer+toe ratingcmp=44.3,44.291668,0.0,hammer,toe
tiptoe,2,tip+toe ratingcmp=69.4,69.37838,2.954591973826034,tip,toe
tiptoes,2,tip+toes ratingcmp=76.8,76.800003,2.371015388192085,tip,toes
pussytoes,2,pussy+toes ratingcmp=37.5,37.541668,0.0,pussy,toes
hammertoes,2,hammer+toes ratingcmp=45.8,45.791668,2.136932182158717,hammer,toes
wonton,2,won+ton ratingcmp=30.0,30.0,2.495954124800384,won,ton
halftone,2,half+tone ratingcmp=70.3,70.322578,1.99,half,tone
halftones,2,half+tones ratingcmp=58.6,58.560001,1.29,half,tones
bluetongue,2,blue+tongue ratingcmp=70.1,70.07692,1.73,blue,tongue
earthtongue,2,earth+tongue ratingcmp=34.3,34.333332,0.0,earth,tongue
sawtooth,2,saw+tooth ratingcmp=42.9,42.857143,2.371015388192085,saw,tooth
eyetooth,2,eye+tooth ratingcmp=28.8,28.846153,1.768955396864122,eye,tooth
sabertooth,2,saber+tooth ratingcmp=63.6,63.607143,1.88,saber,tooth
dogtooth,2,dog+tooth ratingcmp=66.8,66.75,1.64,dog,tooth
bucktooth,2,buck+tooth ratingcmp=49.3,49.342106,2.194924129136403,buck,tooth
carrottop,2,carrot+top ratingcmp=51.9,51.92857,1.893894133472422,carrot,top
flattop,2,flat+top ratingcmp=65.4,65.425003,2.467925401200141,flat,top
hilltop,2,hill+top ratingcmp=89.3,89.259262,2.754232140043416,hill,top
treetop,2,tree+top ratingcmp=86.3,86.333336,2.437962177822698,tree,top
hardtop,2,hard+top ratingcmp=64.7,64.657143,2.570587743097289,hard,top
housetop,2,house+top ratingcmp=77.9,77.928574,1.592864137808441,house,top
tiptop,2,tip+top ratingcmp=58.1,58.076923,2.467925401200141,tip,top
desktop,2,desk+top ratingcmp=73.2,73.208336,2.069985392528103,desk,top
blacktop,2,black+top ratingcmp=69.0,68.95652,2.522283063522734,black,top
laptop,2,lap+top ratingcmp=57.2,57.173912,3.542254144453354,lap,top
screwtop,2,screw+top ratingcmp=73.7,73.703705,0.0,screw,top
tabletop,2,table+top ratingcmp=93.9,93.928574,2.069985392528103,table,top
rooftop,2,roof+top ratingcmp=92.5,92.517242,3.205647994528177,roof,top
feathertop,2,feather+top ratingcmp=68.4,68.3871,1.15,feather,top
blacktopping,2,black+topping ratingcmp=50.5,50.517242,0.0,black,topping
desktops,2,desk+tops ratingcmp=83.2,83.166664,2.79,desk,tops
blacktops,2,black+tops ratingcmp=65.8,65.827583,0.0,black,tops
housetops,2,house+tops ratingcmp=67.6,67.625,1.990804146480479,house,tops
tiptops,2,tip+tops ratingcmp=49.5,49.541668,0.0,tip,tops
flattops,2,flat+tops ratingcmp=67.2,67.199997,1.592864137808441,flat,tops
hardtops,2,hard+tops ratingcmp=71.0,71.0,1.22,hard,tops
rooftops,2,roof+tops ratingcmp=89.9,89.896553,2.954591973826034,roof,tops
laptops,2,lap+tops ratingcmp=42.3,42.346153,2.467925401200141,lap,tops
treetops,2,tree+tops ratingcmp=89.4,89.413795,2.467925401200141,tree,tops
tabletops,2,table+tops ratingcmp=91.2,91.214287,1.893894133472422,table,tops
hilltops,2,hill+tops ratingcmp=91.6,91.6129,1.893894133472422,hill,tops
blowtorch,2,blow+torch ratingcmp=71.8,71.758621,2.935286818630647,blow,torch
blowtorches,2,blow+torches ratingcmp=63.3,63.32143,1.592864137808441,blow,torches
teetertotter,2,teeter+totter ratingcmp=61.6,61.566666,0.0,teeter,totter
undertow,2,under+tow ratingcmp=42.1,42.102566,2.738992173486679,under,tow
dishtowel,2,dish+towel ratingcmp=87.0,86.964287,1.768955396864122,dish,towel
dishtowels,2,dish+towels ratingcmp=87.5,87.541664,1.893894133472422,dish,towels
watchtower,2,watch+tower ratingcmp=86.4,86.413795,2.653561978162053,watch,tower
watchtowers,2,watch+towers ratingcmp=81.0,80.959999,1.990804146480479,watch,towers
downtown,2,down+town ratingcmp=61.7,61.710526,4.34066422867281,down,town
cowtown,2,cow+town ratingcmp=58.7,58.708332,1.66,cow,town
hometown,2,home+town ratingcmp=85.5,85.5,3.592864137808441,home,town
shantytown,2,shanty+town ratingcmp=40.3,40.270271,1.990804146480479,shanty,town
shantytowns,2,shanty+towns ratingcmp=47.5,47.5,1.592864137808441,shanty,towns
hometowns,2,home+towns ratingcmp=89.7,89.678574,2.194924129136403,home,towns
zootoxin,2,zoo+toxin ratingcmp=60.1,60.074074,0.0,zoo,toxin
soundtrack,2,sound+track ratingcmp=58.5,58.545456,2.982030222172974,sound,track
sidetrack,2,side+track ratingcmp=50.7,50.692307,1.893894133472422,side,track
racetrack,2,race+track ratingcmp=88.3,88.275002,3.260317090698395,race,track
soundtracks,2,sound+tracks ratingcmp=79.4,79.440002,1.893894133472422,sound,tracks
sidetracks,2,side+tracks ratingcmp=75.6,75.625,1.39,side,tracks
racetracks,2,race+tracks ratingcmp=90.3,90.333336,2.136932182158717,race,tracks
contrail,2,con+trail ratingcmp=32.7,32.714287,1.768955396864122,con,trail
geartrain,2,gear+train ratingcmp=50.9,50.884617,0.0,gear,train
claptrap,2,clap+trap ratingcmp=39.2,39.216217,2.467925401200141,clap,trap
mantrap,2,man+trap ratingcmp=64.9,64.931816,2.069985392528103,man,trap
firetrap,2,fire+trap ratingcmp=60.8,60.82143,2.29183414214446,fire,trap
mousetrap,2,mouse+trap ratingcmp=90.1,90.068184,2.783195835978733,mouse,trap
flytrap,2,fly+trap ratingcmp=74.2,74.214287,2.333226827302685,fly,trap
deathtrap,2,death+trap ratingcmp=86.0,86.0,2.333226827302685,death,trap
suntrap,2,sun+trap ratingcmp=50.5,50.5,1.18,sun,trap
rattrap,2,rat+trap ratingcmp=80.3,80.333336,2.547106647247766,rat,trap
mousetraps,2,mouse+traps ratingcmp=95.5,95.520836,2.136932182158717,mouse,traps
mantraps,2,man+traps ratingcmp=59.4,59.360001,0.0,man,traps
firetraps,2,fire+traps ratingcmp=59.0,59.0,1.893894133472422,fire,traps
rattraps,2,rat+traps ratingcmp=73.8,73.75,1.768955396864122,rat,traps
suntraps,2,sun+traps ratingcmp=56.2,56.16,0.0,sun,traps
deathtraps,2,death+traps ratingcmp=89.6,89.583336,1.26,death,traps
icetray,2,ice+tray ratingcmp=91.9,91.916664,0.0,ice,tray
ashtray,2,ash+tray ratingcmp=86.5,86.513512,3.514550613292043,ash,tray
ashtrays,2,ash+trays ratingcmp=88.1,88.10714,2.810348082022347,ash,trays
axletree,2,axle+tree ratingcmp=42.3,42.344826,0.0,axle,tree
doubletree,2,double+tree ratingcmp=46.4,46.416668,1.592864137808441,double,tree
shoetree,2,shoe+tree ratingcmp=36.8,36.814816,1.768955396864122,shoe,tree
rooftree,2,roof+tree ratingcmp=36.0,35.974358,1.592864137808441,roof,tree
axletrees,2,axle+trees ratingcmp=49.3,49.285713,0.0,axle,trees
shoetrees,2,shoe+trees ratingcmp=27.5,27.5,1.768955396864122,shoe,trees
paratrooper,2,para+trooper ratingcmp=60.1,60.066666,2.522283063522734,para,trooper
paratroopers,2,para+troopers ratingcmp=48.4,48.357143,2.835902186494736,para,troopers
paratroops,2,para+troops ratingcmp=53.5,53.533333,2.29183414214446,para,troops
foxtrot,2,fox+trot ratingcmp=40.1,40.057144,3.040022169150661,fox,trot
dogtrot,2,dog+trot ratingcmp=54.0,54.0,0.0,dog,trot
foxtrots,2,fox+trots ratingcmp=59.8,59.799999,1.768955396864122,fox,trots
dogtrots,2,dog+trots ratingcmp=47.7,47.73077,0.0,dog,trots
globetrotter,2,globe+trotter ratingcmp=66.5,66.53125,2.246076651583785,globe,trotter
globetrotters,2,globe+trotters ratingcmp=53.4,53.423077,2.405777494451296,globe,trotters
motortruck,2,motor+truck ratingcmp=80.9,80.919998,0.0,motor,truck
washtub,2,wash+tub ratingcmp=84.0,84.037041,2.069985392528103,wash,tub
bathtub,2,bath+tub ratingcmp=88.5,88.514282,3.785988736162903,bath,tub
blowtube,2,blow+tube ratingcmp=67.0,67.0,0.0,blow,tube
bathtubs,2,bath+tubs ratingcmp=90.2,90.199997,2.522283063522734,bath,tubs
washtubs,2,wash+tubs ratingcmp=80.4,80.360001,1.990804146480479,wash,tubs
candytuft,2,candy+tuft ratingcmp=41.5,41.5,1.01,candy,tuft
startup,2,star+tup ratingcmp=30.6,30.625,2.467925401200141,star,tup
lilyturf,2,lily+turf ratingcmp=42.1,42.125,0.0,lily,turf
downturn,2,down+turn ratingcmp=65.4,65.379311,1.990804146480479,down,turn
downturns,2,down+turns ratingcmp=71.2,71.161293,2.3,down,turns
granduncle,2,grand+uncle ratingcmp=70.2,70.23333,1.65,grand,uncle
speedups,2,speed+ups ratingcmp=73.2,73.208336,1.44,speed,ups
grownups,2,grown+ups ratingcmp=73.7,73.73333,3.189461233434901,grown,ups
lockups,2,lock+ups ratingcmp=63.4,63.400002,1.768955396864122,lock,ups
pileups,2,pile+ups ratingcmp=76.2,76.192307,1.26,pile,ups
makeups,2,make+ups ratingcmp=40.3,40.32,1.768955396864122,make,ups
checkups,2,check+ups ratingcmp=60.9,60.925926,2.592864137808441,check,ups
pickups,2,pick+ups ratingcmp=55.5,55.52,2.935286818630647,pick,ups
breakups,2,break+ups ratingcmp=69.3,69.310349,2.672045383856066,break,ups
stickups,2,stick+ups ratingcmp=48.5,48.5,2.136932182158717,stick,ups
startups,2,start+ups ratingcmp=68.3,68.322578,3.49,start,ups
lineups,2,line+ups ratingcmp=59.0,59.040001,2.371015388192085,line,ups
buildups,2,build+ups ratingcmp=71.1,71.125,1.768955396864122,build,ups
hookups,2,hook+ups ratingcmp=44.3,44.344826,2.194924129136403,hook,ups
markups,2,mark+ups ratingcmp=73.5,73.5,2.14,mark,ups
weathervane,2,weather+vane ratingcmp=43.8,43.757576,1.83,weather,vane
midvein,2,mid+vein ratingcmp=59.1,59.066666,1.27,mid,vein
newsvendor,2,news+vendor ratingcmp=83.6,83.586205,0.0,news,vendor
splitsville,2,splits+ville ratingcmp=46.3,46.333332,1.46,splits,ville
grapevine,2,grape+vine ratingcmp=80.6,80.574997,2.973075379520047,grape,vine
silvervine,2,silver+vine ratingcmp=48.8,48.82143,0.0,silver,vine
quartervine,2,quarter+vine ratingcmp=40.5,40.48148,0.0,quarter,vine
grapevines,2,grape+vines ratingcmp=93.2,93.206894,1.893894133472422,grape,vines
lyssavirus,2,lyssa+virus ratingcmp=39.7,39.708332,1.54,lyssa,virus
poxvirus,2,pox+virus ratingcmp=78.9,78.900002,1.16,pox,virus
arenavirus,2,arena+virus ratingcmp=39.0,39.033333,0.0,arena,virus
arborvitae,2,arbor+vitae ratingcmp=29.0,29.034483,1.48,arbor,vitae
tightwad,2,tight+wad ratingcmp=42.5,42.473682,2.405777494451296,tight,wad
tightwads,2,tight+wads ratingcmp=46.7,46.68182,0.0,tight,wads
bandwagon,2,band+wagon ratingcmp=43.8,43.849998,2.689774150816497,band,wagon
battlewagon,2,battle+wagon ratingcmp=57.6,57.57143,1.768955396864122,battle,wagon
milkwagon,2,milk+wagon ratingcmp=70.6,70.59259,0.0,milk,wagon
bandwagons,2,band+wagons ratingcmp=43.9,43.880001,1.88,band,wagons
pantywaist,2,panty+waist ratingcmp=59.9,59.892857,2.136932182158717,panty,waist
shirtwaist,2,shirt+waist ratingcmp=48.6,48.5625,1.71,shirt,waist
pantywaists,2,panty+waists ratingcmp=59.6,59.555557,1.768955396864122,panty,waists
shirtwaists,2,shirt+waists ratingcmp=56.0,55.967743,0.0,shirt,waists
dumbwaiter,2,dumb+waiter ratingcmp=33.5,33.53846,2.522283063522734,dumb,waiter
headwaiter,2,head+waiter ratingcmp=48.1,48.142857,2.495954124800384,head,waiter
headwaiters,2,head+waiters ratingcmp=44.9,44.884617,1.893894133472422,head,waiters
dumbwaiters,2,dumb+waiters ratingcmp=33.2,33.25,1.592864137808441,dumb,waiters
gunwale,2,gun+wale ratingcmp=24.6,24.589743,1.768955396864122,gun,wale
gunwales,2,gun+wales ratingcmp=31.1,31.125,1.768955396864122,gun,wales
sidewalk,2,side+walk ratingcmp=76.3,76.307693,3.738992173486679,side,walk
boardwalk,2,board+walk ratingcmp=59.6,59.63158,3.269557747433308,board,walk
catwalk,2,cat+walk ratingcmp=31.7,31.704546,2.860035866211455,cat,walk
moonwalk,2,moon+walk ratingcmp=63.9,63.92857,2.810348082022347,moon,walk
skywalk,2,sky+walk ratingcmp=63.3,63.279999,2.1,sky,walk
sheepwalk,2,sheep+walk ratingcmp=36.2,36.240002,0.0,sheep,walk
ropewalk,2,rope+walk ratingcmp=74.8,74.758621,1.1,rope,walk
cakewalk,2,cake+walk ratingcmp=43.5,43.464287,2.634256822966666,cake,walk
crosswalk,2,cross+walk ratingcmp=79.3,79.344826,2.634256822966666,cross,walk
floorwalker,2,floor+walker ratingcmp=51.9,51.863636,2.136932182158717,floor,walker
sleepwalker,2,sleep+walker ratingcmp=92.3,92.333336,2.371015388192085,sleep,walker
ropewalker,2,rope+walker ratingcmp=81.5,81.5,0.0,rope,walker
nightwalker,2,night+walker ratingcmp=73.8,73.833336,1.990804146480479,night,walker
jaywalker,2,jay+walker ratingcmp=38.8,38.82143,1.893894133472422,jay,walker
shopwalker,2,shop+walker ratingcmp=57.0,57.0,0.0,shop,walker
spacewalker,2,space+walker ratingcmp=75.7,75.653847,1.11,space,walker
streetwalker,2,street+walker ratingcmp=81.5,81.516129,2.405777494451296,street,walker
floorwalkers,2,floor+walkers ratingcmp=58.3,58.347828,1.592864137808441,floor,walkers
streetwalkers,2,street+walkers ratingcmp=76.5,76.5,1.990804146480479,street,walkers
jaywalkers,2,jay+walkers ratingcmp=37.1,37.07143,1.54,jay,walkers
sleepwalkers,2,sleep+walkers ratingcmp=90.5,90.535713,1.990804146480479,sleep,walkers
sleepwalking,2,sleep+walking ratingcmp=92.0,91.964287,2.810348082022347,sleep,walking
sidewalks,2,side+walks ratingcmp=71.0,71.0,2.754232140043416,side,walks
boardwalks,2,board+walks ratingcmp=71.7,71.708336,1.592864137808441,board,walks
crosswalks,2,cross+walks ratingcmp=73.4,73.35714,1.768955396864122,cross,walks
catwalks,2,cat+walks ratingcmp=38.9,38.875,2.194924129136403,cat,walks
moonwalks,2,moon+walks ratingcmp=73.9,73.85714,1.47,moon,walks
cakewalks,2,cake+walks ratingcmp=40.1,40.136364,1.05,cake,walks
footwall,2,foot+wall ratingcmp=53.6,53.620689,1.29,foot,wall
seawall,2,sea+wall ratingcmp=60.9,60.886364,1.768955396864122,sea,wall
sidewall,2,side+wall ratingcmp=78.2,78.25,1.893894133472422,side,wall
firewall,2,fire+wall ratingcmp=48.5,48.5,3.040022169150661,fire,wall
drywall,2,dry+wall ratingcmp=54.9,54.891891,2.522283063522734,dry,wall
stonewalling,2,stone+walling ratingcmp=53.0,52.958332,2.136932182158717,stone,walling
drywalls,2,dry+walls ratingcmp=76.3,76.279999,0.0,dry,walls
firewalls,2,fire+walls ratingcmp=51.8,51.785713,2.405777494451296,fire,walls
seawalls,2,sea+walls ratingcmp=71.0,71.040001,1.81,sea,walls
sidewalls,2,side+walls ratingcmp=73.1,73.071426,1.990804146480479,side,walls
westward,2,west+ward ratingcmp=61.4,61.448277,2.689774150816497,west,ward
churchwarden,2,church+warden ratingcmp=73.8,73.758621,1.83,church,warden
churchwardens,2,church+wardens ratingcmp=64.8,64.839996,1.83,church,wardens
dishware,2,dish+ware ratingcmp=70.3,70.32,1.592864137808441,dish,ware
flatware,2,flat+ware ratingcmp=52.9,52.916668,2.522283063522734,flat,ware
chinaware,2,china+ware ratingcmp=44.4,44.4375,1.768955396864122,china,ware
cookware,2,cook+ware ratingcmp=73.5,73.464287,2.136932182158717,cook,ware
copperware,2,copper+ware ratingcmp=74.2,74.21212,0.0,copper,ware
ironware,2,iron+ware ratingcmp=69.2,69.161293,1.26,iron,ware
glassware,2,glass+ware ratingcmp=61.3,61.307693,2.194924129136403,glass,ware
kitchenware,2,kitchen+ware ratingcmp=71.5,71.480003,1.768955396864122,kitchen,ware
agateware,2,agate+ware ratingcmp=29.9,29.888889,0.0,agate,ware
firmware,2,firm+ware ratingcmp=37.1,37.136364,1.893894133472422,firm,ware
lusterware,2,luster+ware ratingcmp=46.1,46.07143,0.0,luster,ware
tableware,2,table+ware ratingcmp=50.1,50.076923,1.768955396864122,table,ware
freeware,2,free+ware ratingcmp=37.3,37.32,1.592864137808441,free,ware
willowware,2,willow+ware ratingcmp=35.8,35.76923,0.0,willow,ware
woodenware,2,wooden+ware ratingcmp=66.7,66.666664,0.0,wooden,ware
hardware,2,hard+ware ratingcmp=37.3,37.270271,3.83465956910364,hard,ware
crackleware,2,crackle+ware ratingcmp=42.1,42.083332,0.0,crackle,ware
tinware,2,tin+ware ratingcmp=65.7,65.678574,1.592864137808441,tin,ware
ovenware,2,oven+ware ratingcmp=65.9,65.931038,0.0,oven,ware
dinnerware,2,dinner+ware ratingcmp=66.3,66.3125,2.194924129136403,dinner,ware
earthenware,2,earthen+ware ratingcmp=46.5,46.5,2.52,earthen,ware
graniteware,2,granite+ware ratingcmp=52.7,52.666668,0.0,granite,ware
groupware,2,group+ware ratingcmp=44.5,44.541668,1.79,group,ware
metalware,2,metal+ware ratingcmp=68.4,68.428574,1.44,metal,ware
spyware,2,spy+ware ratingcmp=62.5,62.53846,1.990804146480479,spy,ware
hollowware,2,hollow+ware ratingcmp=45.3,45.260868,0.0,hollow,ware
clayware,2,clay+ware ratingcmp=52.1,52.119999,0.0,clay,ware
silverware,2,silver+ware ratingcmp=61.0,61.0,3.333226827302685,silver,ware
stoneware,2,stone+ware ratingcmp=46.2,46.224998,1.768955396864122,stone,ware
shareware,2,share+ware ratingcmp=36.7,36.733334,2.28,share,ware
enamelware,2,enamel+ware ratingcmp=48.3,48.324326,1.592864137808441,enamel,ware
software,2,soft+ware ratingcmp=31.8,31.846153,3.926311412305191,soft,ware
lacquerware,2,lacquer+ware ratingcmp=44.5,44.454544,1.66,lacquer,ware
cookwares,2,cook+wares ratingcmp=80.5,80.458336,0.0,cook,wares
housewarming,2,house+warming ratingcmp=56.5,56.53125,2.860035866211455,house,warming
worrywart,2,worry+wart ratingcmp=47.2,47.23077,2.069985392528103,worry,wart
worrywarts,2,worry+warts ratingcmp=47.2,47.17857,0.0,worry,warts
whitewash,2,white+wash ratingcmp=67.6,67.620689,2.823313059186715,white,wash
backwash,2,back+wash ratingcmp=61.6,61.566666,2.467925401200141,back,wash
mouthwash,2,mouth+wash ratingcmp=84.8,84.820511,2.990804146480479,mouth,wash
eyewash,2,eye+wash ratingcmp=86.4,86.351349,2.194924129136403,eye,wash
hogwash,2,hog+wash ratingcmp=28.5,28.486486,2.783195835978733,hog,wash
pigwash,2,pig+wash ratingcmp=62.9,62.892857,0.0,pig,wash
blackwash,2,black+wash ratingcmp=49.6,49.612904,0.0,black,wash
dishwasher,2,dish+washer ratingcmp=90.5,90.526314,3.30886748144324,dish,washer
dishwashers,2,dish+washers ratingcmp=93.5,93.548386,2.29183414214446,dish,washers
mouthwashes,2,mouth+washes ratingcmp=89.0,88.966667,1.53,mouth,washes
whitewashes,2,white+washes ratingcmp=62.7,62.655174,1.63,white,washes
dishwashing,2,dish+washing ratingcmp=90.5,90.535713,2.547106647247766,dish,washing
brainwashing,2,brain+washing ratingcmp=54.4,54.413792,2.87161773876127,brain,washing
deathwatch,2,death+watch ratingcmp=55.1,55.085712,2.437962177822698,death,watch
midwatch,2,mid+watch ratingcmp=51.6,51.607143,1.592864137808441,mid,watch
dogwatch,2,dog+watch ratingcmp=67.0,67.03846,1.592864137808441,dog,watch
wristwatch,2,wrist+watch ratingcmp=85.9,85.925003,3.069985392528104,wrist,watch
stopwatch,2,stop+watch ratingcmp=66.2,66.225807,2.87161773876127,stop,watch
portwatcher,2,port+watcher ratingcmp=71.4,71.433334,0.0,port,watcher
deathwatches,2,death+watches ratingcmp=45.7,45.740742,0.0,death,watches
stopwatches,2,stop+watches ratingcmp=78.5,78.5,1.768955396864122,stop,watches
wristwatches,2,wrist+watches ratingcmp=88.7,88.708336,2.069985392528103,wrist,watches
bilgewater,2,bilge+water ratingcmp=44.8,44.759998,1.990804146480479,bilge,water
rainwater,2,rain+water ratingcmp=88.1,88.099998,2.371015388192085,rain,water
meltwater,2,melt+water ratingcmp=60.3,60.285713,2.2,melt,water
breakwater,2,break+water ratingcmp=57.6,57.633335,2.069985392528103,break,water
shearwater,2,shear+water ratingcmp=33.1,33.080002,1.768955396864122,shear,water
blackwater,2,black+water ratingcmp=60.9,60.913044,3.02,black,water
saltwater,2,salt+water ratingcmp=92.2,92.171425,2.796984120464366,salt,water
highwater,2,high+water ratingcmp=87.6,87.645164,1.73,high,water
whitewater,2,white+water ratingcmp=65.7,65.692307,1.893894133472422,white,water
tidewater,2,tide+water ratingcmp=65.2,65.181816,2.29183414214446,tide,water
limewater,2,lime+water ratingcmp=69.8,69.833336,0.0,lime,water
seawater,2,sea+water ratingcmp=89.5,89.486488,2.672045383856066,sea,water
backwater,2,back+water ratingcmp=41.6,41.599998,2.796984120464366,back,water
freshwater,2,fresh+water ratingcmp=87.2,87.216217,2.848136642911747,fresh,water
dishwater,2,dish+water ratingcmp=76.0,75.974358,2.371015388192085,dish,water
headwater,2,head+water ratingcmp=37.4,37.439999,2.136932182158717,head,water
firewater,2,fire+water ratingcmp=38.9,38.918919,2.592864137808441,fire,water
wastewater,2,waste+water ratingcmp=88.5,88.451614,1.592864137808441,waste,water
backwaters,2,back+waters ratingcmp=52.2,52.190475,2.194924129136403,back,waters
breakwaters,2,break+waters ratingcmp=49.0,48.966667,1.97,break,waters
tidewaters,2,tide+waters ratingcmp=84.5,84.480003,0.0,tide,waters
airwave,2,air+wave ratingcmp=74.1,74.104164,1.592864137808441,air,wave
brainwave,2,brain+wave ratingcmp=61.2,61.23077,2.069985392528103,brain,wave
airwaves,2,air+waves ratingcmp=70.9,70.928574,2.738992173486679,air,waves
brainwaves,2,brain+waves ratingcmp=77.5,77.5,2.136932182158717,brain,waves
earwax,2,ear+wax ratingcmp=83.9,83.864868,2.29183414214446,ear,wax
beeswax,2,bees+wax ratingcmp=88.3,88.333336,2.672045383856066,bees,wax
woodwaxen,2,wood+waxen ratingcmp=41.6,41.57143,0.0,wood,waxen
woadwaxen,2,woad+waxen ratingcmp=45.2,45.208332,0.0,woad,waxen
walkway,2,walk+way ratingcmp=74.4,74.42308,2.592864137808441,walk,way
hatchway,2,hatch+way ratingcmp=44.6,44.615383,1.990804146480479,hatch,way
crossway,2,cross+way ratingcmp=69.9,69.884613,1.592864137808441,cross,way
raceway,2,race+way ratingcmp=83.1,83.133331,2.246076651583785,race,way
headway,2,head+way ratingcmp=38.0,37.954544,2.823313059186715,head,way
expressway,2,express+way ratingcmp=68.5,68.5,2.990804146480479,express,way
gateway,2,gate+way ratingcmp=66.1,66.099998,3.300434313906377,gate,way
roadway,2,road+way ratingcmp=81.9,81.897438,2.371015388192085,road,way
slipway,2,slip+way ratingcmp=52.6,52.607143,1.768955396864122,slip,way
companionway,2,companion+way ratingcmp=37.7,37.68,1.990804146480479,companion,way
speedway,2,speed+way ratingcmp=61.5,61.46154,2.783195835978733,speed,way
airway,2,air+way ratingcmp=73.3,73.285713,3.216113428206341,air,way
entranceway,2,entrance+way ratingcmp=79.7,79.724136,1.592864137808441,entrance,way
spillway,2,spill+way ratingcmp=58.8,58.8125,2.333226827302685,spill,way
slideway,2,slide+way ratingcmp=50.6,50.576923,0.0,slide,way
steerageway,2,steerage+way ratingcmp=38.0,38.0,1.592864137808441,steerage,way
greenway,2,green+way ratingcmp=58.1,58.060608,2.8,green,way
shipway,2,ship+way ratingcmp=61.9,61.916668,1.592864137808441,ship,way
entryway,2,entry+way ratingcmp=88.7,88.708336,2.246076651583785,entry,way
railway,2,rail+way ratingcmp=67.5,67.46154,3.20031916102311,rail,way
passageway,2,passage+way ratingcmp=80.8,80.849998,3.077163977155227,passage,way
ropeway,2,rope+way ratingcmp=58.4,58.380951,1.76,rope,way
runway,2,run+way ratingcmp=59.2,59.225807,3.738992173486679,run,way
pathway,2,path+way ratingcmp=79.1,79.114288,3.062686153786604,path,way
causeway,2,cause+way ratingcmp=45.0,45.033333,2.547106647247766,cause,way
midway,2,mid+way ratingcmp=74.8,74.846153,3.348738993480933,mid,way
throughway,2,through+way ratingcmp=65.9,65.85714,2.069985392528103,through,way
skyway,2,sky+way ratingcmp=64.0,64.033333,2.522283063522734,sky,way
driveway,2,drive+way ratingcmp=75.3,75.26667,3.82839258471599,drive,way
highway,2,high+way ratingcmp=48.6,48.594593,4.251828980472876,high,way
tramway,2,tram+way ratingcmp=68.9,68.900002,1.768955396864122,tram,way
archway,2,arch+way ratingcmp=57.2,57.153847,2.405777494451296,arch,way
leeway,2,lee+way ratingcmp=28.2,28.179487,2.754232140043416,lee,way
doorway,2,door+way ratingcmp=80.7,80.675003,3.509318086358366,door,way
stairway,2,stair+way ratingcmp=76.8,76.800003,3.205647994528177,stair,way
carriageway,2,carriage+way ratingcmp=62.6,62.642857,2.86,carriage,way
seaway,2,sea+way ratingcmp=55.3,55.307693,1.592864137808441,sea,way
motorway,2,motor+way ratingcmp=55.2,55.23077,2.194924129136403,motor,way
taxiway,2,taxi+way ratingcmp=66.3,66.333336,2.25,taxi,way
sluiceway,2,sluice+way ratingcmp=33.8,33.758621,0.0,sluice,way
flyway,2,fly+way ratingcmp=66.2,66.25,1.96,fly,way
tideway,2,tide+way ratingcmp=42.3,42.258064,1.65,tide,way
waterway,2,water+way ratingcmp=70.1,70.050003,2.136932182158717,water,way
freeway,2,free+way ratingcmp=43.0,43.025642,3.74362057766875,free,way
gangway,2,gang+way ratingcmp=33.9,33.945946,3.360020003890622,gang,way
ringway,2,ring+way ratingcmp=32.1,32.136364,1.31,ring,way
beltway,2,belt+way ratingcmp=31.6,31.641026,2.437962177822698,belt,way
hallway,2,hall+way ratingcmp=71.7,71.717949,3.98025396414717,hall,way
fairway,2,fair+way ratingcmp=38.3,38.307693,2.689774150816497,fair,way
areaway,2,area+way ratingcmp=48.3,48.333332,0.0,area,way
alleyway,2,alley+way ratingcmp=68.1,68.081078,2.904617998864195,alley,way
clearway,2,clear+way ratingcmp=65.0,65.041664,2.069985392528103,clear,way
parkway,2,park+way ratingcmp=72.3,72.285713,3.024227901967429,park,way
seaways,2,sea+ways ratingcmp=64.9,64.9375,1.592864137808441,sea,ways
gangways,2,gang+ways ratingcmp=36.4,36.375,1.592864137808441,gang,ways
carriageways,2,carriage+ways ratingcmp=57.1,57.133335,1.94,carriage,ways
clearways,2,clear+ways ratingcmp=67.3,67.333336,1.592864137808441,clear,ways
spillways,2,spill+ways ratingcmp=56.0,55.966667,1.75,spill,ways
speedways,2,speed+ways ratingcmp=73.7,73.727272,1.45,speed,ways
raceways,2,race+ways ratingcmp=83.3,83.279999,1.69,race,ways
hallways,2,hall+ways ratingcmp=76.3,76.275864,2.935286818630647,hall,ways
companionways,2,companion+ways ratingcmp=52.8,52.766666,0.0,companion,ways
gateways,2,gate+ways ratingcmp=80.0,80.034485,2.29183414214446,gate,ways
driveways,2,drive+ways ratingcmp=65.5,65.5,2.29183414214446,drive,ways
runways,2,run+ways ratingcmp=55.3,55.310345,2.547106647247766,run,ways
expressways,2,express+ways ratingcmp=71.0,70.964287,1.768955396864122,express,ways
taxiways,2,taxi+ways ratingcmp=58.3,58.32,1.84,taxi,ways
slipways,2,slip+ways ratingcmp=51.9,51.851852,1.62,slip,ways
highways,2,high+ways ratingcmp=59.2,59.241379,3.136932182158717,high,ways
flyways,2,fly+ways ratingcmp=56.9,56.933334,1.31,fly,ways
roadways,2,road+ways ratingcmp=82.1,82.068962,2.069985392528103,road,ways
stairways,2,stair+ways ratingcmp=74.7,74.71875,1.990804146480479,stair,ways
beltways,2,belt+ways ratingcmp=42.2,42.16,0.0,belt,ways
railways,2,rail+ways ratingcmp=73.9,73.933334,2.437962177822698,rail,ways
motorways,2,motor+ways ratingcmp=65.5,65.5,1.990804146480479,motor,ways
midways,2,mid+ways ratingcmp=80.0,80.0,0.0,mid,ways
hatchways,2,hatch+ways ratingcmp=63.1,63.095238,1.02,hatch,ways
tramways,2,tram+ways ratingcmp=57.5,57.53846,1.592864137808441,tram,ways
longways,2,long+ways ratingcmp=71.8,71.833336,1.893894133472422,long,ways
causeways,2,cause+ways ratingcmp=34.6,34.560001,1.95,cause,ways
doorways,2,door+ways ratingcmp=78.1,78.066666,2.893894133472422,door,ways
entryways,2,entry+ways ratingcmp=78.6,78.555557,1.893894133472422,entry,ways
airways,2,air+ways ratingcmp=84.6,84.586205,2.954591973826034,air,ways
tideways,2,tide+ways ratingcmp=48.1,48.074074,0.0,tide,ways
pathways,2,path+ways ratingcmp=87.1,87.125,2.754232140043416,path,ways
waterways,2,water+ways ratingcmp=82.4,82.379311,2.371015388192085,water,ways
archways,2,arch+ways ratingcmp=66.0,66.0,2.09,arch,ways
walkways,2,walk+ways ratingcmp=80.6,80.599998,1.893894133472422,walk,ways
freeways,2,free+ways ratingcmp=57.2,57.214287,2.810348082022347,free,ways
parkways,2,park+ways ratingcmp=66.0,65.966667,2.05,park,ways
alleyways,2,alley+ways ratingcmp=68.2,68.23333,2.246076651583785,alley,ways
fairways,2,fair+ways ratingcmp=45.8,45.827587,1.768955396864122,fair,ways
passageways,2,passage+ways ratingcmp=81.2,81.214287,2.405777494451296,passage,ways
commonweal,2,common+weal ratingcmp=37.4,37.444443,1.86,common,weal
commonwealth,2,common+wealth ratingcmp=56.0,56.0,3.824588521136958,common,wealth
activewear,2,active+wear ratingcmp=86.2,86.222221,2.09,active,wear
swimwear,2,swim+wear ratingcmp=96.3,96.346153,2.29183414214446,swim,wear
handwear,2,hand+wear ratingcmp=76.9,76.916664,0.0,hand,wear
knitwear,2,knit+wear ratingcmp=85.6,85.566666,2.56,knit,wear
workwear,2,work+wear ratingcmp=87.9,87.909088,2.31,work,wear
neckwear,2,neck+wear ratingcmp=80.1,80.052635,1.768955396864122,neck,wear
beachwear,2,beach+wear ratingcmp=82.3,82.324326,1.768955396864122,beach,wear
eveningwear,2,evening+wear ratingcmp=94.4,94.40741,1.55,evening,wear
loungewear,2,lounge+wear ratingcmp=72.6,72.586205,1.78,lounge,wear
sportswear,2,sports+wear ratingcmp=90.3,90.346153,2.592864137808441,sports,wear
nightwear,2,night+wear ratingcmp=86.4,86.4375,1.768955396864122,night,wear
formalwear,2,formal+wear ratingcmp=90.7,90.727272,1.64,formal,wear
footwear,2,foot+wear ratingcmp=84.2,84.159088,2.904617998864195,foot,wear
outerwear,2,outer+wear ratingcmp=88.5,88.535713,1.592864137808441,outer,wear
sleepwear,2,sleep+wear ratingcmp=84.6,84.57692,1.592864137808441,sleep,wear
basketweaver,2,basket+weaver ratingcmp=85.9,85.870964,0.0,basket,weaver
hairweaving,2,hair+weaving ratingcmp=87.3,87.269234,0.0,hair,weaving
cobweb,2,cob+web ratingcmp=44.8,44.76923,2.333226827302685,cob,web
cobwebs,2,cob+webs ratingcmp=48.2,48.241379,2.848136642911747,cob,webs
newlywed,2,newly+wed ratingcmp=90.8,90.78125,2.653561978162053,newly,wed
newlyweds,2,newly+weds ratingcmp=90.1,90.099998,3.16689540553616,newly,weds
brookweed,2,brook+weed ratingcmp=52.5,52.533333,0.0,brook,weed
ironweed,2,iron+weed ratingcmp=43.4,43.375,1.592864137808441,iron,weed
fireweed,2,fire+weed ratingcmp=37.9,37.857143,1.592864137808441,fire,weed
pickerelweed,2,pickerel+weed ratingcmp=47.0,46.965519,0.0,pickerel,weed
ragweed,2,rag+weed ratingcmp=43.9,43.923077,2.246076651583785,rag,weed
wartweed,2,wart+weed ratingcmp=44.9,44.862068,0.0,wart,weed
clearweed,2,clear+weed ratingcmp=43.9,43.851852,0.0,clear,weed
mayweed,2,may+weed ratingcmp=48.3,48.299999,0.0,may,weed
rosinweed,2,rosin+weed ratingcmp=28.3,28.280001,0.0,rosin,weed
hogweed,2,hog+weed ratingcmp=38.1,38.125,1.6,hog,weed
hawkweed,2,hawk+weed ratingcmp=37.2,37.240002,1.21,hawk,weed
pokeweed,2,poke+weed ratingcmp=41.7,41.666668,1.45,poke,weed
cudweed,2,cud+weed ratingcmp=40.1,40.076923,0.0,cud,weed
nitweed,2,nit+weed ratingcmp=36.1,36.133335,0.0,nit,weed
pigweed,2,pig+weed ratingcmp=34.8,34.759998,1.4,pig,weed
pondweed,2,pond+weed ratingcmp=65.7,65.68,1.41,pond,weed
bugleweed,2,bugle+weed ratingcmp=41.9,41.903225,0.0,bugle,weed
cancerweed,2,cancer+weed ratingcmp=36.8,36.777779,0.0,cancer,weed
tarweed,2,tar+weed ratingcmp=35.1,35.115383,0.0,tar,weed
richweed,2,rich+weed ratingcmp=33.8,33.84,0.0,rich,weed
cottonweed,2,cotton+weed ratingcmp=58.8,58.807693,0.0,cotton,weed
gravelweed,2,gravel+weed ratingcmp=49.0,49.0,0.0,gravel,weed
rockweed,2,rock+weed ratingcmp=48.0,48.0,0.0,rock,weed
beggarweed,2,beggar+weed ratingcmp=33.9,33.888889,0.0,beggar,weed
stickweed,2,stick+weed ratingcmp=55.5,55.5,0.0,stick,weed
candyweed,2,candy+weed ratingcmp=38.6,38.560001,0.0,candy,weed
duckweed,2,duck+weed ratingcmp=28.6,28.641026,1.592864137808441,duck,weed
catchweed,2,catch+weed ratingcmp=34.6,34.639999,0.0,catch,weed
bindweed,2,bind+weed ratingcmp=36.4,36.357143,1.68,bind,weed
frostweed,2,frost+weed ratingcmp=52.9,52.875,0.0,frost,weed
stinkweed,2,stink+weed ratingcmp=73.7,73.666664,2.136932182158717,stink,weed
gumweed,2,gum+weed ratingcmp=46.4,46.357143,0.0,gum,weed
silverweed,2,silver+weed ratingcmp=51.9,51.931034,0.0,silver,weed
carpetweed,2,carpet+weed ratingcmp=37.1,37.115383,0.0,carpet,weed
sneezeweed,2,sneeze+weed ratingcmp=41.2,41.200001,0.0,sneeze,weed
bitterweed,2,bitter+weed ratingcmp=69.4,69.379311,0.0,bitter,weed
crazyweed,2,crazy+weed ratingcmp=52.0,52.0,0.0,crazy,weed
chickweed,2,chick+weed ratingcmp=31.7,31.700001,1.592864137808441,chick,weed
pearlweed,2,pearl+weed ratingcmp=49.3,49.299999,0.0,pearl,weed
beetleweed,2,beetle+weed ratingcmp=37.9,37.888889,0.0,beetle,weed
fanweed,2,fan+weed ratingcmp=49.9,49.862068,0.0,fan,weed
rabbitweed,2,rabbit+weed ratingcmp=46.0,45.966667,0.0,rabbit,weed
chaffweed,2,chaff+weed ratingcmp=39.0,39.0,0.0,chaff,weed
butterweed,2,butter+weed ratingcmp=47.1,47.142857,0.0,butter,weed
silkweed,2,silk+weed ratingcmp=57.7,57.655174,0.0,silk,weed
horseweed,2,horse+weed ratingcmp=53.2,53.225807,0.0,horse,weed
scorpionweed,2,scorpion+weed ratingcmp=46.4,46.433334,0.0,scorpion,weed
soapweed,2,soap+weed ratingcmp=35.2,35.208332,0.0,soap,weed
thimbleweed,2,thimble+weed ratingcmp=57.5,57.5,1.04,thimble,weed
waterweed,2,water+weed ratingcmp=75.7,75.666664,0.0,water,weed
camphorweed,2,camphor+weed ratingcmp=31.8,31.799999,0.0,camphor,weed
skunkweed,2,skunk+weed ratingcmp=66.6,66.625,0.0,skunk,weed
chafeweed,2,chafe+weed ratingcmp=44.0,44.0,0.0,chafe,weed
dyeweed,2,dye+weed ratingcmp=42.8,42.833332,0.0,dye,weed
gulfweed,2,gulf+weed ratingcmp=56.0,56.03846,0.0,gulf,weed
matchweed,2,match+weed ratingcmp=32.8,32.846153,0.0,match,weed
tickweed,2,tick+weed ratingcmp=41.5,41.533333,0.0,tick,weed
jewelweed,2,jewel+weed ratingcmp=33.8,33.785713,1.08,jewel,weed
snakeweed,2,snake+weed ratingcmp=53.5,53.5,1.1,snake,weed
markweed,2,mark+weed ratingcmp=36.5,36.454544,0.0,mark,weed
seaweed,2,sea+weed ratingcmp=84.7,84.657898,3.241224148789373,sea,weed
locoweed,2,loco+weed ratingcmp=30.3,30.321428,1.768955396864122,loco,weed
broomweed,2,broom+weed ratingcmp=41.6,41.590908,0.0,broom,weed
milkweed,2,milk+weed ratingcmp=28.2,28.225,1.592864137808441,milk,weed
pineweed,2,pine+weed ratingcmp=70.4,70.380951,0.0,pine,weed
greenweed,2,green+weed ratingcmp=64.9,64.916664,0.0,green,weed
gypsyweed,2,gypsy+weed ratingcmp=42.0,41.962963,0.0,gypsy,weed
tumbleweed,2,tumble+weed ratingcmp=77.5,77.517242,2.653561978162053,tumble,weed
blueweed,2,blue+weed ratingcmp=58.7,58.733334,0.0,blue,weed
capeweed,2,cape+weed ratingcmp=43.4,43.416668,0.0,cape,weed
vinegarweed,2,vinegar+weed ratingcmp=53.7,53.733334,0.0,vinegar,weed
cankerweed,2,canker+weed ratingcmp=31.0,31.0,0.0,canker,weed
agueweed,2,ague+weed ratingcmp=38.5,38.545456,0.0,ague,weed
velvetweed,2,velvet+weed ratingcmp=43.9,43.875,0.0,velvet,weed
tumbleweeds,2,tumble+weeds ratingcmp=77.6,77.590912,2.069985392528103,tumble,weeds
milkweeds,2,milk+weeds ratingcmp=48.5,48.5,1.3,milk,weeds
locoweeds,2,loco+weeds ratingcmp=35.8,35.807693,0.0,loco,weeds
seaweeds,2,sea+weeds ratingcmp=92.4,92.354164,2.23,sea,weeds
workweek,2,work+week ratingcmp=85.3,85.291664,1.893894133472422,work,week
midweek,2,mid+week ratingcmp=85.6,85.555557,2.136932182158717,mid,week
midweeks,2,mid+weeks ratingcmp=79.5,79.484848,0.0,mid,weeks
workweeks,2,work+weeks ratingcmp=75.6,75.586205,1.62,work,weeks
cruiserweight,2,cruiser+weight ratingcmp=42.0,42.0,2.5,cruiser,weight
bantamweight,2,bantam+weight ratingcmp=31.7,31.675676,1.893894133472422,bantam,weight
lightweight,2,light+weight ratingcmp=68.8,68.769234,3.069985392528104,light,weight
middleweight,2,middle+weight ratingcmp=72.5,72.46154,2.935286818630647,middle,weight
flyweight,2,fly+weight ratingcmp=37.0,37.0,1.893894133472422,fly,weight
featherweight,2,feather+weight ratingcmp=63.5,63.5,2.194924129136403,feather,weight
pennyweight,2,penny+weight ratingcmp=47.0,47.0,1.768955396864122,penny,weight
paperweight,2,paper+weight ratingcmp=65.9,65.945946,2.634256822966666,paper,weight
hundredweight,2,hundred+weight ratingcmp=44.2,44.224998,1.592864137808441,hundred,weight
makeweight,2,make+weight ratingcmp=52.0,52.0,1.2,make,weight
welterweight,2,welter+weight ratingcmp=38.6,38.594593,2.570587743097289,welter,weight
heavyweight,2,heavy+weight ratingcmp=77.4,77.435898,3.544687173124353,heavy,weight
welterweights,2,welter+weights ratingcmp=46.4,46.416668,1.52,welter,weights
bantamweights,2,bantam+weights ratingcmp=44.2,44.166668,1.06,bantam,weights
heavyweights,2,heavy+weights ratingcmp=82.5,82.5,2.371015388192085,heavy,weights
pennyweights,2,penny+weights ratingcmp=47.1,47.148148,0.0,penny,weights
paperweights,2,paper+weights ratingcmp=74.4,74.35714,2.371015388192085,paper,weights
hundredweights,2,hundred+weights ratingcmp=56.8,56.785713,0.0,hundred,weights
makeweights,2,make+weights ratingcmp=41.2,41.166668,0.0,make,weights
middleweights,2,middle+weights ratingcmp=66.6,66.583336,1.69,middle,weights
lightweights,2,light+weights ratingcmp=61.0,61.045456,1.768955396864122,light,weights
flyweights,2,fly+weights ratingcmp=45.2,45.229168,1.31,fly,weights
featherweights,2,feather+weights ratingcmp=47.9,47.92857,1.768955396864122,feather,weights
wasteweir,2,waste+weir ratingcmp=32.5,32.46154,0.0,waste,weir
inkwell,2,ink+well ratingcmp=52.7,52.666668,2.437962177822698,ink,well
speedwell,2,speed+well ratingcmp=33.0,32.954544,1.91,speed,well
stairwell,2,stair+well ratingcmp=51.8,51.783783,3.329260640085084,stair,well
inkwells,2,ink+wells ratingcmp=58.7,58.703705,1.592864137808441,ink,wells
farewells,2,fare+wells ratingcmp=50.0,49.958332,2.333226827302685,fare,wells
stairwells,2,stair+wells ratingcmp=59.3,59.275864,2.522283063522734,stair,wells
oldwench,2,old+wench ratingcmp=65.6,65.566666,0.0,old,wench
northwest,2,north+west ratingcmp=92.6,92.633331,3.603588003200214,north,west
southwest,2,south+west ratingcmp=92.0,92.026314,3.53734680995861,south,west
southwester,2,south+wester ratingcmp=71.8,71.785713,2.069985392528103,south,wester
bellwether,2,bell+wether ratingcmp=34.1,34.107143,2.29183414214446,bell,wether
bedwetter,2,bed+wetter ratingcmp=78.3,78.26667,1.35,bed,wetter
bushwhacker,2,bush+whacker ratingcmp=71.2,71.181816,1.768955396864122,bush,whacker
bushwhackers,2,bush+whackers ratingcmp=64.5,64.545456,1.592864137808441,bush,whackers
buckwheat,2,buck+wheat ratingcmp=35.0,34.974358,2.689774150816497,buck,wheat
nosewheel,2,nose+wheel ratingcmp=48.0,48.0,1.27,nose,wheel
cogwheel,2,cog+wheel ratingcmp=54.1,54.136364,1.768955396864122,cog,wheel
cartwheel,2,cart+wheel ratingcmp=45.7,45.674999,2.495954124800384,cart,wheel
freewheel,2,free+wheel ratingcmp=50.6,50.620689,1.96,free,wheel
treadwheel,2,tread+wheel ratingcmp=59.6,59.599998,0.0,tread,wheel
pinwheel,2,pin+wheel ratingcmp=52.1,52.078949,2.194924129136403,pin,wheel
waterwheel,2,water+wheel ratingcmp=63.0,62.974358,1.592864137808441,water,wheel
handwheel,2,hand+wheel ratingcmp=62.0,62.035713,1.39,hand,wheel
flywheel,2,fly+wheel ratingcmp=39.2,39.171429,2.689774150816497,fly,wheel
millwheel,2,mill+wheel ratingcmp=63.4,63.413792,0.0,mill,wheel
paddlewheel,2,paddle+wheel ratingcmp=70.3,70.26667,1.5,paddle,wheel
freewheeler,2,free+wheeler ratingcmp=51.0,51.03846,0.0,free,wheeler
sternwheeler,2,stern+wheeler ratingcmp=41.7,41.740742,0.0,stern,wheeler
freewheelers,2,free+wheelers ratingcmp=66.1,66.137932,1.08,free,wheelers
flywheels,2,fly+wheels ratingcmp=48.4,48.407406,2.03,fly,wheels
freewheels,2,free+wheels ratingcmp=43.9,43.857143,1.06,free,wheels
waterwheels,2,water+wheels ratingcmp=62.7,62.740742,1.42,water,wheels
cogwheels,2,cog+wheels ratingcmp=38.1,38.090908,1.17,cog,wheels
cartwheels,2,cart+wheels ratingcmp=38.2,38.172413,2.689774150816497,cart,wheels
pinwheels,2,pin+wheels ratingcmp=58.3,58.291668,2.069985392528103,pin,wheels
somewhere,2,some+where ratingcmp=58.6,58.620689,5.046870075912231,some,where
meanwhile,2,mean+while ratingcmp=41.8,41.775002,4.201924687738528,mean,while
coachwhip,2,coach+whip ratingcmp=38.4,38.423077,0.0,coach,whip
horsewhip,2,horse+whip ratingcmp=75.5,75.513512,2.371015388192085,horse,whip
horsewhipping,2,horse+whipping ratingcmp=52.5,52.464287,1.768955396864122,horse,whipping
horsewhips,2,horse+whips ratingcmp=73.0,73.0,0.0,horse,whips
eggwhisk,2,egg+whisk ratingcmp=86.1,86.115387,0.0,egg,whisk
pennywhistle,2,penny+whistle ratingcmp=44.4,44.379311,0.0,penny,whistle
bobwhite,2,bob+white ratingcmp=27.0,26.959999,2.069985392528103,bob,white
lintwhite,2,lint+white ratingcmp=45.2,45.206898,0.0,lint,white
candlewick,2,candle+wick ratingcmp=78.5,78.483871,1.71,candle,wick
cottonwick,2,cotton+wick ratingcmp=62.3,62.258064,0.0,cotton,wick
candlewicks,2,candle+wicks ratingcmp=81.0,81.045456,0.0,candle,wicks
bandwidth,2,band+width ratingcmp=53.0,53.0,2.706807490115278,band,width
bandwidths,2,band+widths ratingcmp=34.5,34.541668,1.98,band,widths
fishwife,2,fish+wife ratingcmp=29.1,29.120001,2.194924129136403,fish,wife
alewife,2,ale+wife ratingcmp=41.3,41.266666,1.81,ale,wife
puddingwife,2,pudding+wife ratingcmp=38.0,38.0,0.0,pudding,wife
housewife,2,house+wife ratingcmp=82.6,82.564102,3.549512717013644,house,wife
oldwife,2,old+wife ratingcmp=70.8,70.758621,0.0,old,wife
midwife,2,mid+wife ratingcmp=43.8,43.75,2.768955396864123,mid,wife
bigwig,2,big+wig ratingcmp=40.2,40.25,2.333226827302685,big,wig
earwig,2,ear+wig ratingcmp=40.1,40.148148,2.069985392528103,ear,wig
bigwigs,2,big+wigs ratingcmp=44.6,44.619049,2.29183414214446,big,wigs
earwigs,2,ear+wigs ratingcmp=34.6,34.555557,1.592864137808441,ear,wigs
poorwill,2,poor+will ratingcmp=68.6,68.586205,0.0,poor,will
goodwill,2,good+will ratingcmp=65.3,65.256409,3.517143423870323,good,will
crosswind,2,cross+wind ratingcmp=73.8,73.75,2.194924129136403,cross,wind
headwind,2,head+wind ratingcmp=53.7,53.724998,2.136932182158717,head,wind
whirlwind,2,whirl+wind ratingcmp=67.5,67.513512,2.990804146480479,whirl,wind
tailwind,2,tail+wind ratingcmp=55.8,55.799999,2.136932182158717,tail,wind
woodwind,2,wood+wind ratingcmp=33.4,33.409092,2.495954124800384,wood,wind
sidewinder,2,side+winder ratingcmp=41.8,41.793102,2.91508343254236,side,winder
sidewinders,2,side+winders ratingcmp=42.7,42.692307,1.893894133472422,side,winders
shopwindow,2,shop+window ratingcmp=86.6,86.633331,0.0,shop,window
crosswinds,2,cross+winds ratingcmp=66.1,66.083336,2.069985392528103,cross,winds
whirlwinds,2,whirl+winds ratingcmp=79.6,79.555557,1.592864137808441,whirl,winds
headwinds,2,head+winds ratingcmp=51.2,51.17857,2.194924129136403,head,winds
tailwinds,2,tail+winds ratingcmp=67.9,67.884613,2.246076651583785,tail,winds
woodwinds,2,wood+winds ratingcmp=56.5,56.5,2.25,wood,winds
batwing,2,bat+wing ratingcmp=77.4,77.428574,1.768955396864122,bat,wing
waxwing,2,wax+wing ratingcmp=33.6,33.599998,1.592864137808441,wax,wing
anglewing,2,angle+wing ratingcmp=38.8,38.75,0.0,angle,wing
bitewing,2,bite+wing ratingcmp=35.5,35.533333,0.0,bite,wing
lacewing,2,lace+wing ratingcmp=37.1,37.099998,1.54,lace,wing
redwing,2,red+wing ratingcmp=73.7,73.709679,2.01,red,wing
lapwing,2,lap+wing ratingcmp=29.4,29.363636,1.592864137808441,lap,wing
greenwing,2,green+wing ratingcmp=50.1,50.07143,0.0,green,wing
bluewing,2,blue+wing ratingcmp=58.7,58.739132,0.0,blue,wing
waxwings,2,wax+wings ratingcmp=51.4,51.392857,1.72,wax,wings
gaywings,2,gay+wings ratingcmp=26.9,26.875,0.0,gay,wings
lapwings,2,lap+wings ratingcmp=24.6,24.555555,1.6,lap,wings
lacewings,2,lace+wings ratingcmp=47.9,47.870968,1.34,lace,wings
breadwinner,2,bread+winner ratingcmp=33.5,33.512821,2.522283063522734,bread,winner
breadwinners,2,bread+winners ratingcmp=33.8,33.785713,1.592864137808441,bread,winners
midwinter,2,mid+winter ratingcmp=84.0,84.035713,1.768955396864122,mid,winter
haywire,2,hay+wire ratingcmp=31.4,31.384615,3.104747498787316,hay,wire
barbwire,2,barb+wire ratingcmp=75.4,75.428574,1.768955396864122,barb,wire
dimwit,2,dim+wit ratingcmp=61.7,61.666668,2.882898749170959,dim,wit
nitwit,2,nit+wit ratingcmp=36.3,36.285713,3.091174691598042,nit,wit
wherewithal,2,where+withal ratingcmp=32.8,32.78125,2.194924129136403,where,withal
eyewitness,2,eye+witness ratingcmp=73.5,73.457146,3.599330180057673,eye,witness
eyewitnesses,2,eye+witnesses ratingcmp=79.5,79.458336,3.062686153786604,eye,witnesses
dimwits,2,dim+wits ratingcmp=74.9,74.9375,2.136932182158717,dim,wits
nitwits,2,nit+wits ratingcmp=38.4,38.392857,2.437962177822698,nit,wits
fishwives,2,fish+wives ratingcmp=34.7,34.666668,1.592864137808441,fish,wives
housewives,2,house+wives ratingcmp=90.2,90.241379,3.348738993480933,house,wives
alewives,2,ale+wives ratingcmp=38.9,38.933334,1.26,ale,wives
midwives,2,mid+wives ratingcmp=42.5,42.464287,2.246076651583785,mid,wives
werewolf,2,were+wolf ratingcmp=46.7,46.655174,3.649768989144914,were,wolf
werewolves,2,were+wolves ratingcmp=39.9,39.904762,3.18392874483494,were,wolves
bondwoman,2,bond+woman ratingcmp=50.3,50.291668,1.1,bond,woman
congresswoman,2,congress+woman ratingcmp=71.9,71.948715,2.522283063522734,congress,woman
spokeswoman,2,spokes+woman ratingcmp=59.6,59.566666,1.893894133472422,spokes,woman
frontierswoman,2,frontiers+woman ratingcmp=70.5,70.484848,0.0,frontiers,woman
stateswoman,2,states+woman ratingcmp=62.3,62.260868,1.26,states,woman
jurywoman,2,jury+woman ratingcmp=84.4,84.448273,0.0,jury,woman
oarswoman,2,oars+woman ratingcmp=55.8,55.838711,0.0,oars,woman
clanswoman,2,clans+woman ratingcmp=73.0,73.041664,0.0,clans,woman
businesswoman,2,business+woman ratingcmp=85.1,85.074997,2.706807490115278,business,woman
counterwoman,2,counter+woman ratingcmp=65.0,64.966667,0.0,counter,woman
airwoman,2,air+woman ratingcmp=49.6,49.639999,0.0,air,woman
beggarwoman,2,beggar+woman ratingcmp=89.6,89.566666,0.0,beggar,woman
newswoman,2,news+woman ratingcmp=85.9,85.89286,2.246076651583785,news,woman
freewoman,2,free+woman ratingcmp=76.1,76.060608,1.08,free,woman
outdoorswoman,2,outdoors+woman ratingcmp=80.1,80.133331,0.0,outdoors,woman
bondswoman,2,bonds+woman ratingcmp=51.2,51.153847,0.0,bonds,woman
committeewoman,2,committee+woman ratingcmp=70.5,70.46154,1.768955396864122,committee,woman
kinswoman,2,kins+woman ratingcmp=57.8,57.799999,1.592864137808441,kins,woman
chairwoman,2,chair+woman ratingcmp=42.0,42.0,2.333226827302685,chair,woman
councilwoman,2,council+woman ratingcmp=87.3,87.300003,2.194924129136403,council,woman
freedwoman,2,freed+woman ratingcmp=45.8,45.785713,0.0,freed,woman
saleswoman,2,sales+woman ratingcmp=91.4,91.366669,2.495954124800384,sales,woman
countrywoman,2,country+woman ratingcmp=77.6,77.61364,2.069985392528103,country,woman
sportswoman,2,sports+woman ratingcmp=84.6,84.571426,1.768955396864122,sports,woman
madwoman,2,mad+woman ratingcmp=68.8,68.849998,2.592864137808441,mad,woman
washerwoman,2,washer+woman ratingcmp=67.3,67.285713,2.136932182158717,washer,woman
newspaperwoman,2,newspaper+woman ratingcmp=77.1,77.148148,2.246076651583785,newspaper,woman
selectwoman,2,select+woman ratingcmp=58.4,58.366665,0.0,select,woman
yachtswoman,2,yachts+woman ratingcmp=66.3,66.290321,1.06,yachts,woman
laundrywoman,2,laundry+woman ratingcmp=85.4,85.428574,1.592864137808441,laundry,woman
charwoman,2,char+woman ratingcmp=37.3,37.285713,2.136932182158717,char,woman
gentlewoman,2,gentle+woman ratingcmp=71.6,71.578949,2.246076651583785,gentle,woman
noblewoman,2,noble+woman ratingcmp=83.0,83.035713,1.768955396864122,noble,woman
horsewoman,2,horse+woman ratingcmp=48.5,48.464287,1.592864137808441,horse,woman
vestrywoman,2,vestry+woman ratingcmp=52.0,51.967743,0.0,vestry,woman
assemblywoman,2,assembly+woman ratingcmp=68.8,68.818184,2.14,assembly,woman
washwoman,2,wash+woman ratingcmp=63.6,63.599998,1.592864137808441,wash,woman
policewoman,2,police+woman ratingcmp=90.9,90.918922,2.672045383856066,police,woman
needlewoman,2,needle+woman ratingcmp=65.7,65.73333,1.06,needle,woman
policewomen,2,police+women ratingcmp=92.6,92.608696,1.592864137808441,police,women
stateswomen,2,states+women ratingcmp=51.8,51.84,0.0,states,women
washerwomen,2,washer+women ratingcmp=82.9,82.85714,1.768955396864122,washer,women
oarswomen,2,oars+women ratingcmp=57.8,57.833332,0.0,oars,women
horsewomen,2,horse+women ratingcmp=75.9,75.870964,1.58,horse,women
laundrywomen,2,laundry+women ratingcmp=80.7,80.666664,0.0,laundry,women
yachtswomen,2,yachts+women ratingcmp=61.8,61.78788,0.0,yachts,women
airwomen,2,air+women ratingcmp=64.5,64.476189,0.0,air,women
saleswomen,2,sales+women ratingcmp=91.0,91.041664,1.768955396864122,sales,women
congresswomen,2,congress+women ratingcmp=92.1,92.064514,1.72,congress,women
chairwomen,2,chair+women ratingcmp=61.3,61.333332,0.0,chair,women
noblewomen,2,noble+women ratingcmp=82.2,82.181816,1.52,noble,women
newspaperwomen,2,newspaper+women ratingcmp=78.2,78.214287,0.0,newspaper,women
gentlewomen,2,gentle+women ratingcmp=66.6,66.555557,1.893894133472422,gentle,women
charwomen,2,char+women ratingcmp=37.5,37.464287,0.0,char,women
madwomen,2,mad+women ratingcmp=79.7,79.666664,1.01,mad,women
spokeswomen,2,spokes+women ratingcmp=70.8,70.821426,1.23,spokes,women
sportswomen,2,sports+women ratingcmp=89.0,89.032257,1.87,sports,women
needlewomen,2,needle+women ratingcmp=59.3,59.285713,0.0,needle,women
newswomen,2,news+women ratingcmp=91.0,91.034485,0.0,news,women
assemblywomen,2,assembly+women ratingcmp=74.2,74.181816,0.0,assembly,women
businesswomen,2,business+women ratingcmp=90.1,90.071426,2.333226827302685,business,women
councilwomen,2,council+women ratingcmp=91.3,91.259262,0.0,council,women
clanswomen,2,clans+women ratingcmp=72.2,72.166664,0.0,clans,women
kinswomen,2,kins+women ratingcmp=62.9,62.909092,0.0,kins,women
countrywomen,2,country+women ratingcmp=69.9,69.919998,1.592864137808441,country,women
committeewomen,2,committee+women ratingcmp=65.8,65.821426,0.0,committee,women
bondwomen,2,bond+women ratingcmp=45.8,45.761906,0.0,bond,women
jurywomen,2,jury+women ratingcmp=89.3,89.259262,0.0,jury,women
kingwood,2,king+wood ratingcmp=45.4,45.400002,2.12,king,wood
matchwood,2,match+wood ratingcmp=50.2,50.228573,1.592864137808441,match,wood
cottonwood,2,cotton+wood ratingcmp=53.8,53.846153,2.495954124800384,cotton,wood
coralwood,2,coral+wood ratingcmp=41.7,41.733334,0.0,coral,wood
brushwood,2,brush+wood ratingcmp=43.7,43.675674,1.592864137808441,brush,wood
teakwood,2,teak+wood ratingcmp=50.6,50.583332,1.592864137808441,teak,wood
peckerwood,2,pecker+wood ratingcmp=42.4,42.357143,2.592864137808441,pecker,wood
applewood,2,apple+wood ratingcmp=57.9,57.919998,1.768955396864122,apple,wood
corkwood,2,cork+wood ratingcmp=61.6,61.560001,0.0,cork,wood
muskwood,2,musk+wood ratingcmp=61.7,61.655174,0.0,musk,wood
yellowwood,2,yellow+wood ratingcmp=63.2,63.166668,1.2,yellow,wood
rabbitwood,2,rabbit+wood ratingcmp=43.2,43.25,0.0,rabbit,wood
leatherwood,2,leather+wood ratingcmp=55.2,55.241379,1.75,leather,wood
beefwood,2,beef+wood ratingcmp=28.4,28.4,0.0,beef,wood
dyewood,2,dye+wood ratingcmp=50.8,50.833332,0.0,dye,wood
lacewood,2,lace+wood ratingcmp=43.4,43.39394,0.0,lace,wood
silkwood,2,silk+wood ratingcmp=55.4,55.357143,2.069985392528103,silk,wood
briarwood,2,briar+wood ratingcmp=44.3,44.32,1.768955396864122,briar,wood
logwood,2,log+wood ratingcmp=63.8,63.84,1.990804146480479,log,wood
blackwood,2,black+wood ratingcmp=61.4,61.439999,1.990804146480479,black,wood
snakewood,2,snake+wood ratingcmp=41.7,41.714287,1.21,snake,wood
beechwood,2,beech+wood ratingcmp=61.2,61.25,2.796984120464366,beech,wood
bitterwood,2,bitter+wood ratingcmp=44.7,44.73077,0.0,bitter,wood
lightwood,2,light+wood ratingcmp=55.8,55.814816,1.89,light,wood
boxwood,2,box+wood ratingcmp=67.4,67.354836,2.26,box,wood
cedarwood,2,cedar+wood ratingcmp=83.9,83.85714,1.592864137808441,cedar,wood
pulpwood,2,pulp+wood ratingcmp=60.1,60.090908,1.65,pulp,wood
rosewood,2,rose+wood ratingcmp=47.9,47.894737,2.522283063522734,rose,wood
dogwood,2,dog+wood ratingcmp=25.2,25.23077,2.333226827302685,dog,wood
softwood,2,soft+wood ratingcmp=57.2,57.18182,1.592864137808441,soft,wood
camwood,2,cam+wood ratingcmp=32.8,32.766666,0.0,cam,wood
tulipwood,2,tulip+wood ratingcmp=51.0,51.0,0.0,tulip,wood
ironwood,2,iron+wood ratingcmp=45.9,45.92857,1.592864137808441,iron,wood
hardwood,2,hard+wood ratingcmp=72.4,72.351349,2.823313059186715,hard,wood
orangewood,2,orange+wood ratingcmp=67.2,67.199997,1.2,orange,wood
zebrawood,2,zebra+wood ratingcmp=37.4,37.357143,1.592864137808441,zebra,wood
deadwood,2,dead+wood ratingcmp=69.8,69.815788,3.178324867316942,dead,wood
driftwood,2,drift+wood ratingcmp=67.9,67.885712,2.935286818630647,drift,wood
elmwood,2,elm+wood ratingcmp=61.3,61.285713,2.29183414214446,elm,wood
greasewood,2,grease+wood ratingcmp=39.9,39.92857,2.29183414214446,grease,wood
elkwood,2,elk+wood ratingcmp=44.3,44.32143,1.592864137808441,elk,wood
citronwood,2,citron+wood ratingcmp=52.0,52.0,0.0,citron,wood
cordwood,2,cord+wood ratingcmp=40.0,40.040001,1.893894133472422,cord,wood
sapwood,2,sap+wood ratingcmp=59.5,59.52,1.83,sap,wood
peachwood,2,peach+wood ratingcmp=51.2,51.18182,0.0,peach,wood
greenwood,2,green+wood ratingcmp=61.7,61.708332,2.672045383856066,green,wood
nakedwood,2,naked+wood ratingcmp=53.3,53.275864,0.0,naked,wood
redwood,2,red+wood ratingcmp=58.9,58.948719,2.87161773876127,red,wood
ribbonwood,2,ribbon+wood ratingcmp=54.0,54.0,0.0,ribbon,wood
princewood,2,prince+wood ratingcmp=39.3,39.291668,0.0,prince,wood
basswood,2,bass+wood ratingcmp=50.9,50.903225,2.05,bass,wood
pepperwood,2,pepper+wood ratingcmp=51.9,51.916668,1.08,pepper,wood
gumwood,2,gum+wood ratingcmp=35.0,35.03846,0.0,gum,wood
twistwood,2,twist+wood ratingcmp=45.8,45.846153,0.0,twist,wood
laurelwood,2,laurel+wood ratingcmp=32.6,32.566666,1.27,laurel,wood
needlewood,2,needle+wood ratingcmp=58.0,58.0,0.0,needle,wood
southernwood,2,southern+wood ratingcmp=47.1,47.119999,1.03,southern,wood
brazilwood,2,brazil+wood ratingcmp=69.2,69.166664,1.04,brazil,wood
possumwood,2,possum+wood ratingcmp=44.9,44.892857,0.0,possum,wood
moosewood,2,moose+wood ratingcmp=44.5,44.533333,1.06,moose,wood
plywood,2,ply+wood ratingcmp=59.1,59.076923,2.672045383856066,ply,wood
marblewood,2,marble+wood ratingcmp=56.1,56.119999,0.0,marble,wood
bearwood,2,bear+wood ratingcmp=47.3,47.333332,1.24,bear,wood
lancewood,2,lance+wood ratingcmp=44.0,44.0,0.0,lance,wood
wormwood,2,worm+wood ratingcmp=33.3,33.333332,2.672045383856066,worm,wood
satinwood,2,satin+wood ratingcmp=37.5,37.5,1.592864137808441,satin,wood
sourwood,2,sour+wood ratingcmp=51.4,51.400002,1.11,sour,wood
fruitwood,2,fruit+wood ratingcmp=39.9,39.916668,1.09,fruit,wood
hazelwood,2,hazel+wood ratingcmp=63.2,63.227272,2.52,hazel,wood
buttonwood,2,button+wood ratingcmp=43.6,43.551723,1.79,button,wood
devilwood,2,devil+wood ratingcmp=34.7,34.739132,0.0,devil,wood
candlewood,2,candle+wood ratingcmp=55.2,55.229168,1.56,candle,wood
bentwood,2,bent+wood ratingcmp=40.1,40.07143,1.592864137808441,bent,wood
whitewood,2,white+wood ratingcmp=67.0,67.0,2.768955396864123,white,wood
touchwood,2,touch+wood ratingcmp=43.6,43.583332,1.74,touch,wood
firewood,2,fire+wood ratingcmp=89.1,89.081078,3.18392874483494,fire,wood
tarwood,2,tar+wood ratingcmp=59.4,59.42857,0.0,tar,wood
gopherwood,2,gopher+wood ratingcmp=39.9,39.919998,0.0,gopher,wood
trumpetwood,2,trumpet+wood ratingcmp=32.6,32.560001,0.0,trumpet,wood
brierwood,2,brier+wood ratingcmp=46.5,46.516129,0.0,brier,wood
heartwood,2,heart+wood ratingcmp=47.5,47.52,2.05,heart,wood
lemonwood,2,lemon+wood ratingcmp=44.3,44.279999,0.0,lemon,wood
sandalwood,2,sandal+wood ratingcmp=30.1,30.076923,2.437962177822698,sandal,wood
softwoods,2,soft+woods ratingcmp=56.6,56.592594,1.69,soft,woods
dogwoods,2,dog+woods ratingcmp=47.3,47.31818,1.768955396864122,dog,woods
buttonwoods,2,button+woods ratingcmp=37.3,37.333332,0.0,button,woods
redwoods,2,red+woods ratingcmp=72.5,72.482758,2.069985392528103,red,woods
rosewoods,2,rose+woods ratingcmp=53.0,52.969696,0.0,rose,woods
ironwoods,2,iron+woods ratingcmp=57.1,57.103447,0.0,iron,woods
hardwoods,2,hard+woods ratingcmp=73.2,73.199997,2.64,hard,woods
basswoods,2,bass+woods ratingcmp=38.0,37.967743,0.0,bass,woods
cottonwoods,2,cotton+woods ratingcmp=48.7,48.692307,1.768955396864122,cotton,woods
backwoods,2,back+woods ratingcmp=58.7,58.692307,2.738992173486679,back,woods
satinwoods,2,satin+woods ratingcmp=48.0,48.0,0.0,satin,woods
longwool,2,long+wool ratingcmp=41.8,41.75,0.0,long,wool
loanword,2,loan+word ratingcmp=36.1,36.142857,1.62,loan,word
swearword,2,swear+word ratingcmp=83.2,83.166664,1.42,swear,word
headword,2,head+word ratingcmp=41.6,41.560001,1.13,head,word
buzzword,2,buzz+word ratingcmp=50.7,50.67857,2.136932182158717,buzz,word
crossword,2,cross+word ratingcmp=66.1,66.099998,3.246076651583785,cross,word
watchword,2,watch+word ratingcmp=42.4,42.370369,2.136932182158717,watch,word
guideword,2,guide+word ratingcmp=65.5,65.53846,0.0,guide,word
catchword,2,catch+word ratingcmp=48.9,48.9375,1.36,catch,word
password,2,pass+word ratingcmp=89.6,89.645164,3.90249430523434,pass,word
passwords,2,pass+words ratingcmp=75.0,74.962959,2.973075379520047,pass,words
swearwords,2,swear+words ratingcmp=81.0,80.964287,1.47,swear,words
catchwords,2,catch+words ratingcmp=50.5,50.451614,1.22,catch,words
watchwords,2,watch+words ratingcmp=44.6,44.583332,1.768955396864122,watch,words
buzzwords,2,buzz+words ratingcmp=54.7,54.708332,1.768955396864122,buzz,words
headwords,2,head+words ratingcmp=40.1,40.136364,1.2,head,words
loanwords,2,loan+words ratingcmp=51.1,51.096775,2.13,loan,words
crosswords,2,cross+words ratingcmp=71.2,71.166664,2.467925401200141,cross,words
coursework,2,course+work ratingcmp=89.5,89.5,3.0,course,work
wheelwork,2,wheel+work ratingcmp=57.4,57.439999,0.0,wheel,work
fancywork,2,fancy+work ratingcmp=59.8,59.793102,0.0,fancy,work
schoolwork,2,school+work ratingcmp=83.0,82.972977,2.990804146480479,school,work
casework,2,case+work ratingcmp=64.7,64.657143,1.893894133472422,case,work
groundwork,2,ground+work ratingcmp=78.4,78.354836,2.672045383856066,ground,work
busywork,2,busy+work ratingcmp=70.0,70.035713,1.990804146480479,busy,work
lacework,2,lace+work ratingcmp=67.3,67.279999,1.57,lace,work
clockwork,2,clock+work ratingcmp=55.5,55.459461,3.062686153786604,clock,work
crewelwork,2,crewel+work ratingcmp=36.2,36.21212,0.0,crewel,work
brickwork,2,brick+work ratingcmp=57.5,57.53846,1.768955396864122,brick,work
classwork,2,class+work ratingcmp=94.0,94.0,2.333226827302685,class,work
housework,2,house+work ratingcmp=86.8,86.75,3.104747498787316,house,work
latticework,2,lattice+work ratingcmp=49.6,49.639999,1.85,lattice,work
paperwork,2,paper+work ratingcmp=79.2,79.150002,4.017745774439508,paper,work
artwork,2,art+work ratingcmp=79.8,79.760002,3.189461233434901,art,work
bodywork,2,body+work ratingcmp=56.5,56.525002,2.333226827302685,body,work
grillwork,2,grill+work ratingcmp=57.4,57.439999,1.768955396864122,grill,work
cabinetwork,2,cabinet+work ratingcmp=74.6,74.571426,0.0,cabinet,work
fieldwork,2,field+work ratingcmp=75.9,75.891891,2.371015388192085,field,work
glasswork,2,glass+work ratingcmp=80.1,80.14286,1.768955396864122,glass,work
drawnwork,2,drawn+work ratingcmp=43.0,43.045456,0.0,drawn,work
ironwork,2,iron+work ratingcmp=63.3,63.307693,1.893894133472422,iron,work
teamwork,2,team+work ratingcmp=88.3,88.285713,3.304671366849632,team,work
stonework,2,stone+work ratingcmp=69.6,69.641029,1.592864137808441,stone,work
lifework,2,life+work ratingcmp=73.6,73.590912,1.64,life,work
waxwork,2,wax+work ratingcmp=54.7,54.68182,1.768955396864122,wax,work
beadwork,2,bead+work ratingcmp=80.8,80.785713,1.768955396864122,bead,work
firework,2,fire+work ratingcmp=57.5,57.458332,2.246076651583785,fire,work
earthwork,2,earth+work ratingcmp=64.0,64.037041,2.26,earth,work
guesswork,2,guess+work ratingcmp=71.5,71.5,2.653561978162053,guess,work
donkeywork,2,donkey+work ratingcmp=53.3,53.310345,0.0,donkey,work
fretwork,2,fret+work ratingcmp=40.9,40.875,1.87,fret,work
pipework,2,pipe+work ratingcmp=84.1,84.095238,2.14,pipe,work
silverwork,2,silver+work ratingcmp=65.8,65.814812,1.32,silver,work
nightwork,2,night+work ratingcmp=84.7,84.689651,1.12,night,work
crownwork,2,crown+work ratingcmp=56.6,56.586208,0.0,crown,work
needlework,2,needle+work ratingcmp=65.4,65.410255,2.467925401200141,needle,work
breastwork,2,breast+work ratingcmp=63.4,63.366665,1.49,breast,work
plasterwork,2,plaster+work ratingcmp=72.6,72.583336,1.92,plaster,work
wickerwork,2,wicker+work ratingcmp=63.5,63.517242,1.47,wicker,work
millwork,2,mill+work ratingcmp=56.7,56.727272,2.19,mill,work
patchwork,2,patch+work ratingcmp=74.9,74.933334,2.069985392528103,patch,work
spadework,2,spade+work ratingcmp=43.2,43.227272,1.893894133472422,spade,work
homework,2,home+work ratingcmp=86.2,86.159088,4.303827256803717,home,work
framework,2,frame+work ratingcmp=57.7,57.666668,2.614053436878379,frame,work
meshwork,2,mesh+work ratingcmp=49.6,49.576923,1.71,mesh,work
network,2,net+work ratingcmp=41.0,40.977272,4.218176588770115,net,work
handwork,2,hand+work ratingcmp=79.6,79.59259,1.592864137808441,hand,work
brushwork,2,brush+work ratingcmp=46.2,46.23077,1.592864137808441,brush,work
bridgework,2,bridge+work ratingcmp=64.8,64.810814,2.136932182158717,bridge,work
wirework,2,wire+work ratingcmp=67.2,67.166664,1.27,wire,work
metalwork,2,metal+work ratingcmp=77.2,77.216217,1.768955396864122,metal,work
hackwork,2,hack+work ratingcmp=55.3,55.285713,1.592864137808441,hack,work
woodwork,2,wood+work ratingcmp=70.7,70.743591,2.935286818630647,wood,work
piecework,2,piece+work ratingcmp=60.3,60.342857,2.069985392528103,piece,work
leatherwork,2,leather+work ratingcmp=83.5,83.518517,1.57,leather,work
trestlework,2,trestle+work ratingcmp=48.0,47.954544,0.0,trestle,work
timework,2,time+work ratingcmp=63.5,63.5,0.0,time,work
footwork,2,foot+work ratingcmp=62.9,62.863636,2.973075379520047,foot,work
flatwork,2,flat+work ratingcmp=52.7,52.703705,1.592864137808441,flat,work
knitwork,2,knit+work ratingcmp=75.5,75.466667,0.0,knit,work
cutwork,2,cut+work ratingcmp=40.3,40.291668,1.28,cut,work
openwork,2,open+work ratingcmp=55.5,55.541668,1.91,open,work
brainworker,2,brain+worker ratingcmp=68.9,68.862068,0.0,brain,worker
steelworker,2,steel+worker ratingcmp=88.1,88.105263,1.592864137808441,steel,worker
caseworker,2,case+worker ratingcmp=58.5,58.46154,2.467925401200141,case,worker
fieldworker,2,field+worker ratingcmp=94.4,94.40741,1.24,field,worker
metalworker,2,metal+worker ratingcmp=89.1,89.14286,1.768955396864122,metal,worker
dockworker,2,dock+worker ratingcmp=83.2,83.25,1.592864137808441,dock,worker
ironworker,2,iron+worker ratingcmp=85.4,85.379311,1.68,iron,worker
goldworker,2,gold+worker ratingcmp=86.2,86.181816,0.0,gold,worker
silverworker,2,silver+worker ratingcmp=77.1,77.148148,0.0,silver,worker
mineworker,2,mine+worker ratingcmp=91.9,91.866669,0.0,mine,worker
guestworker,2,guest+worker ratingcmp=77.4,77.42424,0.0,guest,worker
glassworker,2,glass+worker ratingcmp=84.8,84.818184,0.0,glass,worker
needleworker,2,needle+worker ratingcmp=88.3,88.296295,0.0,needle,worker
woodworker,2,wood+worker ratingcmp=83.1,83.080002,2.18,wood,worker
dockworkers,2,dock+workers ratingcmp=83.2,83.160004,1.592864137808441,dock,workers
fieldworkers,2,field+workers ratingcmp=82.3,82.32,1.49,field,workers
mineworkers,2,mine+workers ratingcmp=92.3,92.26667,2.2,mine,workers
steelworkers,2,steel+workers ratingcmp=76.1,76.115387,1.893894133472422,steel,workers
woodworkers,2,wood+workers ratingcmp=93.2,93.230766,1.592864137808441,wood,workers
caseworkers,2,case+workers ratingcmp=79.2,79.225807,1.592864137808441,case,workers
metalworkers,2,metal+workers ratingcmp=87.1,87.125,2.02,metal,workers
metalworking,2,metal+working ratingcmp=82.9,82.896553,1.768955396864122,metal,working
woodworking,2,wood+working ratingcmp=86.8,86.84375,2.069985392528103,wood,working
clockworks,2,clock+works ratingcmp=67.6,67.63636,1.54,clock,works
glassworks,2,glass+works ratingcmp=76.7,76.740738,1.87,glass,works
waterworks,2,water+works ratingcmp=46.3,46.256409,2.672045383856066,water,works
steelworks,2,steel+works ratingcmp=62.7,62.742859,1.990804146480479,steel,works
lifeworks,2,life+works ratingcmp=69.8,69.75,0.0,life,works
gasworks,2,gas+works ratingcmp=38.6,38.615383,2.194924129136403,gas,works
latticeworks,2,lattice+works ratingcmp=47.2,47.227272,0.0,lattice,works
ironworks,2,iron+works ratingcmp=73.1,73.074074,2.246076651583785,iron,works
fireworks,2,fire+works ratingcmp=55.6,55.586208,3.751226629903691,fire,works
patchworks,2,patch+works ratingcmp=68.5,68.481483,1.23,patch,works
artworks,2,art+works ratingcmp=84.4,84.370369,2.069985392528103,art,works
saltworks,2,salt+works ratingcmp=56.0,56.034481,1.33,salt,works
breastworks,2,breast+works ratingcmp=35.9,35.892857,1.592864137808441,breast,works
networks,2,net+works ratingcmp=43.0,43.034481,3.329260640085084,net,works
waxworks,2,wax+works ratingcmp=51.3,51.256409,2.069985392528103,wax,works
earthworks,2,earth+works ratingcmp=57.7,57.67857,2.47,earth,works
frameworks,2,frame+works ratingcmp=55.5,55.535713,3.29,frame,works
metalworks,2,metal+works ratingcmp=66.6,66.571426,1.592864137808441,metal,works
netherworld,2,nether+world ratingcmp=51.2,51.25,2.405777494451296,nether,world
otherworld,2,other+world ratingcmp=74.3,74.333336,1.592864137808441,other,world
afterworld,2,after+world ratingcmp=68.6,68.64286,1.592864137808441,after,world
dreamworld,2,dream+world ratingcmp=72.2,72.153847,1.592864137808441,dream,world
dreamworlds,2,dream+worlds ratingcmp=81.0,81.041664,1.592864137808441,dream,worlds
cabbageworm,2,cabbage+worm ratingcmp=73.3,73.303032,0.0,cabbage,worm
ringworm,2,ring+worm ratingcmp=50.8,50.763157,2.069985392528103,ring,worm
bollworm,2,boll+worm ratingcmp=36.3,36.310345,1.26,boll,worm
cankerworm,2,canker+worm ratingcmp=37.9,37.857143,0.0,canker,worm
mealworm,2,meal+worm ratingcmp=50.0,50.040001,1.53,meal,worm
cutworm,2,cut+worm ratingcmp=39.8,39.833332,1.62,cut,worm
earthworm,2,earth+worm ratingcmp=88.4,88.368423,2.194924129136403,earth,worm
vetchworm,2,vetch+worm ratingcmp=42.0,41.965519,0.0,vetch,worm
angleworm,2,angle+worm ratingcmp=39.5,39.5,1.592864137808441,angle,worm
roundworm,2,round+worm ratingcmp=67.7,67.699997,1.89,round,worm
tapeworm,2,tape+worm ratingcmp=50.8,50.815788,2.848136642911747,tape,worm
hookworm,2,hook+worm ratingcmp=47.6,47.62162,1.893894133472422,hook,worm
bookworm,2,book+worm ratingcmp=33.4,33.400002,2.87161773876127,book,worm
slowworm,2,slow+worm ratingcmp=62.2,62.192307,0.0,slow,worm
wheatworm,2,wheat+worm ratingcmp=60.8,60.791668,0.0,wheat,worm
armyworm,2,army+worm ratingcmp=35.1,35.076923,1.6,army,worm
threadworm,2,thread+worm ratingcmp=53.1,53.099998,0.0,thread,worm
silkworm,2,silk+worm ratingcmp=59.4,59.432434,1.893894133472422,silk,worm
arrowworm,2,arrow+worm ratingcmp=46.3,46.291668,0.0,arrow,worm
glowworm,2,glow+worm ratingcmp=77.3,77.321426,1.768955396864122,glow,worm
wireworm,2,wire+worm ratingcmp=46.1,46.103447,0.0,wire,worm
splitworm,2,split+worm ratingcmp=51.3,51.333332,0.0,split,worm
strawworm,2,straw+worm ratingcmp=55.9,55.866665,0.0,straw,worm
jointworm,2,joint+worm ratingcmp=55.5,55.517242,0.0,joint,worm
pinworm,2,pin+worm ratingcmp=39.4,39.392857,1.592864137808441,pin,worm
bloodworm,2,blood+worm ratingcmp=60.2,60.214287,1.592864137808441,blood,worm
inchworm,2,inch+worm ratingcmp=75.8,75.75,2.405777494451296,inch,worm
woodworm,2,wood+worm ratingcmp=56.4,56.435898,1.592864137808441,wood,worm
caseworm,2,case+worm ratingcmp=40.9,40.884617,0.0,case,worm
shipworm,2,ship+worm ratingcmp=44.2,44.153847,0.0,ship,worm
lugworm,2,lug+worm ratingcmp=36.0,35.958332,0.0,lug,worm
blindworm,2,blind+worm ratingcmp=50.4,50.392857,1.768955396864122,blind,worm
eelworm,2,eel+worm ratingcmp=67.7,67.703705,0.0,eel,worm
flatworm,2,flat+worm ratingcmp=75.0,74.958336,1.592864137808441,flat,worm
lobworm,2,lob+worm ratingcmp=38.2,38.25,0.0,lob,worm
fishworm,2,fish+worm ratingcmp=58.6,58.583332,0.0,fish,worm
webworm,2,web+worm ratingcmp=57.2,57.200001,1.33,web,worm
angleworms,2,angle+worms ratingcmp=49.2,49.233334,0.0,angle,worms
woodworms,2,wood+worms ratingcmp=73.0,73.0,0.0,wood,worms
earthworms,2,earth+worms ratingcmp=87.8,87.833336,2.371015388192085,earth,worms
glowworms,2,glow+worms ratingcmp=71.6,71.64286,1.592864137808441,glow,worms
cutworms,2,cut+worms ratingcmp=47.2,47.200001,1.02,cut,worms
roundworms,2,round+worms ratingcmp=63.5,63.541668,1.592864137808441,round,worms
tapeworms,2,tape+worms ratingcmp=57.6,57.625,1.768955396864122,tape,worms
bookworms,2,book+worms ratingcmp=46.1,46.111111,2.136932182158717,book,worms
silkworms,2,silk+worms ratingcmp=80.3,80.321426,2.09,silk,worms
hookworms,2,hook+worms ratingcmp=69.3,69.279999,1.81,hook,worms
inchworms,2,inch+worms ratingcmp=71.7,71.729164,0.0,inch,worms
flatworms,2,flat+worms ratingcmp=74.1,74.10714,2.069985392528103,flat,worms
pipewort,2,pipe+wort ratingcmp=30.4,30.4,0.0,pipe,wort
sandwort,2,sand+wort ratingcmp=31.2,31.25,0.0,sand,wort
pilewort,2,pile+wort ratingcmp=29.1,29.125,0.0,pile,wort
saltwort,2,salt+wort ratingcmp=40.0,39.962963,0.0,salt,wort
awlwort,2,awl+wort ratingcmp=25.6,25.633333,0.0,awl,wort
starwort,2,star+wort ratingcmp=30.5,30.47826,0.0,star,wort
hornwort,2,horn+wort ratingcmp=41.1,41.137932,1.17,horn,wort
kelpwort,2,kelp+wort ratingcmp=36.6,36.566666,0.0,kelp,wort
mitrewort,2,mitre+wort ratingcmp=22.4,22.407408,0.0,mitre,wort
birthwort,2,birth+wort ratingcmp=32.9,32.919998,0.0,birth,wort
ragwort,2,rag+wort ratingcmp=22.0,21.959999,1.592864137808441,rag,wort
barrenwort,2,barren+wort ratingcmp=31.1,31.103449,0.0,barren,wort
madderwort,2,madder+wort ratingcmp=29.4,29.387096,0.0,madder,wort
throatwort,2,throat+wort ratingcmp=42.8,42.793102,0.0,throat,wort
bladderwort,2,bladder+wort ratingcmp=31.8,31.777779,1.19,bladder,wort
moorwort,2,moor+wort ratingcmp=28.7,28.700001,0.0,moor,wort
fleawort,2,flea+wort ratingcmp=34.0,34.0,0.0,flea,wort
pepperwort,2,pepper+wort ratingcmp=31.9,31.90909,0.0,pepper,wort
bloodwort,2,blood+wort ratingcmp=40.9,40.857143,0.0,blood,wort
sneezewort,2,sneeze+wort ratingcmp=27.9,27.888889,0.0,sneeze,wort
quillwort,2,quill+wort ratingcmp=33.9,33.862068,0.0,quill,wort
glasswort,2,glass+wort ratingcmp=29.7,29.692308,0.0,glass,wort
fanwort,2,fan+wort ratingcmp=36.2,36.225807,0.0,fan,wort
pearlwort,2,pearl+wort ratingcmp=20.0,20.0,0.0,pearl,wort
pillwort,2,pill+wort ratingcmp=34.0,34.0,0.0,pill,wort
spiderwort,2,spider+wort ratingcmp=38.8,38.774193,0.0,spider,wort
swallowwort,2,swallow+wort ratingcmp=27.7,27.733334,0.0,swallow,wort
colewort,2,cole+wort ratingcmp=26.3,26.333334,0.0,cole,wort
gipsywort,2,gipsy+wort ratingcmp=18.1,18.08,0.0,gipsy,wort
moonwort,2,moon+wort ratingcmp=28.8,28.75,0.0,moon,wort
toothwort,2,tooth+wort ratingcmp=45.7,45.666668,0.0,tooth,wort
moneywort,2,money+wort ratingcmp=38.7,38.666668,0.0,money,wort
leadwort,2,lead+wort ratingcmp=35.6,35.580647,0.0,lead,wort
soapwort,2,soap+wort ratingcmp=24.6,24.6,1.592864137808441,soap,wort
gypsywort,2,gypsy+wort ratingcmp=34.5,34.545456,0.0,gypsy,wort
stonewort,2,stone+wort ratingcmp=35.5,35.466667,0.0,stone,wort
mugwort,2,mug+wort ratingcmp=24.9,24.892857,1.592864137808441,mug,wort
slipperwort,2,slipper+wort ratingcmp=30.5,30.481482,0.0,slipper,wort
frostwort,2,frost+wort ratingcmp=44.8,44.766666,0.0,frost,wort
figwort,2,fig+wort ratingcmp=24.1,24.083334,0.0,fig,wort
tailwort,2,tail+wort ratingcmp=40.8,40.758621,0.0,tail,wort
fumewort,2,fume+wort ratingcmp=33.7,33.666668,0.0,fume,wort
wartwort,2,wart+wort ratingcmp=30.0,30.030304,0.0,wart,wort
madwort,2,mad+wort ratingcmp=29.2,29.25,0.0,mad,wort
umbrellawort,2,umbrella+wort ratingcmp=25.5,25.518518,0.0,umbrella,wort
ribwort,2,rib+wort ratingcmp=34.3,34.322582,0.0,rib,wort
butterwort,2,butter+wort ratingcmp=32.7,32.740742,0.0,butter,wort
motherwort,2,mother+wort ratingcmp=25.1,25.074074,1.02,mother,wort
milkwort,2,milk+wort ratingcmp=32.9,32.916668,0.0,milk,wort
thoroughwort,2,thorough+wort ratingcmp=29.3,29.26087,0.0,thorough,wort
masterwort,2,master+wort ratingcmp=29.2,29.233334,0.0,master,wort
miterwort,2,miter+wort ratingcmp=25.6,25.566668,0.0,miter,wort
stitchwort,2,stitch+wort ratingcmp=40.8,40.827587,0.0,stitch,wort
spleenwort,2,spleen+wort ratingcmp=29.0,29.033333,0.0,spleen,wort
sawwort,2,saw+wort ratingcmp=29.2,29.200001,0.0,saw,wort
bellwort,2,bell+wort ratingcmp=33.7,33.689655,0.0,bell,wort
liverwort,2,liver+wort ratingcmp=37.6,37.57143,1.768955396864122,liver,wort
whitlowwort,2,whitlow+wort ratingcmp=31.9,31.90909,0.0,whitlow,wort
coralwort,2,coral+wort ratingcmp=34.7,34.703705,0.0,coral,wort
halfpennyworth,2,halfpenny+worth ratingcmp=67.8,67.777779,0.0,halfpenny,worth
pennyworth,2,penny+worth ratingcmp=59.8,59.833332,1.768955396864122,penny,worth
trustworthiness,2,trust+worthiness ratingcmp=90.1,90.099998,2.67,trust,worthiness
roadworthiness,2,road+worthiness ratingcmp=55.9,55.880001,1.39,road,worthiness
airworthiness,2,air+worthiness ratingcmp=55.5,55.541668,2.31,air,worthiness
creditworthiness,2,credit+worthiness ratingcmp=74.8,74.760002,2.31,credit,worthiness
praiseworthiness,2,praise+worthiness ratingcmp=78.9,78.935486,0.0,praise,worthiness
seaworthiness,2,sea+worthiness ratingcmp=53.9,53.916668,1.78,sea,worthiness
powwows,2,pow+wows ratingcmp=29.6,29.607143,1.592864137808441,pow,wows
bladderwrack,2,bladder+wrack ratingcmp=34.9,34.863636,0.0,bladder,wrack
shipwreck,2,ship+wreck ratingcmp=84.9,84.949997,2.738992173486679,ship,wreck
housewrecker,2,house+wrecker ratingcmp=79.1,79.071426,0.0,house,wrecker
shipwrecks,2,ship+wrecks ratingcmp=88.0,87.954544,1.893894133472422,ship,wrecks
waggonwright,2,waggon+wright ratingcmp=29.6,29.608696,0.0,waggon,wright
ploughwright,2,plough+wright ratingcmp=39.3,39.333332,0.0,plough,wright
playwright,2,play+wright ratingcmp=47.1,47.099998,3.155157002264916,play,wright
shipwright,2,ship+wright ratingcmp=49.2,49.241379,1.97,ship,wright
millwright,2,mill+wright ratingcmp=39.2,39.200001,1.768955396864122,mill,wright
wainwright,2,wain+wright ratingcmp=27.6,27.583334,2.848136642911747,wain,wright
cartwright,2,cart+wright ratingcmp=38.4,38.416668,3.30886748144324,cart,wright
wagonwright,2,wagon+wright ratingcmp=39.8,39.833332,0.0,wagon,wright
plowwright,2,plow+wright ratingcmp=37.8,37.833332,0.0,plow,wright
wheelwright,2,wheel+wright ratingcmp=34.0,33.954544,1.768955396864122,wheel,wright
wheelwrights,2,wheel+wrights ratingcmp=37.7,37.666668,1.592864137808441,wheel,wrights
millwrights,2,mill+wrights ratingcmp=35.1,35.142857,1.61,mill,wrights
shipwrights,2,ship+wrights ratingcmp=50.6,50.555557,1.89,ship,wrights
wainwrights,2,wain+wrights ratingcmp=25.5,25.458334,1.893894133472422,wain,wrights
playwrights,2,play+wrights ratingcmp=51.4,51.387096,2.333226827302685,play,wrights
gagwriter,2,gag+writer ratingcmp=66.8,66.785713,0.0,gag,writer
sportswriter,2,sports+writer ratingcmp=86.0,86.034485,2.860035866211455,sports,writer
teletypewriter,2,teletype+writer ratingcmp=56.1,56.066666,1.25,teletype,writer
songwriter,2,song+writer ratingcmp=93.0,93.035713,2.999404318242396,song,writer
ghostwriter,2,ghost+writer ratingcmp=66.9,66.904762,1.893894133472422,ghost,writer
newswriter,2,news+writer ratingcmp=89.2,89.23333,0.0,news,writer
copywriter,2,copy+writer ratingcmp=60.8,60.820515,2.29183414214446,copy,writer
screenwriter,2,screen+writer ratingcmp=67.9,67.89286,2.754232140043416,screen,writer
speechwriter,2,speech+writer ratingcmp=84.3,84.318184,2.136932182158717,speech,writer
scriptwriter,2,script+writer ratingcmp=83.3,83.282051,1.768955396864122,script,writer
typewriter,2,type+writer ratingcmp=79.5,79.46875,3.501349156687091,type,writer
scriptwriters,2,script+writers ratingcmp=91.2,91.178574,1.592864137808441,script,writers
sportswriters,2,sports+writers ratingcmp=89.8,89.846153,2.0,sports,writers
songwriters,2,song+writers ratingcmp=91.7,91.740738,2.522283063522734,song,writers
ghostwriters,2,ghost+writers ratingcmp=59.4,59.363636,2.04,ghost,writers
teletypewriters,2,teletype+writers ratingcmp=58.2,58.172413,0.0,teletype,writers
screenwriters,2,screen+writers ratingcmp=69.8,69.821426,2.136932182158717,screen,writers
copywriters,2,copy+writers ratingcmp=66.4,66.444443,1.592864137808441,copy,writers
speechwriters,2,speech+writers ratingcmp=88.7,88.666664,1.72,speech,writers
typewriters,2,type+writers ratingcmp=61.4,61.366665,2.634256822966666,type,writers
handwriting,2,hand+writing ratingcmp=74.9,74.870964,3.77184108510161,hand,writing
skywriting,2,sky+writing ratingcmp=71.7,71.678574,2.194924129136403,sky,writing
typewriting,2,type+writing ratingcmp=83.9,83.89286,1.893894133472422,type,writing
knockwurst,2,knock+wurst ratingcmp=26.4,26.357143,2.570587743097289,knock,wurst
knackwurst,2,knack+wurst ratingcmp=27.5,27.545454,2.069985392528103,knack,wurst
liverwurst,2,liver+wurst ratingcmp=37.4,37.354839,2.634256822966666,liver,wurst
bratwursts,2,brat+wursts ratingcmp=26.6,26.592592,1.13,brat,wursts
knackwursts,2,knack+wursts ratingcmp=31.2,31.238094,0.0,knack,wursts
cocoyam,2,coco+yam ratingcmp=43.2,43.19355,1.02,coco,yam
backyard,2,back+yard ratingcmp=86.9,86.92308,3.860035866211455,back,yard
tiltyard,2,tilt+yard ratingcmp=38.8,38.833332,0.0,tilt,yard
churchyard,2,church+yard ratingcmp=83.4,83.37838,2.522283063522734,church,yard
lumberyard,2,lumber+yard ratingcmp=75.1,75.050003,2.29183414214446,lumber,yard
graveyard,2,grave+yard ratingcmp=80.4,80.351349,3.727996789185216,grave,yard
junkyard,2,junk+yard ratingcmp=89.2,89.166664,3.431713228545696,junk,yard
barnyard,2,barn+yard ratingcmp=82.2,82.184212,2.954591973826034,barn,yard
courtyard,2,court+yard ratingcmp=68.5,68.473686,3.333226827302685,court,yard
railyard,2,rail+yard ratingcmp=67.7,67.68,1.62,rail,yard
dooryard,2,door+yard ratingcmp=53.4,53.433334,1.32,door,yard
dockyard,2,dock+yard ratingcmp=61.1,61.102566,1.990804146480479,dock,yard
brickyard,2,brick+yard ratingcmp=66.0,65.977272,1.893894133472422,brick,yard
schoolyard,2,school+yard ratingcmp=97.0,96.959999,2.945046655919803,school,yard
vineyard,2,vine+yard ratingcmp=74.5,74.545456,3.447170179609522,vine,yard
wasteyard,2,waste+yard ratingcmp=87.8,87.833336,0.0,waste,yard
stockyard,2,stock+yard ratingcmp=60.0,60.045456,2.371015388192085,stock,yard
farmyard,2,farm+yard ratingcmp=87.4,87.449997,2.333226827302685,farm,yard
boatyard,2,boat+yard ratingcmp=80.7,80.68,2.437962177822698,boat,yard
steelyard,2,steel+yard ratingcmp=75.4,75.35714,1.5,steel,yard
shipyard,2,ship+yard ratingcmp=79.5,79.526314,2.935286818630647,ship,yard
barnyards,2,barn+yards ratingcmp=80.9,80.900002,0.0,barn,yards
churchyards,2,church+yards ratingcmp=84.0,84.041664,1.893894133472422,church,yards
dockyards,2,dock+yards ratingcmp=78.1,78.14286,2.23,dock,yards
vineyards,2,vine+yards ratingcmp=79.8,79.838707,2.783195835978733,vine,yards
graveyards,2,grave+yards ratingcmp=86.1,86.10714,2.653561978162053,grave,yards
backyards,2,back+yards ratingcmp=82.2,82.199997,2.405777494451296,back,yards
schoolyards,2,school+yards ratingcmp=91.2,91.178574,1.893894133472422,school,yards
stockyards,2,stock+yards ratingcmp=71.4,71.360001,2.371015388192085,stock,yards
courtyards,2,court+yards ratingcmp=80.4,80.413795,2.67,court,yards
steelyards,2,steel+yards ratingcmp=76.8,76.833336,0.0,steel,yards
dooryards,2,door+yards ratingcmp=60.4,60.375,0.0,door,yards
lumberyards,2,lumber+yards ratingcmp=79.6,79.599998,1.2,lumber,yards
junkyards,2,junk+yards ratingcmp=92.1,92.10714,1.592864137808441,junk,yards
shipyards,2,ship+yards ratingcmp=75.3,75.285713,2.570587743097289,ship,yards
farmyards,2,farm+yards ratingcmp=91.0,91.047623,1.592864137808441,farm,yards
brickyards,2,brick+yards ratingcmp=81.3,81.333336,1.22,brick,yards
zigzag,2,zig+zag ratingcmp=54.4,54.433334,2.672045383856066,zig,zag
