word,n_morphemes,note,n_pref,n_root,n_suff,prs
aaron,1,{(aaron)},0,1,0,"0,1,0"
abbreviation,4,{<a<(brevi)>ate>}>ion>,1,1,2,"1,1,2"
abdication,2,{(abdicate)}>ion>,0,1,1,"0,1,1"
abdomen,1,{(abdomen)},0,1,0,"0,1,0"
aberration,2,{(aberrate)}>ion>,0,1,1,"0,1,1"
abilities,2,{(able)}>ity>,0,1,1,"0,1,1"
abnormalities,4,<ab<{(norm)>al>}>ity>,1,1,2,"1,1,2"
abnormality,4,<ab<{(norm)>al>}>ity>,1,1,2,"1,1,2"
abode,1,{(abode)},0,1,0,"0,1,0"
abolition,2,{(abolish)}>ion>,0,1,1,"0,1,1"
abomination,3,{(abomin)>ate>}>ion>,0,1,2,"0,1,2"
aboriginal,3,{<ab<(origin)>al>},1,1,1,"1,1,1"
abortion,2,{(abort)}>ion>,0,1,1,"0,1,1"
absence,1,{(absence)},0,1,0,"0,1,0"
absorber,3,{<ab<(sorb)}>er>,1,1,1,"1,1,1"
abstract,2,{<ab<(tract)},1,1,0,"1,1,0"
abstraction,3,{<ab<(tract)}>ion>,1,1,1,"1,1,1"
absurdity,2,{(absurd)}>ity>,0,1,1,"0,1,1"
abundance,2,{(abound)>ance>},0,1,1,"0,1,1"
abyss,1,{(abyss)},0,1,0,"0,1,0"
academic,2,{(academ)>ic>},0,1,1,"0,1,1"
academies,2,{(academ)>y>},0,1,1,"0,1,1"
accelerator,4,{<a<(celer)>ate>}>or>,1,1,2,"1,1,2"
accelerometer,3,{<a<(celer)(meter)},1,2,0,"1,2,0"
acceptance,2,{(accept)}>ance>,0,1,1,"0,1,1"
accessory,1,{(accessory)},0,1,0,"0,1,0"
accolade,1,{(accolade)},0,1,0,"0,1,0"
accommodation,2,{(accommodate)}>ion>,0,1,1,"0,1,1"
accompaniment,4,{<a<(compan)>y>}>ment>,1,1,2,"1,1,2"
accord,1,{(accord)},0,1,0,"0,1,0"
accountancy,3,{(account)}>ance>>y>,0,1,2,"0,1,2"
accountant,2,{(account)}>ant>,0,1,1,"0,1,1"
accrediting,2,<a<{(credit)},1,1,0,"1,1,0"
accumulation,4,{<a<(cumul)>ate>}>ion>,1,1,2,"1,1,2"
accumulator,4,{<a<(cumul)>ate>}>or>,1,1,2,"1,1,2"
accuracy,2,{(accur)>acy>},0,1,1,"0,1,1"
accusative,2,{(accuse)}>ive>,0,1,1,"0,1,1"
accused,1,{(accuse)},0,1,0,"0,1,0"
acetic,1,{(acetic)},0,1,0,"0,1,0"
achievement,2,{(achieve)}>ment>,0,1,1,"0,1,1"
acknowledgement,4,{<a<(know)(ledge)}>ment>,1,2,1,"1,2,1"
acknowledgment,4,{<a<(know)(ledge)}>ment>,1,2,1,"1,2,1"
acne,1,{(acne)},0,1,0,"0,1,0"
acorn,1,{(acorn)},0,1,0,"0,1,0"
acoustics,2,{(acoust)>ics>},0,1,1,"0,1,1"
acquaintance,2,{(acquaint)}>ance>,0,1,1,"0,1,1"
acquisition,3,{<a<(quire)>ion>},1,1,1,"1,1,1"
acronym,2,{(acr)(nym)},0,2,0,"0,2,0"
acrylic,1,{(acrylic)},0,1,0,"0,1,0"
action,2,{(act)}>ion>,0,1,1,"0,1,1"
actress,2,{(act)}>ess>,0,1,1,"0,1,1"
actual,2,{(act)>al>},0,1,1,"0,1,1"
actuary,2,{(act)>ory>},0,1,1,"0,1,1"
acumen,1,{(acumen)},0,1,0,"0,1,0"
acupuncture,2,{(acu)(puncture)},0,2,0,"0,2,0"
adage,1,{(adage)},0,1,0,"0,1,0"
adapter,2,{(adapt)}>er>,0,1,1,"0,1,1"
adder,1,{(adder)},0,1,0,"0,1,0"
addiction,2,{(addict)}>ion>,0,1,1,"0,1,1"
adding,1,{(add)},0,1,0,"0,1,0"
address,1,{(address)},0,1,0,"0,1,0"
adherence,3,{<ad<(_here)}>ance>,1,1,1,"1,1,1"
adhesives,1,{(adhesive)},0,1,0,"0,1,0"
adios,1,{(adios)},0,1,0,"0,1,0"
adjective,1,{(adjective)},0,1,0,"0,1,0"
adjournment,3,{<a<(journ)}>ment>,1,1,1,"1,1,1"
admixture,3,{<a<(mix)}>ure>,1,1,1,"1,1,1"
adobe,1,{(adobe)},0,1,0,"0,1,0"
adolescence,2,{(adolesc)>ance>},0,1,1,"0,1,1"
adolescent,2,{(adolesc)>ant>},0,1,1,"0,1,1"
adoption,2,{(adopt)}>ion>,0,1,1,"0,1,1"
adoration,2,{(adore)}>ion>,0,1,1,"0,1,1"
adrenalin,2,{(adrenal)>in>},0,1,1,"0,1,1"
ads,1,{(ad)},0,1,0,"0,1,0"
adult,1,{(adult)},0,1,0,"0,1,0"
adulthood,2,{(adult)}>hood>,0,1,1,"0,1,1"
advancement,2,{(advance)}>ment>,0,1,1,"0,1,1"
advantage,1,{(advantage)},0,1,0,"0,1,0"
adventure,2,{(advent)>ure>},0,1,1,"0,1,1"
adverb,2,{<a<(verb)},1,1,0,"1,1,0"
adversary,2,{(adverse)}>ory>,0,1,1,"0,1,1"
advertisement,3,{(advert)>ize>}>ment>,0,1,2,"0,1,2"
advertising,2,{(advert)>ize>},0,1,1,"0,1,1"
advocacy,3,{<a<(voc)>acy>},1,1,1,"1,1,1"
aerodrome,2,{(aero)(drome)},0,2,0,"0,2,0"
aerodynamics,2,(aero){(dynamics)},0,2,0,"0,2,0"
aeronautics,3,{(aero)(naut)}>ics>,0,2,1,"0,2,1"
aeroplane,2,(aero){(plane)},0,2,0,"0,2,0"
aerosol,2,{(aero)(sol)},0,2,0,"0,2,0"
aerospace,2,(aero){(space)},0,2,0,"0,2,0"
aesthetics,3,{<aes<(thet)>ic>},1,1,1,"1,1,1"
affection,3,{<a<(fect)}>ion>,1,1,1,"1,1,1"
affiliation,2,{(affiliate)}>ion>,0,1,1,"0,1,1"
affinities,1,{(affinity)},0,1,0,"0,1,0"
affirmation,3,{<a<(firm)}>ion>,1,1,1,"1,1,1"
affirmative,3,{<a<(firm)}>ive>,1,1,1,"1,1,1"
affliction,2,{(afflict)}>ion>,0,1,1,"0,1,1"
afghanistan,2,{(afghan)(stan)},0,2,0,"0,2,0"
africa,1,{(africa)},0,1,0,"0,1,0"
african,2,{(africa)}>n>,0,1,1,"0,1,1"
aftermath,2,{<after<(math)},1,1,0,"1,1,0"
aftershave,2,<after<{(shave)},1,1,0,"1,1,0"
agency,1,{(agency)},0,1,0,"0,1,0"
agent,1,{(agent)},0,1,0,"0,1,0"
agglomeration,4,{<a<(glomer)>ate>}>ion>,1,1,2,"1,1,2"
aggregation,2,{(aggregate)}>ion>,0,1,1,"0,1,1"
aggression,2,{(aggress)}>ion>,0,1,1,"0,1,1"
aggressiveness,3,{(aggress)}>ive>>ness>,0,1,2,"0,1,2"
aggressor,2,{(aggress)}>or>,0,1,1,"0,1,1"
agnostic,3,{<a<(gnose)>ic>},1,1,1,"1,1,1"
agony,2,{(agon)>y>},0,1,1,"0,1,1"
agrarian,1,{(agrarian)},0,1,0,"0,1,0"
agreement,2,{(agree)}>ment>,0,1,1,"0,1,1"
agriculture,2,{(agri)(culture)},0,2,0,"0,2,0"
ailment,2,{(ail)}>ment>,0,1,1,"0,1,1"
airbase,2,{(air)}{(base)},0,2,0,"0,2,0"
airbus,2,{(air)}{(bus)},0,2,0,"0,2,0"
aircraft,2,{(air)}{(craft)},0,2,0,"0,2,0"
aircrew,2,{(air)}{(crew)},0,2,0,"0,2,0"
airdrop,2,{(air)}{(drop)},0,2,0,"0,2,0"
airfield,2,{(air)}{(field)},0,2,0,"0,2,0"
airflow,2,{(air)}{(flow)},0,2,0,"0,2,0"
airforce,2,{(air)}{(force)},0,2,0,"0,2,0"
airframe,2,{(air)}{(frame)},0,2,0,"0,2,0"
airlift,2,{(air)}{(lift)},0,2,0,"0,2,0"
airline,2,{(air)}{(line)},0,2,0,"0,2,0"
airliner,3,{(air)}{(line)}>er>,0,2,1,"0,2,1"
airlock,2,{(air)}{(lock)},0,2,0,"0,2,0"
airmail,2,{(air)}{(mail)},0,2,0,"0,2,0"
airman,2,{(air)}(man),0,2,0,"0,2,0"
airmen,2,{(air)}(men),0,2,0,"0,2,0"
airplane,2,{(air)}{(plane)},0,2,0,"0,2,0"
airport,2,{(air)}{(port)},0,2,0,"0,2,0"
airship,2,{(air)}{(ship)},0,2,0,"0,2,0"
airspace,2,{(air)}{(space)},0,2,0,"0,2,0"
airspeed,2,{(air)}{(speed)},0,2,0,"0,2,0"
airstrip,2,{(air)}{(strip)},0,2,0,"0,2,0"
airway,2,{(air)}{(way)},0,2,0,"0,2,0"
aisle,1,{(aisle)},0,1,0,"0,1,0"
alabama,1,{(alabama)},0,1,0,"0,1,0"
alan,1,{(alan)},0,1,0,"0,1,0"
alaska,1,{(alaska)},0,1,0,"0,1,0"
albatross,1,{(albatross)},0,1,0,"0,1,0"
albert,1,{(albert)},0,1,0,"0,1,0"
alcoholic,2,{(alcohol)}>ic>,0,1,1,"0,1,1"
alcove,1,{(alcove)},0,1,0,"0,1,0"
alder,1,{(alder)},0,1,0,"0,1,0"
alertness,2,{(alert)}>ness>,0,1,1,"0,1,1"
alexia,1,{(alexia)},0,1,0,"0,1,0"
alienation,2,{(alien)}>ion>,0,1,1,"0,1,1"
alimony,1,{(alimony)},0,1,0,"0,1,0"
alkali,2,{(alkal)>i>},0,1,1,"0,1,1"
allegation,3,{(allege)>ate>}>ion>,0,1,2,"0,1,2"
allegory,2,{(allegor)>y>},0,1,1,"0,1,1"
allen,1,{(allen)},0,1,0,"0,1,0"
allergy,2,{(allerg)>y>},0,1,1,"0,1,1"
alleyway,2,{(alley)}{(way)},0,2,0,"0,2,0"
allocation,4,{<a<{(loc)>ate>}}>ion>,1,1,2,"1,1,2"
allotment,2,{(allot)}>ment>,0,1,1,"0,1,1"
allow,1,{(allow)},0,1,0,"0,1,0"
alloy,1,{(alloy)},0,1,0,"0,1,0"
almanac,1,{(almanac)},0,1,0,"0,1,0"
almond,1,{(almond)},0,1,0,"0,1,0"
alpaca,1,{(alpaca)},0,1,0,"0,1,0"
altar,1,{(altar)},0,1,0,"0,1,0"
alteration,2,{(alter)}>ion>,0,1,1,"0,1,1"
altercation,3,{(alterc)>ate>}>ion>,0,1,2,"0,1,2"
alternation,3,{(altern)>ate>)}>ion>,0,1,2,"0,1,2"
alternative,3,{(altern)>ate>)}>ive>,0,1,2,"0,1,2"
altitude,2,{(alti)>itude>},0,1,1,"0,1,1"
altruism,2,{(altru)>ism>},0,1,1,"0,1,1"
alum,1,{(alum)},0,1,0,"0,1,0"
alumni,1,{(alumni)},0,1,0,"0,1,0"
amassing,2,{<a<(mass)},1,1,0,"1,1,0"
amazement,2,{(amaze)}>ment>,0,1,1,"0,1,1"
ambience,1,{(ambience)},0,1,0,"0,1,0"
ambiguities,2,{(ambigu)>ity>},0,1,1,"0,1,1"
ambush,1,{(ambush)},0,1,0,"0,1,0"
amends,1,{(amend)},0,1,0,"0,1,0"
amethyst,1,{(amethyst)},0,1,0,"0,1,0"
amigo,1,{(amigo)},0,1,0,"0,1,0"
amir,1,{(amir)},0,1,0,"0,1,0"
amity,1,{(amity)},0,1,0,"0,1,0"
amount,2,{<a<(mount)},1,1,0,"1,1,0"
amp,1,{(amp)},0,1,0,"0,1,0"
amphibian,2,{(amphibio)>ian>},0,1,1,"0,1,1"
amphitheater,2,{(amphi)(theater)},0,2,0,"0,2,0"
amphitheatre,2,{(amphi)(theater)},0,2,0,"0,2,0"
amplifier,3,{(ample)>ify>}>er>,0,1,2,"0,1,2"
amputation,3,{(amput)>ate>}>ion>,0,1,2,"0,1,2"
amputee,2,{(amput)>ee>},0,1,1,"0,1,1"
amusement,2,{(amuse)}>ment>,0,1,1,"0,1,1"
anachronism,3,{<ana<(chrono)>ism>},1,1,1,"1,1,1"
anaconda,1,{(anaconda)},0,1,0,"0,1,0"
anaesthesia,1,{(anaesthesia)},0,1,0,"0,1,0"
analogies,2,{(analog)>y>},0,1,1,"0,1,1"
analogue,1,{(analog)},0,1,0,"0,1,0"
analogy,2,{(analog)>y>},0,1,1,"0,1,1"
analyzer,2,{(analyze)}>er>,0,1,1,"0,1,1"
anarchism,3,{<a<(arch)}>ism>,1,1,1,"1,1,1"
anatomy,2,{(anatom)>y>},0,1,1,"0,1,1"
anchorman,2,{(anchor)}{(man)},0,2,0,"0,2,0"
anchovies,1,{(anchovy)},0,1,0,"0,1,0"
angle,1,{(angle)},0,1,0,"0,1,0"
angler,2,{(angle)}>er>,0,1,1,"0,1,1"
anguish,1,{(anguish)},0,1,0,"0,1,0"
anion,2,<a<{(ion)},1,1,0,"1,1,0"
ankle,1,{(ankle)},0,1,0,"0,1,0"
anne,1,{(anne)},0,1,0,"0,1,0"
annexation,2,{(annex)}>ion>,0,1,1,"0,1,1"
annihilation,4,{<a<(nihil)>ate>}>ion>,1,1,2,"1,1,2"
annotation,4,{<a<(note)>ate>}>ion>,1,1,2,"1,1,2"
announce,1,{(announce)},0,1,0,"0,1,0"
announcement,2,{(announce)}>ment>,0,1,1,"0,1,1"
announcer,2,{(announce)}>er>,0,1,1,"0,1,1"
annoyance,2,{(annoy)}>ance>,0,1,1,"0,1,1"
annoying,1,{(annoy)},0,1,0,"0,1,0"
annual,2,{(ann)>al>},0,1,1,"0,1,1"
annum,2,{(ann)>ium>},0,1,1,"0,1,1"
annunciation,2,{(annunciate)}>ion>,0,1,1,"0,1,1"
anomalies,2,{(anomal)>y>},0,1,1,"0,1,1"
anonymity,3,{<a<(nym)>ity>},1,1,1,"1,1,1"
anonymous,3,{<a<(nym)>ious>},1,1,1,"1,1,1"
anorexia,1,{(anorexia)},0,1,0,"0,1,0"
another,1,{(another)},0,1,0,"0,1,0"
antagonism,2,{(antagon)>ism>},0,1,1,"0,1,1"
antecedent,1,{(antecedent)},0,1,0,"0,1,0"
antennae,1,{(antennae)},0,1,0,"0,1,0"
anthologies,3,{(antho)(log)>y>},0,2,1,"0,2,1"
anthology,3,{(antho)(log)>y>},0,2,1,"0,2,1"
anthony,1,{(anthony)},0,1,0,"0,1,0"
anthracite,1,{(anthracite)},0,1,0,"0,1,0"
anthrax,1,{(anthrax)},0,1,0,"0,1,0"
anthropologist,3,{(anthropo)(log)>ist>},0,2,1,"0,2,1"
anthropology,3,{(anthropo)(log)>y>},0,2,1,"0,2,1"
antibiotic,3,<anti<{(bio)>ic>},1,1,1,"1,1,1"
anticipation,2,{(anticipate)}>ion>,0,1,1,"0,1,1"
antimatter,2,<anti<{(matter)},1,1,0,"1,1,0"
antiquity,2,{(antique)>ity>},0,1,1,"0,1,1"
anus,1,{(anus)},0,1,0,"0,1,0"
anxiety,2,{(anxi)>ity>},0,1,1,"0,1,1"
anybody,2,{(any)(body)},0,2,0,"0,2,0"
anyone,2,{(any)}{(one)},0,2,0,"0,2,0"
anything,2,{(any)}{(thing)},0,2,0,"0,2,0"
anyway,2,{(any)}{(way)},0,2,0,"0,2,0"
anywhere,2,{(any)}{(where)},0,2,0,"0,2,0"
aorta,1,{(aorta)},0,1,0,"0,1,0"
apartheid,1,{(apartheid)},0,1,0,"0,1,0"
apartment,2,{(apart)>ment>},0,1,1,"0,1,1"
aperture,1,{(aperture)},0,1,0,"0,1,0"
apogee,1,{(apogee)},0,1,0,"0,1,0"
apologist,2,{(apolog)>ist>},0,1,1,"0,1,1"
apologizing,2,{(apolog)>ize>},0,1,1,"0,1,1"
apparel,1,{(apparel)},0,1,0,"0,1,0"
apparition,2,{(appar)>ion>},0,1,1,"0,1,1"
appearance,2,{(appear)}>ance>,0,1,1,"0,1,1"
appeasement,2,{(appease)}>ment>,0,1,1,"0,1,1"
appellant,2,{(appell)>ant>},0,1,1,"0,1,1"
appellate,2,{(appell)>ate>},0,1,1,"0,1,1"
appendices,4,{<a<(pend)>ic>>sis>},1,1,2,"1,1,2"
appetizing,1,{(appetize)},0,1,0,"0,1,0"
appliance,2,{(apply)}>ance>,0,1,1,"0,1,1"
applicant,1,{(applicant)},0,1,0,"0,1,0"
appointment,2,{(appoint)}>ment>,0,1,1,"0,1,1"
appreciation,4,{<a<(preci)>ate>}>ion>,1,1,2,"1,1,2"
apprehension,3,{<a<(prehend)}>ion>,1,1,1,"1,1,1"
apprentice,1,{(apprentice)},0,1,0,"0,1,0"
apprenticeship,2,{(apprentice)}>ship>,0,1,1,"0,1,1"
appropriateness,4,{<a<(propri)>ate>}>ness>,1,1,2,"1,1,2"
appropriation,4,{<a<(propri)>ate>}>ion>,1,1,2,"1,1,2"
approval,2,{(approve)}>al>,0,1,1,"0,1,1"
april,1,{(april)},0,1,0,"0,1,0"
aptitude,2,{(apt)}>itude>,0,1,1,"0,1,1"
aquamarine,2,{(aqua)(marine)},0,2,0,"0,2,0"
aqueduct,2,{(aqua)(duct)},0,2,0,"0,2,0"
arab,1,{(arab)},0,1,0,"0,1,0"
arbitration,3,{(arbiter)>ate>}>ion>,0,1,2,"0,1,2"
arbitrator,3,{(arbiter)>ate>}>or>,0,1,2,"0,1,2"
arboretum,2,{(arbor)>etum>},0,1,1,"0,1,1"
archaeologist,3,{(archaeo)(log)>ist>},0,2,1,"0,2,1"
archaeology,3,{(archaeo)(log)>y>},0,2,1,"0,2,1"
archangel,2,(arch){(angel)},0,2,0,"0,2,0"
archbishop,2,(arch){(bishop)},0,2,0,"0,2,0"
archdeacon,2,(arch){(deacon)},0,2,0,"0,2,0"
archdiocese,2,(arch){(diocese)},0,2,0,"0,2,0"
archduke,2,(arch){(duke)},0,2,0,"0,2,0"
archer,1,{(archer)},0,1,0,"0,1,0"
archery,2,{(archer)}>y>,0,1,1,"0,1,1"
archetype,2,{(arche)(typo)},0,2,0,"0,2,0"
architecture,2,{(architect)}>ure>,0,1,1,"0,1,1"
archivist,2,{(archive)}>ist>,0,1,1,"0,1,1"
archway,2,{(arch)}{(way)},0,2,0,"0,2,0"
argentina,1,{(argentina)},0,1,0,"0,1,0"
arguing,1,{(argue)},0,1,0,"0,1,0"
argument,2,{(argue)}>ment>,0,1,1,"0,1,1"
aristocracy,2,{(aristo)(cracy)},0,2,0,"0,2,0"
aristocrat,2,{(aristo)(crat)},0,2,0,"0,2,0"
arithmetic,1,{(arithmetic)},0,1,0,"0,1,0"
armada,1,{(armada)},0,1,0,"0,1,0"
armband,2,{(arm)}{(band)},0,2,0,"0,2,0"
armchair,2,{(arm)}{(chair)},0,2,0,"0,2,0"
armory,2,{(armor)}>y>,0,1,1,"0,1,1"
armoury,2,{(armor)}>y>,0,1,1,"0,1,1"
armpit,2,{(arm)}{(pit)},0,2,0,"0,2,0"
army,1,{(army)},0,1,0,"0,1,0"
arraignment,2,{(arraign)}>ment>,0,1,1,"0,1,1"
arrow,1,{(arrow)},0,1,0,"0,1,0"
arrowhead,2,{(arrow)}{(head)},0,2,0,"0,2,0"
arsehole,2,{(arse)}{(hole)},0,2,0,"0,2,0"
art,1,{(art)},0,1,0,"0,1,0"
artisan,1,{(artisan)},0,1,0,"0,1,0"
artist,2,{(art)}>ist>,0,1,1,"0,1,1"
artistry,3,{(art)}>ist>>ory>,0,1,2,"0,1,2"
ascendancy,3,{(ascend)}>ance>>y>,0,1,2,"0,1,2"
ascendant,2,{(ascend)}>ant>,0,1,1,"0,1,1"
ascension,2,{(ascend)}>ion>,0,1,1,"0,1,1"
ash,1,{(ash)},0,1,0,"0,1,0"
ashtray,2,{(ash)}{(tray)},0,2,0,"0,2,0"
asia,1,{(asia)},0,1,0,"0,1,0"
asian,2,{(asia)}>n>,0,1,1,"0,1,1"
asp,1,{(asp)},0,1,0,"0,1,0"
aspect,1,{(aspect)},0,1,0,"0,1,0"
asphalt,1,{(asphalt)},0,1,0,"0,1,0"
asphyxiation,2,{(asphyxiate)}>ion>,0,1,1,"0,1,1"
aspiration,4,{<a<(spir)}>ate>>ion>,1,1,2,"1,1,2"
ass,1,{(ass)},0,1,0,"0,1,0"
assailant,2,{(assail)}>ant>,0,1,1,"0,1,1"
assassination,3,{(assassin)}>ate>>ion>,0,1,2,"0,1,2"
assertion,2,{(assert)}>ion>,0,1,1,"0,1,1"
assessment,2,{(assess)}>ment>,0,1,1,"0,1,1"
asset,1,{(asset)},0,1,0,"0,1,0"
asshole,2,{(ass)}{(hole)},0,2,0,"0,2,0"
assistance,2,{(assist)}>ance>,0,1,1,"0,1,1"
assistant,2,{(assist)}>ant>,0,1,1,"0,1,1"
association,4,{<a<(socio)>ate>}>ion>,1,1,2,"1,1,2"
assortment,3,{<a<(sort)}>ment>,1,1,1,"1,1,1"
assumption,1,{(assumption)},0,1,0,"0,1,0"
asteroids,2,{(astro)>oid>},0,1,1,"0,1,1"
asthma,1,{(asthma)},0,1,0,"0,1,0"
asthmatic,2,{(asthma)}>ic>,0,1,1,"0,1,1"
astrologer,3,{(astro)(log)>er>},0,2,1,"0,2,1"
astrology,3,{(astro)(log)>y>},0,2,1,"0,2,1"
astronaut,2,{(astro)(naut)},0,2,0,"0,2,0"
astronomer,3,{(astro)(nomin)>er>},0,2,1,"0,2,1"
astronomy,3,{(astro)(nomin)>y>},0,2,1,"0,2,1"
astrophysicist,4,(astro){(phys)>ic>>ist>},0,2,2,"0,2,2"
astrophysics,3,(astro){(phys)>ics>},0,2,1,"0,2,1"
atelier,1,{(atelier)},0,1,0,"0,1,0"
atheist,3,{<a<(theo)>ist>},1,1,1,"1,1,1"
atlas,1,{(atlas)},0,1,0,"0,1,0"
atmosphere,2,{(atmo)(sphere)},0,2,0,"0,2,0"
atom,1,{(atom)},0,1,0,"0,1,0"
atrocities,1,{(atrocity)},0,1,0,"0,1,0"
attach,1,{(attach)},0,1,0,"0,1,0"
attachment,2,{(attach)}>ment>,0,1,1,"0,1,1"
attendance,2,{(attend)}>ance>,0,1,1,"0,1,1"
attendant,2,{(attend)}>ant>,0,1,1,"0,1,1"
attestation,2,{(attest)}>ion>,0,1,1,"0,1,1"
attire,1,{(attire)},0,1,0,"0,1,0"
attribute,2,{<a<(tribute)},1,1,0,"1,1,0"
attribution,3,{<a<(tribute)}>ion>,1,1,1,"1,1,1"
attrition,1,{(attrition)},0,1,0,"0,1,0"
auctioneer,2,{(auction)}>eer>,0,1,1,"0,1,1"
audacity,2,{(audac)>ity>},0,1,1,"0,1,1"
audience,2,{(audio)>ance>},0,1,1,"0,1,1"
audiovisual,3,(audio){(vis)>al>},0,2,1,"0,2,1"
audition,2,{(audio)>ion>},0,1,1,"0,1,1"
august,1,{(august)},0,1,0,"0,1,0"
auntie,2,{(aunt)}>y>,0,1,1,"0,1,1"
aurora,1,{(aurora)},0,1,0,"0,1,0"
auspices,1,{(auspice)},0,1,0,"0,1,0"
austria,1,{(austria)},0,1,0,"0,1,0"
authentication,4,{(authent)>ic>}>ate>>ion>,0,1,3,"0,1,3"
author,1,{(author)},0,1,0,"0,1,0"
authoritarian,2,{(author)>ian>},0,1,1,"0,1,1"
authoritarianism,3,{(author)>ian>}>ism>,0,1,2,"0,1,2"
authorization,3,{(author)>ize>}>ion>,0,1,2,"0,1,2"
authorship,2,{(author)}>ship>,0,1,1,"0,1,1"
autism,2,{(auto)>ism>},0,1,1,"0,1,1"
auto,1,{(auto)},0,1,0,"0,1,0"
autobiography,4,<auto<{(bio)(graph)>y>},1,2,1,"1,2,1"
autograph,2,{<auto<(graph)},1,1,0,"1,1,0"
automaton,1,{(automata)},0,1,0,"0,1,0"
automobile,2,{<auto<(mobile)},1,1,0,"1,1,0"
autonomy,3,{<auto<(nomin)>y>},1,1,1,"1,1,1"
autopsies,1,{(autopsy)},0,1,0,"0,1,0"
auxiliaries,1,{(auxiliary)},0,1,0,"0,1,0"
avarice,1,{(avarice)},0,1,0,"0,1,0"
aviation,2,{(aviate)}>ion>,0,1,1,"0,1,1"
aviator,2,{(aviate)}>or>,0,1,1,"0,1,1"
award,1,{(award)},0,1,0,"0,1,0"
awareness,2,{(aware)}>ness>,0,1,1,"0,1,1"
axe,1,{(axe)},0,1,0,"0,1,0"
azimuth,1,{(azimuth)},0,1,0,"0,1,0"
babe,1,{(babe)},0,1,0,"0,1,0"
baboon,1,{(baboon)},0,1,0,"0,1,0"
baby,1,{(baby)},0,1,0,"0,1,0"
baccalaureate,1,{(baccalaureate)},0,1,0,"0,1,0"
backboard,2,{(back}){(board)},0,2,0,"0,2,0"
backbone,2,{(back}){(bone)},0,2,0,"0,2,0"
backdrop,2,{(back}){(drop)},0,2,0,"0,2,0"
background,2,{(back)}{(ground)},0,2,0,"0,2,0"
backhand,2,{(back)}{(hand)},0,2,0,"0,2,0"
backlog,2,{(back)}{(log)},0,2,0,"0,2,0"
backpack,2,{(back)}{(pack)},0,2,0,"0,2,0"
backroom,2,{(back)}{(room)},0,2,0,"0,2,0"
backseat,2,{(back)}{(seat)},0,2,0,"0,2,0"
backside,2,{(back)}{(side)},0,2,0,"0,2,0"
backstroke,2,{(back)}{(stroke)},0,2,0,"0,2,0"
backup,2,{(back)}{(up)},0,2,0,"0,2,0"
backwater,2,{(back)}{(water)},0,2,0,"0,2,0"
backwoods,2,{(back)}{(wood)},0,2,0,"0,2,0"
backyard,2,{(back)}{(yard)}},0,2,0,"0,2,0"
bacteria,2,{(bacteri)>a>},0,1,1,"0,1,1"
bacterium,2,{(bacteri)>ium>},0,1,1,"0,1,1"
bad,1,{(bad)},0,1,0,"0,1,0"
badge,1,{(badge)},0,1,0,"0,1,0"
bag,1,{(bag)},0,1,0,"0,1,0"
bailey,1,{(bailey)},0,1,0,"0,1,0"
bake,1,{(bake)},0,1,0,"0,1,0"
bakery,2,{(bake)}>ory>,0,1,1,"0,1,1"
balaclava,1,{(balaclava)},0,1,0,"0,1,0"
balance,1,{(balance)},0,1,0,"0,1,0"
balconies,1,{(balcony)},0,1,0,"0,1,0"
balcony,1,{(balcony)},0,1,0,"0,1,0"
balding,1,{(bald)},0,1,0,"0,1,0"
baldness,2,{(bald)}>ness>,0,1,1,"0,1,1"
baldy,2,{(bald)}>y>,0,1,1,"0,1,1"
bale,1,{(bale)},0,1,0,"0,1,0"
ballast,1,{(ballast)},0,1,0,"0,1,0"
ballet,1,{(ballet)},0,1,0,"0,1,0"
ballot,1,{(ballot)},0,1,0,"0,1,0"
ballpoint,2,{(ball)}{(point)},0,2,0,"0,2,0"
ballroom,2,{(ball)}{(room)},0,2,0,"0,2,0"
bandage,2,{(band)}>age>,0,1,1,"0,1,1"
bandstand,2,{(band)}{(stand)},0,2,0,"0,2,0"
bandwagon,2,{(band)}{(wagon)},0,2,0,"0,2,0"
bandwidth,2,{(band)}{(width)},0,2,0,"0,2,0"
bane,1,{(bane)},0,1,0,"0,1,0"
bang,1,{(bang)},0,1,0,"0,1,0"
banger,2,{(bang)}>er>,0,1,1,"0,1,1"
banister,1,{(banister)},0,1,0,"0,1,0"
banjo,1,{(banjo)},0,1,0,"0,1,0"
bank,1,{(bank)},0,1,0,"0,1,0"
bankrupt,2,{(bank)(rupt)},0,2,0,"0,2,0"
bankruptcies,3,{(bank)(rupt)}>acy>,0,2,1,"0,2,1"
bankruptcy,3,{(bank)(rupt)}>acy>,0,2,1,"0,2,1"
banner,1,{(banner)},0,1,0,"0,1,0"
banshee,1,{(banshee)},0,1,0,"0,1,0"
bantam,1,{(bantam)},0,1,0,"0,1,0"
banter,1,{(banter)},0,1,0,"0,1,0"
baptism,2,{(bapt)>ism>},0,1,1,"0,1,1"
barb,1,{(barb)},0,1,0,"0,1,0"
barbara,1,{(barbara)},0,1,0,"0,1,0"
barbell,1,{(barbell)},0,1,0,"0,1,0"
barber,1,{(barber)},0,1,0,"0,1,0"
barium,1,{(barium)},0,1,0,"0,1,0"
barman,2,{(bar)}(man),0,2,0,"0,2,0"
barn,1,{(barn)},0,1,0,"0,1,0"
barnyard,2,{(barn)}{(yard)},0,2,0,"0,2,0"
barometer,2,{(baro)(meter)},0,2,0,"0,2,0"
barrage,1,{(barrage)},0,1,0,"0,1,0"
bartender,3,{(bar)}{(tend)}>er>,0,2,1,"0,2,1"
baseball,2,{(base)}{(ball)},0,2,0,"0,2,0"
baseline,2,{(base)}{(line)},0,2,0,"0,2,0"
baseman,2,{(base)}(man),0,2,0,"0,2,0"
basic,2,{(base)}>ic>,0,1,1,"0,1,1"
basil,1,{(basil)},0,1,0,"0,1,0"
basin,1,{(basin)},0,1,0,"0,1,0"
basis,1,{(basis)},0,1,0,"0,1,0"
basket,1,{(basket)},0,1,0,"0,1,0"
basketball,2,{(basket)}{(ball)},0,2,0,"0,2,0"
bass,1,{(bass)},0,1,0,"0,1,0"
bast,1,{(bast)},0,1,0,"0,1,0"
batch,1,{(batch)},0,1,0,"0,1,0"
bate,1,{(bate)},0,1,0,"0,1,0"
bath,1,{(bath)},0,1,0,"0,1,0"
bathrobe,2,{(bath)}{(robe)},0,2,0,"0,2,0"
bathroom,2,{(bath)}{(room)},0,2,0,"0,2,0"
bathtub,2,{(bath)}{(tube)},0,2,0,"0,2,0"
batik,1,{(batik)},0,1,0,"0,1,0"
batman,2,{(bat)}{(man)},0,2,0,"0,2,0"
batsman,2,{(bat)}(man),0,2,0,"0,2,0"
batsmen,2,{(bat)}(men),0,2,0,"0,2,0"
batteries,1,{(batterie)},0,1,0,"0,1,0"
batting,1,{(bat)},0,1,0,"0,1,0"
battlefield,2,{(battle)}{(field)},0,2,0,"0,2,0"
battlefront,2,{(battle)}{(front)},0,2,0,"0,2,0"
battleground,2,{(battle)}{(ground)},0,2,0,"0,2,0"
battleship,2,{(battle)}{(ship)},0,2,0,"0,2,0"
bayonet,1,{(bayonet)},0,1,0,"0,1,0"
beach,1,{(beach)},0,1,0,"0,1,0"
bead,1,{(bead)},0,1,0,"0,1,0"
beard,1,{(beard)},0,1,0,"0,1,0"
bed,1,{(bed)},0,1,0,"0,1,0"
bedrock,2,{(bed)}{(rock)},0,2,0,"0,2,0"
bedroom,2,{(bed)}{(room)},0,2,0,"0,2,0"
bedside,2,{(bed)}{(side)},0,2,0,"0,2,0"
bedtime,2,{(bed)}{(time)},0,2,0,"0,2,0"
beech,1,{(beech)},0,1,0,"0,1,0"
beehive,2,{(bee)}{(hive)},0,2,0,"0,2,0"
beeswax,2,{(bee)}{(wax)},0,2,0,"0,2,0"
beetle,1,{(beetle)},0,1,0,"0,1,0"
beetroot,2,{(beet)}{(root)},0,2,0,"0,2,0"
begging,1,{(beg)},0,1,0,"0,1,0"
beginner,2,{(begin)}>er>,0,1,1,"0,1,1"
beginning,1,{(begin)},0,1,0,"0,1,0"
beguiling,2,{<be<(guile)},1,1,0,"1,1,0"
behavior,2,{(behave)}>or>,0,1,1,"0,1,1"
beheading,2,<be<{(head)},1,1,0,"1,1,0"
behemoth,1,{(behemoth)},0,1,0,"0,1,0"
behind,1,{(behind)},0,1,0,"0,1,0"
belfry,1,{(belfry)},0,1,0,"0,1,0"
belgium,1,{(belgium)},0,1,0,"0,1,0"
believer,2,{(believe)}>er>,0,1,1,"0,1,1"
bell,1,{(bell)},0,1,0,"0,1,0"
belladonna,1,{(belladonna)},0,1,0,"0,1,0"
bellies,1,{(belly)},0,1,0,"0,1,0"
bellow,1,{(bellow)},0,1,0,"0,1,0"
belly,1,{(belly)},0,1,0,"0,1,0"
below,1,{(below)},0,1,0,"0,1,0"
belt,1,{(belt)},0,1,0,"0,1,0"
beltway,2,{(belt)}{(way)},0,2,0,"0,2,0"
benchmarks,2,{(bench)}{(mark)},0,2,0,"0,2,0"
benefactor,3,{(bene)(fact)>or>},0,2,1,"0,2,1"
beneficiary,1,{(beneficiary)},0,1,0,"0,1,0"
benevolence,3,{(bene)(vol)>ance>},0,2,1,"0,2,1"
benzene,1,{(benzene)},0,1,0,"0,1,0"
beret,1,{(beret)},0,1,0,"0,1,0"
berg,1,{(berg)},0,1,0,"0,1,0"
berlin,1,{(berlin)},0,1,0,"0,1,0"
bestseller,3,{(beast)}{(sell)}>er>,0,2,1,"0,2,1"
betterment,2,{(better)}>ment>,0,1,1,"0,1,1"
betting,1,{(bet)},0,1,0,"0,1,0"
bewilderment,3,{<be<(wilder)}>ment>,1,1,1,"1,1,1"
beyond,1,{(beyond)},0,1,0,"0,1,0"
bib,1,{(bib)},0,1,0,"0,1,0"
bibliographies,3,{(biblio)(graph)>y>},0,2,1,"0,2,1"
bibliography,3,{(biblio)(graph)>y>},0,2,1,"0,2,1"
bicarbonate,3,<bi<{(carbon)}>ate>,1,1,1,"1,1,1"
bicentennial,4,<bi<{<centi<(ann)>al>},2,1,1,"2,1,1"
biceps,2,{<bi<(ceps)},1,1,0,"1,1,0"
bicycle,2,{<bi<(cycle)},1,1,0,"1,1,0"
bidding,1,{(bid)},0,1,0,"0,1,0"
biff,1,{(biff)},0,1,0,"0,1,0"
bight,1,{(bight)},0,1,0,"0,1,0"
bigot,1,{(bigot)},0,1,0,"0,1,0"
bigotry,2,{(bigot)}>ory>,0,1,1,"0,1,1"
bilateral,2,<bi<{(lateral)},1,1,0,"1,1,0"
bilge,1,{(bilge)},0,1,0,"0,1,0"
billboard,2,{(bill)}{(board)},0,2,0,"0,2,0"
billy,2,{(bill)>y>},0,1,1,"0,1,1"
binder,2,{(bind)}>er>,0,1,1,"0,1,1"
bing,1,{(bing)},0,1,0,"0,1,0"
bingo,1,{(bingo)},0,1,0,"0,1,0"
binocular,3,{(bin)(ocul)>ar>},0,2,1,"0,2,1"
biochemistry,4,(bio){(chem)>ist>}>ory>,0,2,2,"0,2,2"
biographer,3,{(bio)(graph)>er>},0,2,1,"0,2,1"
biographies,3,{(bio)(graph)>y>},0,2,1,"0,2,1"
biography,3,{(bio)(graph)>y>},0,2,1,"0,2,1"
biologist,3,{(bio)(log)>ist>},0,2,1,"0,2,1"
biology,3,{(bio)(log)>y>},0,2,1,"0,2,1"
biosphere,2,(bio){(sphere)},0,2,0,"0,2,0"
biotechnology,4,(bio){(tech)(log)>y>},0,3,1,"0,3,1"
birch,1,{(birch)},0,1,0,"0,1,0"
birth,1,{(birth)},0,1,0,"0,1,0"
birthday,2,{(birth)}{(day)},0,2,0,"0,2,0"
birthplace,2,{(birth)}{(place)},0,2,0,"0,2,0"
birthright,2,{(birth)}{(right)},0,2,0,"0,2,0"
bisexuality,4,<bi<{(sex)}>al>>ity>,1,1,2,"1,1,2"
bishopric,1,{(bishopric)},0,1,0,"0,1,0"
bistro,1,{(bistro)},0,1,0,"0,1,0"
bit,1,{(bit)},0,1,0,"0,1,0"
biter,2,{(bite)}>er>,0,1,1,"0,1,1"
bitterness,2,{(bitter)}>ness>,0,1,1,"0,1,1"
bittersweet,2,{(bitter)}{(sweet)},0,2,0,"0,2,0"
blackberries,2,{(black)}(berry),0,2,0,"0,2,0"
blackberry,2,{(black)}(berry),0,2,0,"0,2,0"
blackbird,2,{(black)}{(bird)},0,2,0,"0,2,0"
blackboard,2,{(black)}{(board)},0,2,0,"0,2,0"
blackjack,2,{(black)}{(jack)},0,2,0,"0,2,0"
blacklist,2,{(black)}{(list)},0,2,0,"0,2,0"
blackmail,2,{(black)}{(mail)},0,2,0,"0,2,0"
blackness,2,{(black)}>ness>,0,1,1,"0,1,1"
blackout,2,{(black)}{(out)},0,2,0,"0,2,0"
blacksmith,2,{(black)}{(smith)},0,2,0,"0,2,0"
blah,1,{(blah)},0,1,0,"0,1,0"
blanket,1,{(blanket)},0,1,0,"0,1,0"
blasphemy,2,{(blaspheme)}>y>,0,1,1,"0,1,1"
bleacher,2,{(bleach)}>er>,0,1,1,"0,1,1"
bleeding,1,{(bleed)},0,1,0,"0,1,0"
blessing,1,{(bless)},0,1,0,"0,1,0"
blight,1,{(blight)},0,1,0,"0,1,0"
blindfold,2,{(blind)}{(fold)},0,2,0,"0,2,0"
blister,1,{(blister)},0,1,0,"0,1,0"
blitz,1,{(blitz)},0,1,0,"0,1,0"
bloat,1,{(bloat)},0,1,0,"0,1,0"
blob,1,{(blob)},0,1,0,"0,1,0"
blockade,2,{(block)>ade>},0,1,1,"0,1,1"
blockbuster,3,{(block)}{(bust)}>er>,0,2,1,"0,2,1"
bloke,1,{(bloke)},0,1,0,"0,1,0"
bloodbath,2,{(blood)}{(bath)},0,2,0,"0,2,0"
bloodhound,2,{(blood)}{(hound)},0,2,0,"0,2,0"
bloodshed,2,{(blood)}{(shed)},0,2,0,"0,2,0"
bloodstream,2,{(blood)}{(stream)},0,2,0,"0,2,0"
blossom,1,{(blossom)},0,1,0,"0,1,0"
blowback,2,{(blow)}{(back)},0,2,0,"0,2,0"
blowout,2,{(blow)}{(out)},0,2,0,"0,2,0"
blue,1,{(blue)},0,1,0,"0,1,0"
bluebell,2,{(blue)}{(bell)},0,2,0,"0,2,0"
blueberries,2,{(blue)}(berry),0,2,0,"0,2,0"
blueberry,2,{(blue)}(berry),0,2,0,"0,2,0"
bluebird,2,{(blue)}{(bird)},0,2,0,"0,2,0"
blueprint,2,{(blue)}{(print)},0,2,0,"0,2,0"
blunder,1,{(blunder)},0,1,0,"0,1,0"
blurb,1,{(blurb)},0,1,0,"0,1,0"
boa,1,{(boa)},0,1,0,"0,1,0"
boardroom,2,{(board)}{(room)},0,2,0,"0,2,0"
boardwalk,2,{(board)}{(walk)},0,2,0,"0,2,0"
boathouse,2,{(boat)}{(house)},0,2,0,"0,2,0"
boatman,2,{(boat)}(man),0,2,0,"0,2,0"
bobbin,1,{(bobbin)},0,1,0,"0,1,0"
bobcat,2,{(bob)}{(cat)},0,2,0,"0,2,0"
bobsleigh,2,{(bob)}{(sleigh)},0,2,0,"0,2,0"
bod,1,{(bod)},0,1,0,"0,1,0"
bodice,1,{(bodice)},0,1,0,"0,1,0"
bodies,1,{(body)},0,1,0,"0,1,0"
bodybuilder,3,{(body)}{(build)}>er>,0,2,1,"0,2,1"
bodybuilding,2,{(body)}{(build)},0,2,0,"0,2,0"
bodyguard,2,{(body)}{(guard)},0,2,0,"0,2,0"
bodyweight,3,{(body)}{(weigh)>t>},0,2,1,"0,2,1"
bodywork,2,{(body)}{(work)},0,2,0,"0,2,0"
bog,1,{(bog)},0,1,0,"0,1,0"
boggling,1,{(boggle)},0,1,0,"0,1,0"
boiler,2,{(boil)}>er>,0,1,1,"0,1,1"
bolo,1,{(bolo)},0,1,0,"0,1,0"
bombardier,2,{(bombard)}>er>,0,1,1,"0,1,1"
bombardment,2,{(bombard)}>ment>,0,1,1,"0,1,1"
bomber,2,{(bomb)}>er>,0,1,1,"0,1,1"
bombshell,2,{(bomb)}{(shell)},0,2,0,"0,2,0"
bonanza,1,{(bonanza)},0,1,0,"0,1,0"
bondage,2,{(bond)}>age>,0,1,1,"0,1,1"
bone,1,{(bone)},0,1,0,"0,1,0"
bonfire,2,{(bon)(fire)},0,2,0,"0,2,0"
bong,1,{(bong)},0,1,0,"0,1,0"
bongo,1,{(bongo)},0,1,0,"0,1,0"
bonsai,1,{(bonsai)},0,1,0,"0,1,0"
bonus,1,{(bonus)},0,1,0,"0,1,0"
boo,1,{(boo)},0,1,0,"0,1,0"
boob,1,{(boob)},0,1,0,"0,1,0"
booby,1,{(booby)},0,1,0,"0,1,0"
bookcase,2,{(book)}{(case)},0,2,0,"0,2,0"
booker,2,{(book)}>er>,0,1,1,"0,1,1"
bookie,2,{(book)}>y>,0,1,1,"0,1,1"
bookkeeper,3,{(book)}{(keep)}>er>,0,2,1,"0,2,1"
bookkeeping,2,{(book)}{(keep)},0,2,0,"0,2,0"
bookmaker,3,{(book)}{(make)}>er>,0,2,1,"0,2,1"
bookmark,2,{(book)}{(mark)},0,2,0,"0,2,0"
bookseller,3,{(book)}{(sell)}>er>,0,2,1,"0,2,1"
bookshelf,2,{(book)}{(shelf)},0,2,0,"0,2,0"
bookshelves,2,{(book)}{(shelf)},0,2,0,"0,2,0"
bookshop,2,{(book)}{(shop)},0,2,0,"0,2,0"
bookworm,2,{(book)}{(worm)},0,2,0,"0,2,0"
boon,1,{(boon)},0,1,0,"0,1,0"
bootleg,2,{(boot)}{(leg)},0,2,0,"0,2,0"
booty,1,{(booty)},0,1,0,"0,1,0"
boozer,2,{(booze)}>er>,0,1,1,"0,1,1"
borderline,2,{(border)}{(line)},0,2,0,"0,2,0"
boredom,2,{(bore)}>dom>,0,1,1,"0,1,1"
borehole,2,{(bore)}{(hole)},0,2,0,"0,2,0"
borer,2,{(bore)}>er>,0,1,1,"0,1,1"
boron,1,{(boron)},0,1,0,"0,1,0"
boss,1,{(boss)},0,1,0,"0,1,0"
boston,1,{(boston)},0,1,0,"0,1,0"
bottleneck,2,{(bottle)}{(neck)},0,2,0,"0,2,0"
bouncer,2,{(bounce)}>er>,0,1,1,"0,1,1"
bound,1,{(bound)},0,1,0,"0,1,0"
boundaries,2,{(bound)}>ory>,0,1,1,"0,1,1"
bouquet,1,{(bouquet)},0,1,0,"0,1,0"
bourbon,1,{(bourbon)},0,1,0,"0,1,0"
bourgeois,1,{(bourgeois)},0,1,0,"0,1,0"
bovine,1,{(bovine)},0,1,0,"0,1,0"
bow,1,{(bow)},0,1,0,"0,1,0"
bower,1,{(bower)},0,1,0,"0,1,0"
boxer,2,{(box)}>er>,0,1,1,"0,1,1"
boyfriend,2,{(boy)}{(friend)},0,2,0,"0,2,0"
boyhood,2,{(boy)}>hood>,0,1,1,"0,1,1"
brace,1,{(brace)},0,1,0,"0,1,0"
brags,1,{(brag)},0,1,0,"0,1,0"
brainchild,2,{(brain)}{(child)},0,2,0,"0,2,0"
brainstorm,2,{(brain)}{(storm)},0,2,0,"0,2,0"
brainwashing,2,{(brain)}{(wash)},0,2,0,"0,2,0"
brake,1,{(brake)},0,1,0,"0,1,0"
branch,1,{(branch)},0,1,0,"0,1,0"
brand,1,{(brand)},0,1,0,"0,1,0"
brandon,2,{(bran)(don)},0,2,0,"0,2,0"
brandy,1,{(brandy)},0,1,0,"0,1,0"
braves,1,{(brave)},0,1,0,"0,1,0"
brawn,1,{(brawn)},0,1,0,"0,1,0"
bray,1,{(bray)},0,1,0,"0,1,0"
brazier,1,{(brazier)},0,1,0,"0,1,0"
breach,1,{(breach)},0,1,0,"0,1,0"
breadwinner,3,{(bread)}{(win)}>er>,0,2,1,"0,2,1"
breakage,2,{(break)}>age>,0,1,1,"0,1,1"
breakaway,2,{(break)}{(away)},0,2,0,"0,2,0"
breakdown,2,{(break)}{(down)},0,2,0,"0,2,0"
breaker,2,{(break)}>er>,0,1,1,"0,1,1"
breakfast,2,{(break)(fast)},0,2,0,"0,2,0"
breakout,2,{(break)}{(out)},0,2,0,"0,2,0"
breakthrough,2,{(break)}{(through)},0,2,0,"0,2,0"
breakup,2,{(break)}{(up)},0,2,0,"0,2,0"
breakwater,2,{(break)}{(water)},0,2,0,"0,2,0"
bream,1,{(bream)},0,1,0,"0,1,0"
breastfeeding,2,{(breast)}{(feed)},0,2,0,"0,2,0"
breaststroke,2,{(breast)}{(stroke)},0,2,0,"0,2,0"
breech,1,{(breech)},0,1,0,"0,1,0"
breeder,2,{(breed)}>er>,0,1,1,"0,1,1"
brethren,1,{(brethren)},0,1,0,"0,1,0"
brevity,1,{(brevity)},0,1,0,"0,1,0"
brewer,2,{(brew)}>er>,0,1,1,"0,1,1"
breweries,2,{(brew)}>ory>,0,1,1,"0,1,1"
brewery,2,{(brew)}>ory>,0,1,1,"0,1,1"
briar,1,{(briar)},0,1,0,"0,1,0"
bribery,2,{(bribe)}>ory>,0,1,1,"0,1,1"
brick,1,{(brick)},0,1,0,"0,1,0"
bricklayer,3,{(brick)}{(lay)}>er>,0,2,1,"0,2,1"
brickwork,2,{(brick)}{(work)},0,2,0,"0,2,0"
bride,1,{(bride)},0,1,0,"0,1,0"
bridegroom,2,{(bride)}{(groom)},0,2,0,"0,2,0"
bridesmaid,2,{(bride)}{(maid)},0,2,0,"0,2,0"
brief,1,{(brief)},0,1,0,"0,1,0"
briefcase,2,{(brief)}{(case)},0,2,0,"0,2,0"
brigade,1,{(brigade)},0,1,0,"0,1,0"
brigadier,2,{(brigade)}>er>,0,1,1,"0,1,1"
brilliance,2,{(brilli)>ance>},0,1,1,"0,1,1"
brimstone,2,{(brim)}{(stone)},0,2,0,"0,2,0"
broad,1,{(broad)},0,1,0,"0,1,0"
broadcast,2,{(broad)}{(cast)},0,2,0,"0,2,0"
broadcaster,3,{(broad)}{(cast)}>er>,0,2,1,"0,2,1"
broadside,2,{(broad)}{(side)},0,2,0,"0,2,0"
brocade,1,{(brocade)},0,1,0,"0,1,0"
broiler,2,{(broil)}>er>,0,1,1,"0,1,1"
broker,2,{(broke)}>er>,0,1,1,"0,1,1"
bronchitis,2,{(bronchi)>itis>},0,1,1,"0,1,1"
brooch,1,{(brooch)},0,1,0,"0,1,0"
brooklyn,2,{(brook)(lyn)},0,2,0,"0,2,0"
broom,1,{(broom)},0,1,0,"0,1,0"
brownie,2,{(brown)}>y>,0,1,1,"0,1,1"
brownstone,2,{(brown)}{(stone)},0,2,0,"0,2,0"
bruiser,2,{(bruise)}>er>,0,1,1,"0,1,1"
brunt,1,{(brunt)},0,1,0,"0,1,0"
brush,1,{(brush)},0,1,0,"0,1,0"
brutality,3,{(brute)}>al>>ity>,0,1,2,"0,1,2"
brute,1,{(brute)},0,1,0,"0,1,0"
bubble,1,{(bubble)},0,1,0,"0,1,0"
bucket,1,{(bucket)},0,1,0,"0,1,0"
buckwheat,2,{(buck)}{(wheat)},0,2,0,"0,2,0"
buddies,1,{(buddy)},0,1,0,"0,1,0"
budgetary,2,{(budget)}>ory>,0,1,1,"0,1,1"
buffet,1,{(buffet)},0,1,0,"0,1,0"
bug,1,{(bug)},0,1,0,"0,1,0"
buggy,1,{(buggy)},0,1,0,"0,1,0"
build,1,{(build)},0,1,0,"0,1,0"
builder,2,{(build)}>er>,0,1,1,"0,1,1"
buildup,2,{(build)}{(up)},0,2,0,"0,2,0"
bulb,1,{(bulb)},0,1,0,"0,1,0"
bulk,1,{(bulk)},0,1,0,"0,1,0"
bulkhead,2,{(bulk)}{(head)},0,2,0,"0,2,0"
bull,1,{(bull)},0,1,0,"0,1,0"
bulldog,2,{(bull)}{(dog)},0,2,0,"0,2,0"
bulldozer,3,{(bull)}{(doze)}>er>,0,2,1,"0,2,1"
bullet,1,{(bullet)},0,1,0,"0,1,0"
bullock,2,{(bull)>ock>},0,1,1,"0,1,1"
bullshit,2,{(bull)}{(shit)},0,2,0,"0,2,0"
bullshitting,2,{(bull)}{(shit)},0,2,0,"0,2,0"
bully,1,{(bully)},0,1,0,"0,1,0"
bumblebee,2,{(bumble)}{(bee)},0,2,0,"0,2,0"
bummer,2,{(bum)}>er>,0,1,1,"0,1,1"
bundle,1,{(bundle)},0,1,0,"0,1,0"
bung,1,{(bung)},0,1,0,"0,1,0"
bungalow,1,{(bungalow)},0,1,0,"0,1,0"
bunk,1,{(bunk)},0,1,0,"0,1,0"
bunny,1,{(bunny)},0,1,0,"0,1,0"
buoyancy,3,{(buoy)>ance>}>y>,0,1,2,"0,1,2"
buoys,1,{(buoy)},0,1,0,"0,1,0"
bureau,1,{(bureau)},0,1,0,"0,1,0"
bureaucracies,2,{(bureau)(cracy)},0,2,0,"0,2,0"
bureaucracy,2,{(bureau)(cracy)},0,2,0,"0,2,0"
bureaucrat,2,{(bureau)(crat)},0,2,0,"0,2,0"
burgundy,1,{(burgundy)},0,1,0,"0,1,0"
burial,2,{(bury)}>al>,0,1,1,"0,1,1"
burke,1,{(burke)},0,1,0,"0,1,0"
burner,2,{(burn)}>er>,0,1,1,"0,1,1"
burnside,2,{(burn)(side)},0,2,0,"0,2,0"
bursary,1,{(bursary)},0,1,0,"0,1,0"
bury,1,{(bury)},0,1,0,"0,1,0"
business,1,{(business)},0,1,0,"0,1,0"
businessman,2,{(business)}(man),0,2,0,"0,2,0"
businessmen,2,{(business)}(men),0,2,0,"0,2,0"
businesswoman,2,{(business)}(woman),0,2,0,"0,2,0"
butch,1,{(butch)},0,1,0,"0,1,0"
butchery,2,{(butcher)}>y>,0,1,1,"0,1,1"
butter,1,{(butter)},0,1,0,"0,1,0"
buttercup,2,{(butter)}{(cup)},0,2,0,"0,2,0"
butterflies,2,{(butter)}{(fly)},0,2,0,"0,2,0"
butterfly,2,{(butter)}{(fly)},0,2,0,"0,2,0"
buttermilk,2,{(butter)}{(milk)},0,2,0,"0,2,0"
butternut,2,{(butter)}{(nut)},0,2,0,"0,2,0"
butterscotch,2,{(butter)}{(scotch)},0,2,0,"0,2,0"
buyer,2,{(buy)}>er>,0,1,1,"0,1,1"
bylaw,2,<by<{(law)},1,1,0,"1,1,0"
bystander,3,<by<{(stand)}>er>,1,1,1,"1,1,1"
cabbage,1,{(cabbage)},0,1,0,"0,1,0"
cable,1,{(cable)},0,1,0,"0,1,0"
caboose,1,{(caboose)},0,1,0,"0,1,0"
cache,1,{(cache)},0,1,0,"0,1,0"
cacophony,3,{(caco)(phone)>y>},0,2,1,"0,2,1"
cacti,1,{(cacti)},0,1,0,"0,1,0"
cad,1,{(cad)},0,1,0,"0,1,0"
cadaver,1,{(cadaver)},0,1,0,"0,1,0"
caddie,1,{(caddie)},0,1,0,"0,1,0"
cadence,1,{(cadence)},0,1,0,"0,1,0"
cadre,1,{(cadre)},0,1,0,"0,1,0"
cafe,1,{(cafe)},0,1,0,"0,1,0"
caffeine,1,{(caffeine)},0,1,0,"0,1,0"
cake,1,{(cake)},0,1,0,"0,1,0"
calcium,2,{(calc)>ium>},0,1,1,"0,1,1"
calculating,2,{(calcul)>ate>},0,1,1,"0,1,1"
calculus,2,{(calcul)>us>},0,1,1,"0,1,1"
calendar,1,{(calendar)},0,1,0,"0,1,0"
calico,1,{(calico)},0,1,0,"0,1,0"
caliph,1,{(caliph)},0,1,0,"0,1,0"
caliphate,1,{(caliphate)},0,1,0,"0,1,0"
caller,2,{(call)}>er>,0,1,1,"0,1,1"
calligraphy,3,{(calli)(graph)>y>},0,2,1,"0,2,1"
camaraderie,1,{(camaraderie)},0,1,0,"0,1,0"
camber,1,{(camber)},0,1,0,"0,1,0"
camel,1,{(camel)},0,1,0,"0,1,0"
camellia,1,{(camellia)},0,1,0,"0,1,0"
cameo,1,{(cameo)},0,1,0,"0,1,0"
cameraman,2,{(camera)}(man),0,2,0,"0,2,0"
cameramen,2,{(camera)}(men),0,2,0,"0,2,0"
camp,1,{(camp)},0,1,0,"0,1,0"
campaigner,2,{(campaign)}>er>,0,1,1,"0,1,1"
campfire,2,{(camp)}{(fire)},0,2,0,"0,2,0"
campground,2,{(camp)}{(ground)},0,2,0,"0,2,0"
campion,1,{(campion)},0,1,0,"0,1,0"
campsite,2,{(camp)}{(site)},0,2,0,"0,2,0"
canada,1,{(canada)},0,1,0,"0,1,0"
cancer,1,{(cancer)},0,1,0,"0,1,0"
candidacy,2,{(candid)>acy>},0,1,1,"0,1,1"
candidate,2,{(candid)>ate>},0,1,1,"0,1,1"
candies,1,{(candy)},0,1,0,"0,1,0"
candle,1,{(candle)},0,1,0,"0,1,0"
candlelight,2,{(candle)}{(light)},0,2,0,"0,2,0"
candlestick,2,{(candle)}{(stick)},0,2,0,"0,2,0"
cane,1,{(cane)},0,1,0,"0,1,0"
canine,2,{(can)>ine>},0,1,1,"0,1,1"
canister,1,{(canister)},0,1,0,"0,1,0"
cannibalism,2,{(cannibal)}>ism>,0,1,1,"0,1,1"
canning,1,{(can)},0,1,0,"0,1,0"
cannonball,2,{(cannon)}{(ball)},0,2,0,"0,2,0"
canon,1,{(canon)},0,1,0,"0,1,0"
canonization,3,{(canon)}>ize>>ion>,0,1,2,"0,1,2"
cant,1,{(cant)},0,1,0,"0,1,0"
cantaloupe,1,{(cantaloupe)},0,1,0,"0,1,0"
cantilever,2,{(canti)(lever)},0,2,0,"0,2,0"
canvas,1,{(canvas)},0,1,0,"0,1,0"
capabilities,2,{(capable)}>ity>,0,1,1,"0,1,1"
capability,2,{(capable)}>ity>,0,1,1,"0,1,1"
capacitance,2,{(capacit)>ance>},0,1,1,"0,1,1"
capacities,2,{(capacit)>y>},0,1,1,"0,1,1"
capacitor,2,{(capacit)>or>},0,1,1,"0,1,1"
caption,1,{(caption)},0,1,0,"0,1,0"
car,1,{(car)},0,1,0,"0,1,0"
carbide,1,{(carbide)},0,1,0,"0,1,0"
carbohydrate,3,(carbo){(hydro)>ate>},0,2,1,"0,2,1"
carcinogen,2,{(carcino)(gen)},0,2,0,"0,2,0"
carcinoma,1,{(carcinoma)},0,1,0,"0,1,0"
card,1,{(card)},0,1,0,"0,1,0"
cardamom,1,{(cardamom)},0,1,0,"0,1,0"
cardboard,2,{(card)}{(board)},0,2,0,"0,2,0"
cardigan,1,{(cardigan)},0,1,0,"0,1,0"
cardinal,1,{(cardinal)},0,1,0,"0,1,0"
caretaker,3,{(care)}{(take)}>er>,0,2,1,"0,2,1"
carl,1,{(carl)},0,1,0,"0,1,0"
carmine,1,{(carmine)},0,1,0,"0,1,0"
carnage,1,{(carnage)},0,1,0,"0,1,0"
carnation,1,{(carnation)},0,1,0,"0,1,0"
carnival,1,{(carnival)},0,1,0,"0,1,0"
caroline,1,{(caroline)},0,1,0,"0,1,0"
carousel,1,{(carousel)},0,1,0,"0,1,0"
carpal,1,{(carpal)},0,1,0,"0,1,0"
carpet,1,{(carpet)},0,1,0,"0,1,0"
carriage,2,{(carry)>age>},0,1,1,"0,1,1"
carriageway,3,{(carry)>age>}{(way)},0,2,1,"0,2,1"
carrier,2,{(carry)}>er>,0,1,1,"0,1,1"
carte,1,{(carte)},0,1,0,"0,1,0"
cartography,3,{(cart)(graph)>y>},0,2,1,"0,2,1"
cartridge,1,{(cartridge)},0,1,0,"0,1,0"
cascade,1,{(cascade)},0,1,0,"0,1,0"
cashew,1,{(cashew)},0,1,0,"0,1,0"
cask,1,{(cask)},0,1,0,"0,1,0"
cast,1,{(cast)},0,1,0,"0,1,0"
castaway,2,{(cast)}{(away)},0,2,0,"0,2,0"
caster,2,{(cast)}>er>,0,1,1,"0,1,1"
castor,1,{(castor)},0,1,0,"0,1,0"
casualty,2,{(casual)>ity>},0,1,1,"0,1,1"
cat,1,{(cat)},0,1,0,"0,1,0"
catalog,1,{(catalog)},0,1,0,"0,1,0"
catastrophe,2,{(catastrophe)>e>},0,1,1,"0,1,1"
catchphrase,2,{(catch)}{(phrase)},0,2,0,"0,2,0"
catechism,2,{(catech)>ism>},0,1,1,"0,1,1"
categories,2,{(categor)>y>},0,1,1,"0,1,1"
category,2,{(categor)>y>},0,1,1,"0,1,1"
caterer,2,{(cater)}>er>,0,1,1,"0,1,1"
catering,1,{(cater)},0,1,0,"0,1,0"
catfish,2,{(cat)}{(fish)},0,2,0,"0,2,0"
cathedral,1,{(cathedral)},0,1,0,"0,1,0"
catherine,1,{(catherine)},0,1,0,"0,1,0"
catheter,1,{(catheter)},0,1,0,"0,1,0"
catnip,2,{(cat)}{(nip)},0,2,0,"0,2,0"
cattle,1,{(cattle)},0,1,0,"0,1,0"
catwalk,2,{(cat)}{(walk)},0,2,0,"0,2,0"
causality,3,{(cause)}>al>>ity>,0,1,2,"0,1,2"
causation,2,{(cause)}>ion>,0,1,1,"0,1,1"
causeway,2,{(cause)}{(way)},0,2,0,"0,2,0"
cavalcade,2,{(caval)(cade)},0,2,0,"0,2,0"
cavalier,2,{(caval)>er>},0,1,1,"0,1,1"
cavalry,2,{(caval)>ory>},0,1,1,"0,1,1"
cave,1,{(cave)},0,1,0,"0,1,0"
caveman,2,{(cave)}{(man)},0,2,0,"0,2,0"
cavities,1,{(cavity)},0,1,0,"0,1,0"
cease,1,{(cease)},0,1,0,"0,1,0"
ceiling,1,{(ceiling)},0,1,0,"0,1,0"
celebration,3,{(celebr)>ate>}>ion>,0,1,2,"0,1,2"
celebrities,2,{(celebr)>ity>},0,1,1,"0,1,1"
celebrity,2,{(celebr)>ity>},0,1,1,"0,1,1"
cellist,1,{(cellist)},0,1,0,"0,1,0"
celluloid,3,{(cell)>ule>}>oid>,0,1,2,"0,1,2"
cellulose,3,{(cell)>ule>}>ose>,0,1,2,"0,1,2"
cement,1,{(cement)},0,1,0,"0,1,0"
cemetery,1,{(cemetery)},0,1,0,"0,1,0"
censor,2,{(cens)>or>},0,1,1,"0,1,1"
censorship,3,{(cens)>or>}>ship>,0,1,2,"0,1,2"
censure,2,{(cens)>ure>},0,1,1,"0,1,1"
census,1,{(census)},0,1,0,"0,1,0"
centennial,3,{<centi<(ann)>al>},1,1,1,"1,1,1"
center,1,{(center)},0,1,0,"0,1,0"
centerline,2,{(center)}{(line)},0,2,0,"0,2,0"
centimetre,2,{<centi<(metre)},1,1,0,"1,1,0"
centipede,2,{<centi<(podo)},1,1,0,"1,1,0"
centralization,4,{(center)>al>}>ize>>ion>,0,1,3,"0,1,3"
centrepiece,2,{(centre)}{(piece)},0,2,0,"0,2,0"
centrifuge,2,{(center)>fuge>},0,1,1,"0,1,1"
centuries,1,{(century)},0,1,0,"0,1,0"
centurion,1,{(centurion)},0,1,0,"0,1,0"
ceramics,1,{(ceramics)},0,1,0,"0,1,0"
cereal,1,{(cereal)},0,1,0,"0,1,0"
cert,1,{(cert)},0,1,0,"0,1,0"
certain,1,{(certain)},0,1,0,"0,1,0"
certainty,2,{(certain)}>ity>,0,1,1,"0,1,1"
certificate,3,{(cert)>ify>>ate>},0,1,2,"0,1,2"
certification,4,{(cert)>ify>>ate>}>ion>,0,1,3,"0,1,3"
cesspool,2,{(cess)}{(pool)},0,2,0,"0,2,0"
chairman,2,{(chair)}(man),0,2,0,"0,2,0"
chairmanship,3,{(chair)}(man)>ship>,0,2,1,"0,2,1"
chairmen,2,{(chair)}(men),0,2,0,"0,2,0"
chairperson,2,{(chair)}{(person)},0,2,0,"0,2,0"
chairwoman,2,{(chair)}(woman),0,2,0,"0,2,0"
chaise,1,{(chaise)},0,1,0,"0,1,0"
chalet,1,{(chalet)},0,1,0,"0,1,0"
chalice,1,{(chalice)},0,1,0,"0,1,0"
challenge,1,{(challenge)},0,1,0,"0,1,0"
chameleon,1,{(chameleon)},0,1,0,"0,1,0"
champ,1,{(champ)},0,1,0,"0,1,0"
champaign,1,{(champaign)},0,1,0,"0,1,0"
championship,2,{(champion)}>ship>,0,1,1,"0,1,1"
chancery,1,{(chancery)},0,1,0,"0,1,0"
chandelier,1,{(chandelier)},0,1,0,"0,1,0"
changeling,2,{(change)}>ling>,0,1,1,"0,1,1"
chant,1,{(chant)},0,1,0,"0,1,0"
chaplain,1,{(chaplain)},0,1,0,"0,1,0"
chapter,1,{(chapter)},0,1,0,"0,1,0"
characteristic,2,{(character)}>ic>,0,1,1,"0,1,1"
charade,1,{(charade)},0,1,0,"0,1,0"
chard,1,{(chard)},0,1,0,"0,1,0"
charge,1,{(charge)},0,1,0,"0,1,0"
charities,2,{(charit)>y>},0,1,1,"0,1,1"
charity,2,{(charit)>y>},0,1,1,"0,1,1"
charlie,1,{(charlie)},0,1,0,"0,1,0"
charm,1,{(charm)},0,1,0,"0,1,0"
chaser,2,{(chase)}>er>,0,1,1,"0,1,1"
chasm,1,{(chasm)},0,1,0,"0,1,0"
chat,1,{(chat)},0,1,0,"0,1,0"
cheap,1,{(cheap)},0,1,0,"0,1,0"
cheat,1,{(cheat)},0,1,0,"0,1,0"
checkbook,2,{(check)}{(book)},0,2,0,"0,2,0"
checklist,2,{(check)}{(list)},0,2,0,"0,2,0"
checkmate,2,{(check)}{(mate)},0,2,0,"0,2,0"
checkout,2,{(check)}{(out)},0,2,0,"0,2,0"
checkpoint,2,{(check)}{(point)},0,2,0,"0,2,0"
checkup,2,{(check)}{(up)},0,2,0,"0,2,0"
cheer,1,{(cheer)},0,1,0,"0,1,0"
cheerleader,3,{(cheer)}{(lead)}>er>,0,2,1,"0,2,1"
cheesecake,2,{(cheese)}{(cake)},0,2,0,"0,2,0"
chef,1,{(chef)},0,1,0,"0,1,0"
chemical,3,{(chem)>ic>>al>},0,1,2,"0,1,2"
chemistry,3,{(chem)>ist>}>ory>,0,1,2,"0,1,2"
chemotherapy,3,(chem){(therap)>y>},0,2,1,"0,2,1"
cheque,1,{(cheque)},0,1,0,"0,1,0"
cherry,1,{(cherry)},0,1,0,"0,1,0"
chess,1,{(chess)},0,1,0,"0,1,0"
chesterfield,1,{(chesterfield)},0,1,0,"0,1,0"
chestnut,2,{(chest)(nut)},0,2,0,"0,2,0"
chi,1,{(chi)},0,1,0,"0,1,0"
chic,1,{(chic)},0,1,0,"0,1,0"
chicago,1,{(chicago)},0,1,0,"0,1,0"
chickpea,2,{(chick)}{(pea)},0,2,0,"0,2,0"
chief,1,{(chief)},0,1,0,"0,1,0"
chieftain,1,{(chieftain)},0,1,0,"0,1,0"
childbearing,2,{(child)}{(bear)},0,2,0,"0,2,0"
childbirth,2,{(child)}{(birth)},0,2,0,"0,2,0"
childhood,2,{(child)}>hood>,0,1,1,"0,1,1"
chile,1,{(chile)},0,1,0,"0,1,0"
chill,1,{(chill)},0,1,0,"0,1,0"
chiller,2,{(chill)}>er>,0,1,1,"0,1,1"
chilli,1,{(chilli)},0,1,0,"0,1,0"
chime,1,{(chime)},0,1,0,"0,1,0"
chimp,1,{(chimp)},0,1,0,"0,1,0"
chinese,2,{(china)>ese>},0,1,1,"0,1,1"
chippy,2,{(chip)}>y>,0,1,1,"0,1,1"
chiropractor,3,{(chiro)(pract)>or>},0,2,1,"0,2,1"
chloroform,2,{(chlor)(form)},0,2,0,"0,2,0"
chlorophyll,2,{(chlor)(phylle)},0,2,0,"0,2,0"
choke,1,{(choke)},0,1,0,"0,1,0"
cholera,1,{(cholera)},0,1,0,"0,1,0"
cholesterol,1,{(cholesterol)},0,1,0,"0,1,0"
chomp,1,{(chomp)},0,1,0,"0,1,0"
chop,1,{(chop)},0,1,0,"0,1,0"
chopper,2,{(chop)}>er>,0,1,1,"0,1,1"
choreographer,3,{(choreo)(graph)>er>},0,2,1,"0,2,1"
choreography,3,{(choreo)(graph)>y>},0,2,1,"0,2,1"
christian,2,{(christ)}>ian>,0,1,1,"0,1,1"
christmas,2,{(christ)(mas)},0,2,0,"0,2,0"
chromatography,3,{(chromato)}{(graph)}>y>,0,2,1,"0,2,1"
chrome,1,{(chrome)},0,1,0,"0,1,0"
chromium,2,{(chrome)>ium>},0,1,1,"0,1,1"
chronicle,2,{(chrono)>icle>},0,1,1,"0,1,1"
chronograph,2,{(chrono)(graph)},0,2,0,"0,2,0"
chronology,3,{(chrono)(log)>y>},0,2,1,"0,2,1"
chub,1,{(chub)},0,1,0,"0,1,0"
chump,1,{(chump)},0,1,0,"0,1,0"
churchyard,2,{(church)}{(yard)},0,2,0,"0,2,0"
cigar,1,{(cigar)},0,1,0,"0,1,0"
cigarette,2,{(cigar)>ette>},0,1,1,"0,1,1"
cinch,1,{(cinch)},0,1,0,"0,1,0"
circle,1,{(circle)},0,1,0,"0,1,0"
circulation,3,{(circle)>ate>}>ion>,0,1,2,"0,1,2"
circumference,2,{<circum<(ference)},1,1,0,"1,1,0"
circumstance,2,{<circum<(stance)},1,1,0,"1,1,0"
circus,1,{(circus)},0,1,0,"0,1,0"
citation,2,{(cite)}>ion>,0,1,1,"0,1,1"
citizenry,2,{(citizen)}>ory>,0,1,1,"0,1,1"
citizenship,2,{(citizen)}>ship>,0,1,1,"0,1,1"
clack,1,{(clack)},0,1,0,"0,1,0"
clan,1,{(clan)},0,1,0,"0,1,0"
clap,1,{(clap)},0,1,0,"0,1,0"
clapper,2,{(clap)}>er>,0,1,1,"0,1,1"
claret,1,{(claret)},0,1,0,"0,1,0"
clarification,3,{(clear)>ify>}>ion>,0,1,2,"0,1,2"
class,1,{(class)},0,1,0,"0,1,0"
classic,2,{(class)}>ic>,0,1,1,"0,1,1"
classmate,2,{(class)}{(mate)},0,2,0,"0,2,0"
classroom,2,{(class)}{(room)},0,2,0,"0,2,0"
clatter,1,{(clatter)},0,1,0,"0,1,0"
claustrophobia,3,{(claustro)(phobe)>ia>},0,2,1,"0,2,1"
cleanliness,3,{(clean)>ly>}>ness>,0,1,2,"0,1,2"
cleanser,2,{(cleanse)}>er>,0,1,1,"0,1,1"
cleanup,2,{(clean)}{(up)},0,2,0,"0,2,0"
clearance,2,{(clear)}>ance>,0,1,1,"0,1,1"
clearinghouse,2,{(clear)}{(house)},0,2,0,"0,2,0"
cleavage,2,{(cleave)}>age>,0,1,1,"0,1,1"
clement,1,{(clement)},0,1,0,"0,1,0"
clenching,1,{(clench)},0,1,0,"0,1,0"
clergy,1,{(clergy)},0,1,0,"0,1,0"
clergyman,2,{(clergy)}(man),0,2,0,"0,2,0"
clergymen,2,{(clergy)}(men),0,2,0,"0,2,0"
cleverness,2,{(clever)}>ness>,0,1,1,"0,1,1"
click,1,{(click)},0,1,0,"0,1,0"
cliffhanger,3,{(cliff)}{(hang)}>er>,0,2,1,"0,2,1"
climax,1,{(climax)},0,1,0,"0,1,0"
climber,2,{(climb)}>er>,0,1,1,"0,1,1"
clinic,1,{(clinic)},0,1,0,"0,1,0"
clipboard,2,{(clip)}{(board)},0,2,0,"0,2,0"
clipper,2,{(clip)}>er>,0,1,1,"0,1,1"
clipping,1,{(clip)},0,1,0,"0,1,0"
cloak,1,{(cloak)},0,1,0,"0,1,0"
clockwork,2,{(clock)}{(work)},0,2,0,"0,2,0"
closeup,2,{(close)}{(up)},0,2,0,"0,2,0"
closing,1,{(close)},0,1,0,"0,1,0"
clot,1,{(clot)},0,1,0,"0,1,0"
clout,1,{(clout)},0,1,0,"0,1,0"
clove,1,{(clove)},0,1,0,"0,1,0"
clover,1,{(clover)},0,1,0,"0,1,0"
clubhouse,2,{(club)}{(house)},0,2,0,"0,2,0"
cluster,1,{(cluster)},0,1,0,"0,1,0"
clutch,1,{(clutch)},0,1,0,"0,1,0"
coach,1,{(coach)},0,1,0,"0,1,0"
coachman,2,{(coach)}(man),0,2,0,"0,2,0"
coagulation,3,{(coagul)>ate>}>ion>,0,1,2,"0,1,2"
coal,1,{(coal)},0,1,0,"0,1,0"
coast,1,{(coast)},0,1,0,"0,1,0"
coaster,2,{(coast)}>er>,0,1,1,"0,1,1"
coastguard,2,{(coast)}{(guard)},0,2,0,"0,2,0"
coastline,2,{(coast)}{(line)},0,2,0,"0,2,0"
cobbler,2,{(cobble)}>er>,0,1,1,"0,1,1"
cobblestone,2,{(cobble)}{(stone)},0,2,0,"0,2,0"
coca,1,{(coca)},0,1,0,"0,1,0"
cock,1,{(cock)},0,1,0,"0,1,0"
cockatoo,1,{(cockatoo)},0,1,0,"0,1,0"
cocker,1,{(cocker)},0,1,0,"0,1,0"
cockpit,2,{(cock)}{(pit)},0,2,0,"0,2,0"
cockroach,2,{(cock)}{(roach)},0,2,0,"0,2,0"
cocktail,2,{(cock)}{(tail)},0,2,0,"0,2,0"
coconut,2,{(coco)(nut)},0,2,0,"0,2,0"
cocoon,1,{(cocoon)},0,1,0,"0,1,0"
coercion,2,{(coerce)}>ion>,0,1,1,"0,1,1"
coexistence,3,<co<{(exist)}>ance>,1,1,1,"1,1,1"
cognition,2,{(cognit)>ion>},0,1,1,"0,1,1"
cohort,1,{(cohort)},0,1,0,"0,1,0"
coin,1,{(coin)},0,1,0,"0,1,0"
cold,1,{(cold)},0,1,0,"0,1,0"
colic,1,{(colic)},0,1,0,"0,1,0"
collaborator,4,{<co<(labor)>ate>}>or>,1,1,2,"1,1,2"
collarbone,2,{(collar)}{(bone)},0,2,0,"0,2,0"
collateral,2,{<co<(lateral)},1,1,0,"1,1,0"
collation,2,{(collate)}>ion>,0,1,1,"0,1,1"
colleague,1,{(colleague)},0,1,0,"0,1,0"
collecting,1,{(collect)},0,1,0,"0,1,0"
collective,2,{(collect)}>ive>,0,1,1,"0,1,1"
colleen,1,{(colleen)},0,1,0,"0,1,0"
collegiate,2,{(college)}>ate>,0,1,1,"0,1,1"
collier,1,{(collier)},0,1,0,"0,1,0"
collieries,2,{(collier)}>y>,0,1,1,"0,1,1"
collision,2,{(collide)}>ion>,0,1,1,"0,1,1"
colloquium,3,{<co<(loqu)>ium>},1,1,1,"1,1,1"
colluding,1,{(collude)},0,1,0,"0,1,0"
colonies,2,{(colon)>y>},0,1,1,"0,1,1"
colonist,2,{(colon)>ist>},0,1,1,"0,1,1"
colonization,3,{(colon)>ize>}>ion>,0,1,2,"0,1,2"
colony,2,{(colon)>y>},0,1,1,"0,1,1"
coloration,2,{(color)}>ion>,0,1,1,"0,1,1"
columnist,2,{(column)}>ist>,0,1,1,"0,1,1"
coma,1,{(coma)},0,1,0,"0,1,0"
comb,1,{(comb)},0,1,0,"0,1,0"
combat,1,{(combat)},0,1,0,"0,1,0"
combatting,1,{(combat)},0,1,0,"0,1,0"
combination,2,{(combine)}>ion>,0,1,1,"0,1,1"
comeback,2,{(come)}{(back)},0,2,0,"0,2,0"
comedian,2,{(comedy)}>ian>,0,1,1,"0,1,1"
comedy,1,{(comedy)},0,1,0,"0,1,0"
comer,2,{(come)}>er>,0,1,1,"0,1,1"
comfort,1,{(comfort)},0,1,0,"0,1,0"
command,1,{(command)},0,1,0,"0,1,0"
commander,2,{(command)}>er>,0,1,1,"0,1,1"
commemoration,4,{<co<(memor)>ate>}>ion>,1,1,2,"1,1,2"
commendation,2,{(commend)}>ion>,0,1,1,"0,1,1"
commentaries,2,{(comment)}>ory>,0,1,1,"0,1,1"
commentary,2,{(comment)}>ory>,0,1,1,"0,1,1"
commentator,3,{(comment)}>ate>>or>,0,1,2,"0,1,2"
commerce,1,{(commerce)},0,1,0,"0,1,0"
commercialization,4,{(commerce)}>al>>ize>>ion>,0,1,3,"0,1,3"
commissary,3,{<co<(miss)>ory>},1,1,1,"1,1,1"
commission,3,{<co<(miss)>ion>},1,1,1,"1,1,1"
commissioner,4,{<co<(miss)>ion>}>er>,1,1,2,"1,1,2"
commit,1,{(commit)},0,1,0,"0,1,0"
committee,3,{<co<(mitt)>ee>},1,1,1,"1,1,1"
commodities,2,{(commode)>ity>},0,1,1,"0,1,1"
commodity,2,{(commode)>ity>},0,1,1,"0,1,1"
common,1,{(common)},0,1,0,"0,1,0"
commoner,2,{(common)}>er>,0,1,1,"0,1,1"
commonplace,2,{(common)(place)},0,2,0,"0,2,0"
commonwealth,2,{(common)}{(wealth)},0,2,0,"0,2,0"
commune,1,{(commune)},0,1,0,"0,1,0"
communicating,2,{(communic)>ate>},0,1,1,"0,1,1"
communique,1,{(communique)},0,1,0,"0,1,0"
communist,2,{(commune)}>ist>,0,1,1,"0,1,1"
community,2,{(commune)}>ity>,0,1,1,"0,1,1"
commute,2,{<co<(mute)},1,1,0,"1,1,0"
commuter,3,{<co<(mute)}>er>,1,1,1,"1,1,1"
companies,2,{(compan)>y>},0,1,1,"0,1,1"
company,2,{(compan)>y>},0,1,1,"0,1,1"
comparison,2,{(compare)>ison>},0,1,1,"0,1,1"
compendium,2,{(compend)>ium>},0,1,1,"0,1,1"
compensation,2,{(compensate)}>ion>,0,1,1,"0,1,1"
competency,3,{(compete)>ance>}>y>,0,1,2,"0,1,2"
competition,2,{(compete)}>ion>,0,1,1,"0,1,1"
competitiveness,3,{(compete)}>ive>>ness>,0,1,2,"0,1,2"
competitor,2,{(compete)}>or>,0,1,1,"0,1,1"
compiler,2,{(compile)}>er>,0,1,1,"0,1,1"
complain,1,{(complain)},0,1,0,"0,1,0"
completion,2,{(complete)}>ion>,0,1,1,"0,1,1"
complexion,2,{<com<(plex)>ion},1,1,0,"1,1,0"
complexity,3,{<co<(plex)}>ity>,1,1,1,"1,1,1"
compliment,1,{(compliment)},0,1,0,"0,1,0"
component,1,{(component)},0,1,0,"0,1,0"
composite,3,{<co<(pose)}>ite>,1,1,1,"1,1,1"
composition,4,{<co<(pose)}>it>>ion>,1,1,2,"1,1,2"
compulsion,3,{<co<(pulse)>ion>},1,1,1,"1,1,1"
concealment,2,{(conceal)}>ment>,0,1,1,"0,1,1"
concept,2,{<co<(cept)},1,1,0,"1,1,0"
conception,3,{<co<(cept)}>ion>,1,1,1,"1,1,1"
conch,1,{(conch)},0,1,0,"0,1,0"
concierge,1,{(concierge)},0,1,0,"0,1,0"
concluding,2,{<co<(clude)},1,1,0,"1,1,0"
conclusion,3,{<co<(clude)}>ion>,1,1,1,"1,1,1"
concord,2,{<co<(cord)},1,1,0,"1,1,0"
concordance,3,{<co<(cord)}>ance>,1,1,1,"1,1,1"
concrete,1,{(concrete)},0,1,0,"0,1,0"
concubine,1,{(concubine)},0,1,0,"0,1,0"
condemnation,2,{(condemn)}>ion>,0,1,1,"0,1,1"
condenser,2,{(condense)}>er>,0,1,1,"0,1,1"
condiments,1,{(condiment)},0,1,0,"0,1,0"
condom,1,{(condom)},0,1,0,"0,1,0"
condoning,1,{(condone)},0,1,0,"0,1,0"
conducting,2,{<co<(duct)},1,1,0,"1,1,0"
conduction,3,{<co<(duct)}>ion>,1,1,1,"1,1,1"
conductivity,4,{<co<(duct)}>ive>>ity>,1,1,2,"1,1,2"
conductor,3,{<co<(duct)}>or>,1,1,1,"1,1,1"
conduit,1,{(conduit)},0,1,0,"0,1,0"
confectionery,4,{<co<(fect)}>ion>>ory>,1,1,2,"1,1,2"
confederacy,3,{<co<(feder)>acy>},1,1,1,"1,1,1"
conference,2,{(confer)}>ance>,0,1,1,"0,1,1"
confessional,3,{(confess)}>ion>>al>,0,1,2,"0,1,2"
confetti,1,{(confetti)},0,1,0,"0,1,0"
confidante,2,{(confide)>ant>},0,1,1,"0,1,1"
configuration,3,<co<{(figure)}>ion>,1,1,1,"1,1,1"
confinement,3,{<co<(fine)}>ment>,1,1,1,"1,1,1"
confirms,2,{<co<(firm)},1,1,0,"1,1,0"
confiscating,1,{(confiscate)},0,1,0,"0,1,0"
conflagration,2,{(conflagrate)}>ion>,0,1,1,"0,1,1"
conflict,1,{(conflict)},0,1,0,"0,1,0"
conformation,3,{<co<(form)}>ion>,1,1,1,"1,1,1"
conforming,2,{<co<(form)},1,1,0,"1,1,0"
conformist,3,{<co<(form)}>ist>,1,1,1,"1,1,1"
conformity,3,{<co<(form)}>ity>,1,1,1,"1,1,1"
confrontation,3,{<co<(front)}>ion>,1,1,1,"1,1,1"
conga,1,{(conga)},0,1,0,"0,1,0"
conger,1,{(conger)},0,1,0,"0,1,0"
congratulating,1,{(congratulate)},0,1,0,"0,1,0"
congratulation,2,{(congratulate)}>ion>,0,1,1,"0,1,1"
congregation,4,{<co<(greg)>ate>}>ion>,1,1,2,"1,1,2"
congressman,3,{<co<(gress)}(man),1,2,0,"1,2,0"
congressmen,3,{<co<(gress)}(men),1,2,0,"1,2,0"
congresswoman,3,{<co<(gress)}(woman),1,2,0,"1,2,0"
conjugation,4,{<co<(jug)>ate>}>ion>,1,1,2,"1,1,2"
conjuring,2,{<co<(jur)},1,1,0,"1,1,0"
connect,1,{(connect)},0,1,0,"0,1,0"
connection,2,{(connect)}>ion>,0,1,1,"0,1,1"
conniving,1,{(connive)},0,1,0,"0,1,0"
conqueror,2,{(conquer)}>or>,0,1,1,"0,1,1"
conquest,2,{<co<(quest)},1,1,0,"1,1,0"
conscious,1,{(conscious)},0,1,0,"0,1,0"
consciousness,2,{(conscious)}>ness>,0,1,1,"0,1,1"
conscription,3,{<co<(script)>ion>},1,1,1,"1,1,1"
consecration,3,{<co<(secrate)}>ion>,1,1,1,"1,1,1"
conservancy,3,{<co<(serve)}>ancy>,1,1,1,"1,1,1"
conservationist,4,{<co<(serve)}>ion>>ist>,1,1,2,"1,1,2"
consideration,2,{(consider)}>ion>,0,1,1,"0,1,1"
consonant,3,{<co<(sono)>ant>},1,1,1,"1,1,1"
consortium,2,{(consort)>ium>},0,1,1,"0,1,1"
conspiracies,2,{(conspire)}>acy>,0,1,1,"0,1,1"
conspiracy,2,{(conspire)}>acy>,0,1,1,"0,1,1"
constant,1,{(constant)},0,1,0,"0,1,0"
consternation,2,{(consternate)}>ion>,0,1,1,"0,1,1"
constipation,2,{(constipate)}>ion>,0,1,1,"0,1,1"
constituent,3,{<co<(stitute)>ant>},1,1,1,"1,1,1"
construction,3,{<co<(struct)}>ion>,1,1,1,"1,1,1"
consular,2,{(consul)}>ar>,0,1,1,"0,1,1"
consulate,2,{(consul)}>ate>,0,1,1,"0,1,1"
consultant,2,{(consult)}>ant>,0,1,1,"0,1,1"
consulting,1,{(consult)},0,1,0,"0,1,0"
consume,2,{<co<(sume)},1,1,0,"1,1,0"
contact,1,{(contact)},0,1,0,"0,1,0"
container,3,{<co<(tain)}>er>,1,1,1,"1,1,1"
containment,3,{<co<(tain)}>ment>,1,1,1,"1,1,1"
contains,2,{<co<(tain)},1,1,0,"1,1,0"
contempt,1,{(contempt)},0,1,0,"0,1,0"
content,1,{(content)},0,1,0,"0,1,0"
contest,2,{<co<(test)},1,1,0,"1,1,0"
context,2,{<co<(text)},1,1,0,"1,1,0"
continent,2,{(contain)>ant>},0,1,1,"0,1,1"
continuance,2,{(continue)}>ance>,0,1,1,"0,1,1"
continuation,2,{(continue)}>ion>,0,1,1,"0,1,1"
continues,1,{(continue)},0,1,0,"0,1,0"
contraband,2,{(contra)(band)},0,2,0,"0,2,0"
contraception,3,{(contra)(cept)>ion>},0,2,1,"0,2,1"
contraceptives,3,{(contra)(cept)>ive>},0,2,1,"0,2,1"
contract,1,{(contract)},0,1,0,"0,1,0"
contraction,2,{(contract)}>ion>,0,1,1,"0,1,1"
contractor,2,{(contract)}>or>,0,1,1,"0,1,1"
contradicting,2,{(contra)(dict)},0,2,0,"0,2,0"
contradiction,3,{(contra)(dict)}>ion>,0,2,1,"0,2,1"
contradictory,3,{(contra)(dict)}>ory>,0,2,1,"0,2,1"
contrary,2,{(contra)>ory>},0,1,1,"0,1,1"
contrast,1,{(contrast)},0,1,0,"0,1,0"
contravention,3,{(contra)(vene)}>ion>,0,2,1,"0,2,1"
contribution,3,{<co<(tribute)}>ion>,1,1,1,"1,1,1"
controversies,2,{(contra)(versy)},0,2,0,"0,2,0"
controversy,2,{(contra)(versy)},0,2,0,"0,2,0"
convener,3,{<co<(vene)}>er>,1,1,1,"1,1,1"
convenience,1,{(convenience)},0,1,0,"0,1,0"
convening,2,{<co<(vene)},1,1,0,"1,1,0"
conversation,2,{(converse)}>ion>,0,1,1,"0,1,1"
conversing,1,{(converse)},0,1,0,"0,1,0"
conversion,3,{<co<(verse)}>ion>,1,1,1,"1,1,1"
converter,3,{<co<(vert)}>er>,1,1,1,"1,1,1"
convertible,3,{<co<(vert)}>able>,1,1,1,"1,1,1"
conveyor,2,{(convey)}>or>,0,1,1,"0,1,1"
conviction,2,{(convict)}>ion>,0,1,1,"0,1,1"
convoy,1,{(convoy)},0,1,0,"0,1,0"
cookbook,2,{(cook)}{(book)},0,2,0,"0,2,0"
cooker,2,{(cook)}>er>,0,1,1,"0,1,1"
cookery,2,{(cook)}>ory>,0,1,1,"0,1,1"
coolers,2,{(cool)}>er>,0,1,1,"0,1,1"
coolness,2,{(cool)}>ness>,0,1,1,"0,1,1"
cooper,1,{(cooper)},0,1,0,"0,1,0"
coot,1,{(coot)},0,1,0,"0,1,0"
copies,1,{(copy)},0,1,0,"0,1,0"
copper,1,{(copper)},0,1,0,"0,1,0"
copping,1,{(cop)},0,1,0,"0,1,0"
copy,1,{(copy)},0,1,0,"0,1,0"
copycat,2,{(copy)}{(cat)},0,2,0,"0,2,0"
copyright,2,{(copy)}{(right)},0,2,0,"0,2,0"
copywriter,3,{(copy)}{(write)}>er>,0,2,1,"0,2,1"
corker,2,{(cork)}>er>,0,1,1,"0,1,1"
corkscrew,2,{(cork)}{(screw)},0,2,0,"0,2,0"
corn,1,{(corn)},0,1,0,"0,1,0"
cornbread,2,{(corn)}{(bread)},0,2,0,"0,2,0"
cornerstone,2,{(corner)}{(stone)},0,2,0,"0,2,0"
cornfield,2,{(corn)}{(field)},0,2,0,"0,2,0"
cornice,1,{(cornice)},0,1,0,"0,1,0"
cornstarch,2,{(corn)}{(starch)},0,2,0,"0,2,0"
corolla,1,{(corolla)},0,1,0,"0,1,0"
corollary,1,{(corollary)},0,1,0,"0,1,0"
corona,1,{(corona)},0,1,0,"0,1,0"
coronation,3,{(coron)>ate>}>ion>,0,1,2,"0,1,2"
corporal,2,{(corpor)>al>},0,1,1,"0,1,1"
corporation,3,{(corpor)>ate>}>ion>,0,1,2,"0,1,2"
corps,1,{(corps)},0,1,0,"0,1,0"
correction,2,{(correct)}>ion>,0,1,1,"0,1,1"
correctly,2,{(correct)}>ly>,0,1,1,"0,1,1"
corrosion,2,{(corrode)}>ion>,0,1,1,"0,1,1"
corrosive,2,{(corrode)}>ive>,0,1,1,"0,1,1"
corruption,3,{<co<(rupt)}>ion>,1,1,1,"1,1,1"
corset,1,{(corset)},0,1,0,"0,1,0"
cortisone,1,{(cortisone)},0,1,0,"0,1,0"
corvette,1,{(corvette)},0,1,0,"0,1,0"
cosmology,3,{(cosmo)(log)>y>},0,2,1,"0,2,1"
cosmonaut,2,{(cosmo)(naut)},0,2,0,"0,2,0"
cosmopolitan,4,{(cosmo)(pol)>ite>}>ian>,0,2,2,"0,2,2"
cost,1,{(cost)},0,1,0,"0,1,0"
cote,1,{(cote)},0,1,0,"0,1,0"
cotton,1,{(cotton)},0,1,0,"0,1,0"
couch,1,{(couch)},0,1,0,"0,1,0"
councilman,2,{(counsel)}(man),0,2,0,"0,2,0"
counsellor,2,{(counsel)}>or>,0,1,1,"0,1,1"
counselor,2,{(counsel)}>or>,0,1,1,"0,1,1"
countdown,2,{(count)}{(down)},0,2,0,"0,2,0"
countenance,1,{(countenance)},0,1,0,"0,1,0"
counterattack,2,(counter){(attack)},0,2,0,"0,2,0"
counterbalance,2,(counter){(balance)},0,2,0,"0,2,0"
counterfeiting,1,{(counterfeit)},0,1,0,"0,1,0"
counterintelligence,3,(counter){(intellig)>ance>},0,2,1,"0,2,1"
counterpart,2,(counter){(part)},0,2,0,"0,2,0"
counterpoint,2,(counter){(point)},0,2,0,"0,2,0"
countries,1,{(country)},0,1,0,"0,1,0"
country,1,{(country)},0,1,0,"0,1,0"
countryman,2,{(country)}(man),0,2,0,"0,2,0"
countrymen,2,{(country)}(men),0,2,0,"0,2,0"
countryside,2,{(country)}{(side)},0,2,0,"0,2,0"
county,1,{(county)},0,1,0,"0,1,0"
coupe,1,{(coupe)},0,1,0,"0,1,0"
courage,1,{(courage)},0,1,0,"0,1,0"
courtesan,1,{(courtesan)},0,1,0,"0,1,0"
courtesy,1,{(courtesy)},0,1,0,"0,1,0"
courthouse,2,{(court)}{(house)},0,2,0,"0,2,0"
courtroom,2,{(court)}{(room)},0,2,0,"0,2,0"
courtyard,2,{(court)}{(yard)},0,2,0,"0,2,0"
coverage,2,{(cover)}>age>,0,1,1,"0,1,1"
covey,1,{(covey)},0,1,0,"0,1,0"
cow,1,{(cow)},0,1,0,"0,1,0"
coward,1,{(coward)},0,1,0,"0,1,0"
cowardice,2,{(coward)>ice>},0,1,1,"0,1,1"
cowboy,2,{(cow)}{(boy)},0,2,0,"0,2,0"
cowgirl,2,{(cow)}{(girl)},0,2,0,"0,2,0"
crackdown,2,{(crack)}{(down)},0,2,0,"0,2,0"
crackpot,2,{(crack)}{(pot)},0,2,0,"0,2,0"
craftsman,2,{(craft)}(man),0,2,0,"0,2,0"
craftsmanship,3,{(craft)}(man)>ship>,0,2,1,"0,2,1"
craftsmen,2,{(craft)}(men),0,2,0,"0,2,0"
craig,1,{(craig)},0,1,0,"0,1,0"
cranberries,2,{(cran)(berry)},0,2,0,"0,2,0"
cranberry,2,{(cran)(berry)},0,2,0,"0,2,0"
crankshaft,2,{(crank)}{(shaft)},0,2,0,"0,2,0"
crash,1,{(crash)},0,1,0,"0,1,0"
crater,1,{(crater)},0,1,0,"0,1,0"
craven,1,{(craven)},0,1,0,"0,1,0"
crawfish,2,{(craw)}{(fish)},0,2,0,"0,2,0"
crawler,2,{(crawl)}>er>,0,1,1,"0,1,1"
crayfish,2,{(cray)}{(fish)},0,2,0,"0,2,0"
creamery,2,{(cream)}>ory>,0,1,1,"0,1,1"
credence,2,{(cred)>ance>},0,1,1,"0,1,1"
credentials,1,{(credential)},0,1,0,"0,1,0"
credibility,3,{(cred)>able>}>ity>,0,1,2,"0,1,2"
credo,1,{(credo)},0,1,0,"0,1,0"
creed,1,{(creed)},0,1,0,"0,1,0"
crescendo,1,{(crescendo)},0,1,0,"0,1,0"
crescent,1,{(crescent)},0,1,0,"0,1,0"
crest,1,{(crest)},0,1,0,"0,1,0"
crew,1,{(crew)},0,1,0,"0,1,0"
crewman,2,{(crew)}(man),0,2,0,"0,2,0"
crewmen,2,{(crew)}(men),0,2,0,"0,2,0"
cricketer,2,{(cricket)}>er>,0,1,1,"0,1,1"
crime,1,{(crimin)},0,1,0,"0,1,0"
criminal,2,{(crimin)>al>},0,1,1,"0,1,1"
criminology,3,{(crimin)(log)>y>},0,2,1,"0,2,1"
crimp,1,{(crimp)},0,1,0,"0,1,0"
crisp,1,{(crisp)},0,1,0,"0,1,0"
criticism,2,{(critic)}>ism>,0,1,1,"0,1,1"
critter,1,{(critter)},0,1,0,"0,1,0"
crockery,1,{(crockery)},0,1,0,"0,1,0"
crony,1,{(crony)},0,1,0,"0,1,0"
crop,1,{(crop)},0,1,0,"0,1,0"
cropper,2,{(crop)}>er>,0,1,1,"0,1,1"
crossover,2,<cross<{(over)},1,1,0,"1,1,0"
crotch,1,{(crotch)},0,1,0,"0,1,0"
crowbar,2,{(crow)}{(bar)},0,2,0,"0,2,0"
crowd,1,{(crowd)},0,1,0,"0,1,0"
crown,1,{(crown)},0,1,0,"0,1,0"
crucible,1,{(crucible)},0,1,0,"0,1,0"
crucifix,2,{(crux)>ifix>},0,1,1,"0,1,1"
crucifixion,3,{(crux)>ifix>}>ion>,0,1,2,"0,1,2"
cruelty,2,{(cruel)}>ity>,0,1,1,"0,1,1"
crumble,1,{(crumble)},0,1,0,"0,1,0"
crush,1,{(crush)},0,1,0,"0,1,0"
crux,1,{(crux)},0,1,0,"0,1,0"
crybaby,2,{(cry)}{(baby)},0,2,0,"0,2,0"
cryptography,3,{(crypt)(graph)>y>},0,2,1,"0,2,1"
crystallography,3,{(crystal)}(graph)>y>,0,2,1,"0,2,1"
cuckoo,1,{(cuckoo)},0,1,0,"0,1,0"
cuddle,1,{(cuddle)},0,1,0,"0,1,0"
cufflinks,2,{(cuff)}{(link)},0,2,0,"0,2,0"
cull,1,{(cull)},0,1,0,"0,1,0"
culmination,2,{(culminate)}>ion>,0,1,1,"0,1,1"
cultural,2,{(culture)}>al>,0,1,1,"0,1,1"
culture,1,{(culture)},0,1,0,"0,1,0"
cup,1,{(cup)},0,1,0,"0,1,0"
cupboard,1,{(cupboard)},0,1,0,"0,1,0"
cupcake,2,{(cup)}{(cake)},0,2,0,"0,2,0"
cupola,1,{(cupola)},0,1,0,"0,1,0"
curator,2,{(curate)}>or>,0,1,1,"0,1,1"
curler,2,{(curl)}>er>,0,1,1,"0,1,1"
currencies,1,{(currency)},0,1,0,"0,1,0"
curtain,1,{(curtain)},0,1,0,"0,1,0"
curve,1,{(curve)},0,1,0,"0,1,0"
cusp,1,{(cusp)},0,1,0,"0,1,0"
custodian,2,{(custody)}>ian>,0,1,1,"0,1,1"
custody,1,{(custody)},0,1,0,"0,1,0"
customer,2,{(custom)}>er>,0,1,1,"0,1,1"
cuteness,2,{(cute)}>ness>,0,1,1,"0,1,1"
cutlery,1,{(cutlery)},0,1,0,"0,1,0"
cutoff,2,{(cut)}{(off)},0,2,0,"0,2,0"
cutout,2,{(cut)}{(out)},0,2,0,"0,2,0"
cuttlefish,2,{(cuttle)}{(fish)},0,2,0,"0,2,0"
cycle,1,{(cycle)},0,1,0,"0,1,0"
cyclist,2,{(cycle)}>ist>,0,1,1,"0,1,1"
cylinder,1,{(cylinder)},0,1,0,"0,1,0"
cypress,1,{(cypress)},0,1,0,"0,1,0"
cytoplasm,2,{(cyto)(plasm)},0,2,0,"0,2,0"
czar,1,{(czar)},0,1,0,"0,1,0"
daddies,2,{(dad)}>y>,0,1,1,"0,1,1"
daddy,2,{(dad)}>y>,0,1,1,"0,1,1"
daffodil,1,{(daffodil)},0,1,0,"0,1,0"
dagger,1,{(dagger)},0,1,0,"0,1,0"
dahlia,1,{(dahlia)},0,1,0,"0,1,0"
daily,2,{(day)}>ly>,0,1,1,"0,1,1"
dairy,1,{(dairy)},0,1,0,"0,1,0"
dam,1,{(dam)},0,1,0,"0,1,0"
damage,1,{(damage)},0,1,0,"0,1,0"
dancer,2,{(dance)}>er>,0,1,1,"0,1,1"
danger,1,{(danger)},0,1,0,"0,1,0"
daniel,1,{(daniel)},0,1,0,"0,1,0"
daredevil,2,{(dare)}{(devil)},0,2,0,"0,2,0"
dark,1,{(dark)},0,1,0,"0,1,0"
darkness,2,{(dark)}>ness>,0,1,1,"0,1,1"
darkroom,2,{(dark)}{(room)},0,2,0,"0,2,0"
dashboard,2,{(dash)}{(board)},0,2,0,"0,2,0"
date,1,{(date)},0,1,0,"0,1,0"
dateline,2,{(date)}{(line)},0,2,0,"0,2,0"
dave,1,{(dave)},0,1,0,"0,1,0"
david,1,{(david)},0,1,0,"0,1,0"
dawn,1,{(dawn)},0,1,0,"0,1,0"
daybreak,2,{(day)}{(break)},0,2,0,"0,2,0"
daydream,2,{(day)}{(dream)},0,2,0,"0,2,0"
daylight,2,{(day)}{(light)},0,2,0,"0,2,0"
daytime,2,{(day)}{(time)},0,2,0,"0,2,0"
daze,1,{(daze)},0,1,0,"0,1,0"
deacon,1,{(deacon)},0,1,0,"0,1,0"
deadline,2,{(dead)}{(line)},0,2,0,"0,2,0"
deadlock,2,{(dead)}{(lock)},0,2,0,"0,2,0"
deadwood,2,{(dead)}{(wood)},0,2,0,"0,2,0"
deaf,1,{(deaf)},0,1,0,"0,1,0"
dear,1,{(dear)},0,1,0,"0,1,0"
death,1,{(death)},0,1,0,"0,1,0"
deathbed,2,{(death)}{(bed)},0,2,0,"0,2,0"
debauchery,2,{(debauch)}>ory>,0,1,1,"0,1,1"
debit,1,{(debit)},0,1,0,"0,1,0"
debtor,2,{(debt)}>or>,0,1,1,"0,1,1"
debutante,1,{(debutante)},0,1,0,"0,1,0"
decade,1,{(decade)},0,1,0,"0,1,0"
decanter,3,{<de<(cant)}>er>,1,1,1,"1,1,1"
decapitation,4,{<de<(capit)>ate>}>ion>,1,1,2,"1,1,2"
decency,1,{(decency)},0,1,0,"0,1,0"
deciphering,2,{<de<(cipher)},1,1,0,"1,1,0"
decision,2,{(decide)}>ion>,0,1,1,"0,1,1"
deck,1,{(deck)},0,1,0,"0,1,0"
decline,2,{<de<(cline)},1,1,0,"1,1,0"
decoder,3,<de<{(code)}>er>,1,1,1,"1,1,1"
decoding,2,<de<{(code)},1,1,0,"1,1,0"
decompression,4,<de<{<co<(press)}>ion>,2,1,1,"2,1,1"
decontamination,3,<de<{(contaminate)}>ion>,1,1,1,"1,1,1"
decorating,2,{(decor)}>ate>,0,1,1,"0,1,1"
decoration,2,{(decor)}>ion>,0,1,1,"0,1,1"
decorator,3,{(decor)}>ate>>or>,0,1,2,"0,1,2"
decrease,2,{<de<(crease)},1,1,0,"1,1,0"
deduction,3,{<de<(duct)}>ion>,1,1,1,"1,1,1"
deed,1,{(deed)},0,1,0,"0,1,0"
deep,1,{(deep)},0,1,0,"0,1,0"
defamation,3,{<de<(fame)}>ion>,1,1,1,"1,1,1"
defeat,1,{(defeat)},0,1,0,"0,1,0"
defecation,2,{(defecate)}>ion>,0,1,1,"0,1,1"
defect,2,{<de<(fect)},1,1,0,"1,1,0"
defection,3,{<de<(fect)}>ion>,1,1,1,"1,1,1"
defector,3,{<de<(fect)}>or>,1,1,1,"1,1,1"
defensive,2,{(defense)}>ive>,0,1,1,"0,1,1"
deficiencies,1,{(deficiency)},0,1,0,"0,1,0"
defile,1,{(defile)},0,1,0,"0,1,0"
definition,2,{(define)}>ion>,0,1,1,"0,1,1"
deforestation,3,<de<{(forest)}>ion>,1,1,1,"1,1,1"
deformities,3,{<de<(form)}>ity>,1,1,1,"1,1,1"
defrauding,2,{<de<(fraud)},1,1,0,"1,1,0"
degeneracy,3,{<de<(gener)>acy>},1,1,1,"1,1,1"
degenerate,3,{<de<(gener)>ate>},1,1,1,"1,1,1"
degeneration,4,{<de<(gener)>ate>}>ion>,1,1,2,"1,1,2"
degradation,2,{(degrade)}>ion>,0,1,1,"0,1,1"
degree,1,{(degree)},0,1,0,"0,1,0"
dehydration,4,<de<{(hydro)>ate>}>ion>,1,1,2,"1,1,2"
delegate,2,{(deleg)>ate>},0,1,1,"0,1,1"
delegation,3,{(deleg)>ate>}>ion>,0,1,2,"0,1,2"
delhi,1,{(delhi)},0,1,0,"0,1,0"
delicacies,2,{(delic)>acy>},0,1,1,"0,1,1"
deliverance,2,{(deliver)}>ance>,0,1,1,"0,1,1"
deliveries,2,{(deliver)}>y>,0,1,1,"0,1,1"
delving,1,{(delve)},0,1,0,"0,1,0"
demarcation,4,{<de<(mark)>ate>}>ion>,1,1,2,"1,1,2"
demise,1,{(demise)},0,1,0,"0,1,0"
democracies,2,{(demo)(cracy)},0,2,0,"0,2,0"
democracy,2,{(demo)(cracy)},0,2,0,"0,2,0"
democrat,2,{(demo)(crat)},0,2,0,"0,2,0"
democratization,4,{(demo)(crat)}>ize>>ion>,0,2,2,"0,2,2"
demography,3,{(demo)(graph)>y>},0,2,1,"0,2,1"
demolishing,1,{(demolish)},0,1,0,"0,1,0"
demolition,2,{(demolish)}>ion>,0,1,1,"0,1,1"
demonstration,4,{<de<(monster)>ate>}>ion>,1,1,2,"1,1,2"
demotion,3,{<de<(mot)}>ion>,1,1,1,"1,1,1"
denier,1,{(denier)},0,1,0,"0,1,0"
denim,1,{(denim)},0,1,0,"0,1,0"
density,2,{(dense)}>ity>,0,1,1,"0,1,1"
dentist,2,{(dent)>ist>},0,1,1,"0,1,1"
dentistry,3,{(dent)>ist>}>ory>,0,1,2,"0,1,2"
department,1,{(department)},0,1,0,"0,1,0"
departure,2,{(depart)}>ure>,0,1,1,"0,1,1"
dependence,3,{<de<(pend)}>ance>,1,1,1,"1,1,1"
dependencies,4,{<de<(pend)}>ance>>y>,1,1,2,"1,1,2"
dependent,3,{<de<(pend)}>ant>,1,1,1,"1,1,1"
depending,2,{<de<(pend)},1,1,0,"1,1,0"
depends,2,{<de<(pend)},1,1,0,"1,1,0"
deployment,2,{(deploy)}>ment>,0,1,1,"0,1,1"
deporting,2,{<de<(port)},1,1,0,"1,1,0"
depreciation,4,{<de<(preci)>ate>}>ion>,1,1,2,"1,1,2"
depressants,3,{<de<(press)}>ant>,1,1,1,"1,1,1"
depressive,3,{<de<(press)}>ive>,1,1,1,"1,1,1"
depth,1,{(depth)},0,1,0,"0,1,0"
deputy,1,{(deputy)},0,1,0,"0,1,0"
derangement,2,{(derange)}>ment>,0,1,1,"0,1,1"
derby,1,{(derby)},0,1,0,"0,1,0"
derelict,1,{(derelict)},0,1,0,"0,1,0"
derision,2,{(deride)}>ion>,0,1,1,"0,1,1"
derivative,3,{(derive)}>ate>>ive>,0,1,2,"0,1,2"
deriving,1,{(derive)},0,1,0,"0,1,0"
dermatologist,3,{(derm)(log)>ist>},0,2,1,"0,2,1"
dermatology,3,{(derm)(log)>y>},0,2,1,"0,2,1"
descendents,2,{(descend)}>ant>,0,1,1,"0,1,1"
descending,1,{(descend)},0,1,0,"0,1,0"
description,3,{<de<(script)>ion>},1,1,1,"1,1,1"
deserter,2,{(desert)}>er>,0,1,1,"0,1,1"
deserving,2,{<de<(serve)},1,1,0,"1,1,0"
designation,3,{(design)}>ate>>ion>,0,1,2,"0,1,2"
desire,1,{(desire)},0,1,0,"0,1,0"
despair,1,{(despair)},0,1,0,"0,1,0"
destiny,2,{(destine)}>y>,0,1,1,"0,1,1"
destroyer,2,{(destroy)}>er>,0,1,1,"0,1,1"
destroying,1,{(destroy)},0,1,0,"0,1,0"
destruction,3,{<de<(struct)}>ion>,1,1,1,"1,1,1"
detail,1,{(detail)},0,1,0,"0,1,0"
detainee,3,{<de<(tain)}>ee>,1,1,1,"1,1,1"
detection,2,{(detect)}>ion>,0,1,1,"0,1,1"
detective,2,{(detect)}>ive>,0,1,1,"0,1,1"
detector,2,{(detect)}>or>,0,1,1,"0,1,1"
deteriorating,1,{(deteriorate)},0,1,0,"0,1,0"
deterioration,2,{(deteriorate)}>ion>,0,1,1,"0,1,1"
determination,2,{(determine)}>ion>,0,1,1,"0,1,1"
determining,1,{(determine)},0,1,0,"0,1,0"
deterministic,3,{(determine)}>ist>>ic>,0,1,2,"0,1,2"
deterring,1,{(deter)},0,1,0,"0,1,0"
detonation,2,{(detonate)}>ion>,0,1,1,"0,1,1"
detonator,2,{(detonate)}>or>,0,1,1,"0,1,1"
detritus,1,{(detritus)},0,1,0,"0,1,0"
devaluation,4,{<de<(value)}>ate>>ion>,1,1,2,"1,1,2"
deviating,2,{(devi)>ate>},0,1,1,"0,1,1"
devoting,1,{(devote)},0,1,0,"0,1,0"
devotion,2,{(devote)}>ion>,0,1,1,"0,1,1"
dexterity,2,{(dexter)>ity>},0,1,1,"0,1,1"
diagonal,3,{<dia<(gon)>al>},1,1,1,"1,1,1"
dialect,2,{<dia<(lect)},1,1,0,"1,1,0"
dialogue,2,{<dia<(log)},1,1,0,"1,1,0"
diameter,2,{<dia<(meter)},1,1,0,"1,1,0"
diaphragm,1,{(diaphragm)},0,1,0,"0,1,0"
diaries,1,{(diary)},0,1,0,"0,1,0"
diarrhoea,1,{(diarrhoea)},0,1,0,"0,1,0"
dice,1,{(dice)},0,1,0,"0,1,0"
dichotomy,3,{(dicho)(tom)>y>},0,2,1,"0,2,1"
dicky,2,{(dick)>y>},0,1,1,"0,1,1"
dictating,2,{(dict)>ate>},0,1,1,"0,1,1"
dictation,3,{(dict)>ate>}>ion>,0,1,2,"0,1,2"
dictator,3,{(dict)>ate>}>or>,0,1,2,"0,1,2"
dictionary,3,{(dict)>ion>>ory>},0,1,2,"0,1,2"
diehard,2,{(die)}{(hard)},0,2,0,"0,2,0"
difference,2,{(differ)}>ance>,0,1,1,"0,1,1"
differentials,3,{(differ)}>ance>>al>,0,1,2,"0,1,2"
differentiation,4,{(differ)}>ant>>ate>>ion>,0,1,3,"0,1,3"
diffraction,3,{<di<(fract)}>ion>,1,1,1,"1,1,1"
diffusion,3,{<di<(fuse)}>ion>,1,1,1,"1,1,1"
digestive,2,{(digest)}>ive>,0,1,1,"0,1,1"
digger,2,{(dig)}>er>,0,1,1,"0,1,1"
digging,1,{(dig)},0,1,0,"0,1,0"
digit,1,{(digit)},0,1,0,"0,1,0"
dignitaries,2,{(dign)>itary>},0,1,1,"0,1,1"
dike,1,{(dike)},0,1,0,"0,1,0"
dilation,2,{(dilate)}>ion>,0,1,1,"0,1,1"
dildo,1,{(dildo)},0,1,0,"0,1,0"
dilution,2,{(dilute)}>ion>,0,1,1,"0,1,1"
din,1,{(din)},0,1,0,"0,1,0"
dinar,1,{(dinar)},0,1,0,"0,1,0"
dinky,1,{(dinky)},0,1,0,"0,1,0"
dinosaur,2,{(dino)(saur)},0,2,0,"0,2,0"
diploma,1,{(diploma)},0,1,0,"0,1,0"
diplomat,2,{(diploma)>t>},0,1,1,"0,1,1"
dipper,2,{(dip)}>er>,0,1,1,"0,1,1"
direct,1,{(direct)},0,1,0,"0,1,0"
directories,2,{(direct)}>ory>,0,1,1,"0,1,1"
directory,2,{(direct)}>ory>,0,1,1,"0,1,1"
dirty,2,{(dirt)}>y>,0,1,1,"0,1,1"
disability,3,<dis<{(able)}>ity>,1,1,1,"1,1,1"
disagreeing,2,<dis<{(agree)},1,1,0,"1,1,0"
disagreement,3,<dis<{(agree)}>ment>,1,1,1,"1,1,1"
disappointment,3,{<dis<(appoint)}>ment>,1,1,1,"1,1,1"
disapproval,3,<dis<{(approve)}>al>,1,1,1,"1,1,1"
disarming,2,<dis<{(arm)},1,1,0,"1,1,0"
disarray,2,<dis<{(array)},1,1,0,"1,1,0"
disassembly,4,<dis<{<a<(semble)}>y>,2,1,1,"2,1,1"
disbursement,3,{<dis<(burse)}>ment>,1,1,1,"1,1,1"
disc,1,{(disk)},0,1,0,"0,1,0"
discarding,2,{<dis<(card)},1,1,0,"1,1,0"
discipleship,2,{(disciple)}>ship>,0,1,1,"0,1,1"
discipline,1,{(discipline)},0,1,0,"0,1,0"
disclaimer,3,<dis<{(claim)}>er>,1,1,1,"1,1,1"
disclosure,3,{<dis<(close)}>ure>,1,1,1,"1,1,1"
disco,1,{(disk)},0,1,0,"0,1,0"
discomfort,2,<dis<{(comfort)},1,1,0,"1,1,0"
disconnection,3,<dis<{(connect)}>ion>,1,1,1,"1,1,1"
discrepancies,1,{(discrepancy)},0,1,0,"0,1,0"
discretion,2,{(discreet)}>ion>,0,1,1,"0,1,1"
discussion,2,{(discus)}>ion>,0,1,1,"0,1,1"
disengagement,3,<dis<{(engage)}>ment>,1,1,1,"1,1,1"
disguise,2,{<dis<(guise)},1,1,0,"1,1,0"
dishonour,2,<dis<{(honor)},1,1,0,"1,1,0"
dishwasher,3,{(dish)}{(wash)}>er>,0,2,1,"0,2,1"
disillusionment,4,<dis<{(illus)>ion>}>ment>,1,1,2,"1,1,2"
dislocation,4,<dis<{(loc)>ate>}>ion>,1,1,2,"1,1,2"
dispatch,2,{<dis<(patch)},1,1,0,"1,1,0"
dispenser,2,{(dispense)}>er>,0,1,1,"0,1,1"
dispersion,3,{<di<(sperse)}>ion>,1,1,1,"1,1,1"
displacement,3,<dis<{(place)}>ment>,1,1,1,"1,1,1"
display,1,{(display)},0,1,0,"0,1,0"
disposal,3,{<dis<(pose)}>al>,1,1,1,"1,1,1"
disposing,2,{<dis<(pose)},1,1,0,"1,1,0"
disqualification,3,<dis<{(qualify)}>ion>,1,1,1,"1,1,1"
disrepute,2,<dis<{(repute)},1,1,0,"1,1,0"
disrespect,2,<dis<{(respect)},1,1,0,"1,1,0"
dissatisfaction,4,<dis<{(satis)(fact)>ion>},1,2,1,"1,2,1"
dissemination,4,{<dis<(semin)>ate>}>ion>,1,1,2,"1,1,2"
dissension,2,{(dissent)}>ion>,0,1,1,"0,1,1"
disservice,3,<dis<{(serve)>ice>},1,1,1,"1,1,1"
dissidents,2,{(dissid)>ant>},0,1,1,"0,1,1"
dissipation,2,{(dissipate)}>ion>,0,1,1,"0,1,1"
dissolution,3,{<dis<(solut)>ion>},1,1,1,"1,1,1"
dissonance,3,{<dis<(son)>ance>},1,1,1,"1,1,1"
distance,1,{(distance)},0,1,0,"0,1,0"
distaste,2,<dis<{(taste)},1,1,0,"1,1,0"
distilleries,2,{(distill)}>ory>,0,1,1,"0,1,1"
distillery,2,{(distill)}>ory>,0,1,1,"0,1,1"
distinction,2,{(distinct)}>ion>,0,1,1,"0,1,1"
distortion,3,{<dis<(tort)}>ion>,1,1,1,"1,1,1"
distributor,3,{<dis<(tribute)}>or>,1,1,1,"1,1,1"
distrust,2,<dis<{(trust)},1,1,0,"1,1,0"
disturbance,2,{(disturb)}>ance>,0,1,1,"0,1,1"
disuse,2,<dis<{(use)},1,1,0,"1,1,0"
ditto,1,{(ditto)},0,1,0,"0,1,0"
diva,1,{(diva)},0,1,0,"0,1,0"
diversification,3,{(diverse)}>ify>>ion>,0,1,2,"0,1,2"
divider,2,{(divide)}>er>,0,1,1,"0,1,1"
divination,2,{(divine)}>ion>,0,1,1,"0,1,1"
divine,1,{(divine)},0,1,0,"0,1,0"
division,2,{(divide)}>ion>,0,1,1,"0,1,1"
dizziness,2,{(dizzy)}>ness>,0,1,1,"0,1,1"
dock,1,{(dock)},0,1,0,"0,1,0"
docket,1,{(docket)},0,1,0,"0,1,0"
dockyard,2,{(dock)}{(yard)},0,2,0,"0,2,0"
documentaries,2,{(document)}>ory>,0,1,1,"0,1,1"
documentary,2,{(document)}>ory>,0,1,1,"0,1,1"
documentation,2,{(document)}>ion>,0,1,1,"0,1,1"
dodge,1,{(dodge)},0,1,0,"0,1,0"
dogfight,2,{(dog)}{(fight)},0,2,0,"0,2,0"
doggies,2,{(dog)}>y>,0,1,1,"0,1,1"
doghouse,2,{(dog)}{(house)},0,2,0,"0,2,0"
dogma,1,{(dogma)},0,1,0,"0,1,0"
dogwood,2,{(dog)}{(wood)},0,2,0,"0,2,0"
dominion,2,{(domin)>ion>},0,1,1,"0,1,1"
domino,1,{(domino)},0,1,0,"0,1,0"
don,1,{(don)},0,1,0,"0,1,0"
doorbell,2,{(door)}{(bell)},0,2,0,"0,2,0"
doorknob,2,{(door)}{(knob)},0,2,0,"0,2,0"
doorman,2,{(door)}(man),0,2,0,"0,2,0"
doormat,2,{(door)}{(mat)},0,2,0,"0,2,0"
doorstep,2,{(door)}{(step)},0,2,0,"0,2,0"
doorway,2,{(door)}{(way)},0,2,0,"0,2,0"
dormer,1,{(dormer)},0,1,0,"0,1,0"
dormitory,2,{(dorm)>ory>},0,1,1,"0,1,1"
doubleheader,3,{(double)}{(head)}>er>,0,2,1,"0,2,1"
douche,1,{(douche)},0,1,0,"0,1,0"
doug,1,{(doug)},0,1,0,"0,1,0"
dough,1,{(dough)},0,1,0,"0,1,0"
doughnut,2,{(dough)}{(nut)},0,2,0,"0,2,0"
downer,2,{(down)}>er>,0,1,1,"0,1,1"
downpour,2,<down<{(pour)},1,1,0,"1,1,0"
downturn,2,<down<{(turn)},1,1,0,"1,1,0"
doze,1,{(doze)},0,1,0,"0,1,0"
drag,1,{(drag)},0,1,0,"0,1,0"
dragonflies,2,{(dragon)}{(fly)},0,2,0,"0,2,0"
dragonfly,2,{(dragon)}{(fly)},0,2,0,"0,2,0"
drainage,2,{(drain)}>age>,0,1,1,"0,1,1"
drake,1,{(drake)},0,1,0,"0,1,0"
drama,1,{(drama)},0,1,0,"0,1,0"
dramatist,2,{(drama)}>ist>,0,1,1,"0,1,1"
drapery,2,{(drape)}>ory>,0,1,1,"0,1,1"
draw,1,{(draw)},0,1,0,"0,1,0"
drawback,2,{(draw)}{(back)},0,2,0,"0,2,0"
drawbridge,2,{(draw)}{(bridge)},0,2,0,"0,2,0"
dreadnought,2,{(dread)}{(nought)},0,2,0,"0,2,0"
dreamland,2,{(dream)}{(land)},0,2,0,"0,2,0"
dredge,1,{(dredge)},0,1,0,"0,1,0"
dressage,1,{(dressage)},0,1,0,"0,1,0"
dresser,2,{(dress)}>er>,0,1,1,"0,1,1"
drew,1,{(drew)},0,1,0,"0,1,0"
drift,1,{(drift)},0,1,0,"0,1,0"
drifter,2,{(drift)}>er>,0,1,1,"0,1,1"
driftwood,2,{(drift)}{(wood)},0,2,0,"0,2,0"
drinker,2,{(drink)}>er>,0,1,1,"0,1,1"
drip,1,{(drip)},0,1,0,"0,1,0"
driver,2,{(drive)}>er>,0,1,1,"0,1,1"
driveway,2,{(drive)}{(way)},0,2,0,"0,2,0"
dropout,2,{(drop)}{(out)},0,2,0,"0,2,0"
dropper,2,{(drop)}>er>,0,1,1,"0,1,1"
drugging,1,{(drug)},0,1,0,"0,1,0"
drugstore,2,{(drug)}{(store)},0,2,0,"0,2,0"
druid,1,{(druid)},0,1,0,"0,1,0"
drum,1,{(drum)},0,1,0,"0,1,0"
drummer,2,{(drum)}>er>,0,1,1,"0,1,1"
drunkard,2,{(drunk)}>ard>,0,1,1,"0,1,1"
drunkenness,3,{(drunk)}>en>>ness>,0,1,2,"0,1,2"
dry,1,{(dry)},0,1,0,"0,1,0"
dryness,2,{(dry)}>ness>,0,1,1,"0,1,1"
dualism,2,{(dual)}>ism>,0,1,1,"0,1,1"
duchess,1,{(duchess)},0,1,0,"0,1,0"
duct,1,{(duct)},0,1,0,"0,1,0"
dude,1,{(dude)},0,1,0,"0,1,0"
duff,1,{(duff)},0,1,0,"0,1,0"
dugout,2,{(dug)}{(out)},0,2,0,"0,2,0"
duke,1,{(duke)},0,1,0,"0,1,0"
dumbbell,2,{(dumb)}{(bell)},0,2,0,"0,2,0"
dummies,2,{(dumb)}>y>,0,1,1,"0,1,1"
dumpling,2,{(dump)}>ling>,0,1,1,"0,1,1"
dun,1,{(dun)},0,1,0,"0,1,0"
dune,1,{(dune)},0,1,0,"0,1,0"
dupe,1,{(dupe)},0,1,0,"0,1,0"
duplicate,3,{<du<(plic)>ate>},1,1,1,"1,1,1"
duplication,4,{<du<(plic)>ate>}>ion>,1,1,2,"1,1,2"
duplicity,3,{<du<(plic)>ity>},1,1,1,"1,1,1"
durability,2,{(durable)}>ity>,0,1,1,"0,1,1"
duration,1,{(duration)},0,1,0,"0,1,0"
duress,1,{(duress)},0,1,0,"0,1,0"
dustbin,2,{(dust)}{(bin)},0,2,0,"0,2,0"
duster,2,{(dust)}>er>,0,1,1,"0,1,1"
dusty,2,{(dust)}>y>,0,1,1,"0,1,1"
duties,1,{(duty)},0,1,0,"0,1,0"
dynamic,1,{(dynamic)},0,1,0,"0,1,0"
dynamite,1,{(dynamite)},0,1,0,"0,1,0"
dyslexia,3,{<dys<(lexic)>ia>},1,1,1,"1,1,1"
early,1,{(early)},0,1,0,"0,1,0"
earner,2,{(earn)}>er>,0,1,1,"0,1,1"
earning,1,{(earn)},0,1,0,"0,1,0"
earpiece,2,{(ear)}{(piece)},0,2,0,"0,2,0"
earring,2,{(ear)}{(ring)},0,2,0,"0,2,0"
earshot,2,{(ear)}{(shot)},0,2,0,"0,2,0"
earthenware,3,{(earth)}>en>{(ware)},0,2,1,"0,2,1"
earthquake,2,{(earth)}{(quake)},0,2,0,"0,2,0"
easement,2,{(ease)}>ment>,0,1,1,"0,1,1"
easier,3,{(ease)}>y>>er>,0,1,2,"0,1,2"
easter,1,{(easter)},0,1,0,"0,1,0"
eastern,2,{(east)}>ern>,0,1,1,"0,1,1"
eaves,1,{(eave)},0,1,0,"0,1,0"
eavesdropping,1,{(eavesdrop)},0,1,0,"0,1,0"
ebb,1,{(ebb)},0,1,0,"0,1,0"
ebony,1,{(ebony)},0,1,0,"0,1,0"
eccentricity,4,{<ec<(center)>ic>}>ity>,1,1,2,"1,1,2"
echo,1,{(echo)},0,1,0,"0,1,0"
ecologist,3,{(eco)(log)>ist>},0,2,1,"0,2,1"
ecology,3,{(eco)(log)>y>},0,2,1,"0,2,1"
economy,2,{(econom)>y>},0,1,1,"0,1,1"
ecosystem,2,(eco){(system)},0,2,0,"0,2,0"
ecstasy,1,{(ecstasy)},0,1,0,"0,1,0"
edge,1,{(edge)},0,1,0,"0,1,0"
edit,1,{(edit)},0,1,0,"0,1,0"
editor,2,{(edit)}>or>,0,1,1,"0,1,1"
educator,2,{(educate)}>or>,0,1,1,"0,1,1"
effect,2,{<e<(fect)},1,1,0,"1,1,0"
effective,3,{<e<(fect)}>ive>,1,1,1,"1,1,1"
efficiencies,1,{(efficiency)},0,1,0,"0,1,0"
effluent,1,{(effluent)},0,1,0,"0,1,0"
eft,1,{(eft)},0,1,0,"0,1,0"
eggplant,2,{(egg)}{(plant)},0,2,0,"0,2,0"
eighties,2,{(eight)>y>},0,1,1,"0,1,1"
eighty,2,{(eight)>y>},0,1,1,"0,1,1"
ejecting,2,{<e<(ject)},1,1,0,"1,1,0"
ejection,3,{<e<(ject)}>ion>,1,1,1,"1,1,1"
elan,1,{(elan)},0,1,0,"0,1,0"
elasticity,2,{(elastic)}>ity>,0,1,1,"0,1,1"
elbow,1,{(elbow)},0,1,0,"0,1,0"
elect,1,{(electr)},0,1,0,"0,1,0"
election,2,{(electr)}>ion>,0,1,1,"0,1,1"
electorate,3,{(electr)}>or>>ate>,0,1,2,"0,1,2"
electrocution,3,{(electro)(cute)}>ion>,0,2,1,"0,2,1"
electrode,2,{(electr)>ode>},0,1,1,"0,1,1"
electrolysis,3,{(electro)>lys>>sis>},0,1,2,"0,1,2"
electron,2,{(electr)>on>},0,1,1,"0,1,1"
electronics,3,{(electr)>on>}>ics>,0,1,2,"0,1,2"
elevation,2,{(elevate)}>ion>,0,1,1,"0,1,1"
elevator,2,{(elevate)}>or>,0,1,1,"0,1,1"
eleven,1,{(eleven)},0,1,0,"0,1,0"
eligibility,3,{(elect)>able>}>ity>,0,1,2,"0,1,2"
elimination,4,{<e<(limin)>ate>}>ion>,1,1,2,"1,1,2"
elitism,2,{(elite)}>ism>,0,1,1,"0,1,1"
elixir,1,{(elixir)},0,1,0,"0,1,0"
elizabeth,1,{(elizabeth)},0,1,0,"0,1,0"
ellen,1,{(ellen)},0,1,0,"0,1,0"
eloquence,3,{<e<(loqu)>ance>},1,1,1,"1,1,1"
elves,1,{(elf)},0,1,0,"0,1,0"
emancipation,2,{(emancipate)}>ion>,0,1,1,"0,1,1"
embalming,2,<en<{(balm)},1,1,0,"1,1,0"
embankment,3,<en<{(bank)}>ment>,1,1,1,"1,1,1"
embellishment,4,{<en<(bell)>ish>}>ment>,1,1,2,"1,1,2"
embodiment,3,<en<{(body)}>ment>,1,1,1,"1,1,1"
embolism,1,{(embolism)},0,1,0,"0,1,0"
embryo,1,{(embryo)},0,1,0,"0,1,0"
emerald,1,{(emerald)},0,1,0,"0,1,0"
emergencies,1,{(emergency)},0,1,0,"0,1,0"
emergent,3,{<e<(merge)}>ant>,1,1,1,"1,1,1"
emirate,2,{(emir)}>ate>,0,1,1,"0,1,1"
emissaries,3,{<e<(miss)>ory>},1,1,1,"1,1,1"
empathy,3,{<en<(patho)>y>},1,1,1,"1,1,1"
empire,1,{(empire)},0,1,0,"0,1,0"
employment,2,{(employ)}>ment>,0,1,1,"0,1,1"
emporium,1,{(emporium)},0,1,0,"0,1,0"
emptiness,2,{(empty)}>ness>,0,1,1,"0,1,1"
emu,1,{(emu)},0,1,0,"0,1,0"
emulation,2,{(emulate)}>ion>,0,1,1,"0,1,1"
emulsion,2,{(emuls)>ion>},0,1,1,"0,1,1"
encampment,3,<en<{(camp)}>ment>,1,1,1,"1,1,1"
enchantment,2,{(enchant)}>ment>,0,1,1,"0,1,1"
enclosure,3,<en<{(close)}>ure>,1,1,1,"1,1,1"
encounter,2,{<en<(counter)},1,1,0,"1,1,0"
encouragement,3,<en<{(courage)}>ment>,1,1,1,"1,1,1"
encyclopedia,4,{<en<(cycle)(ped)>ia>},1,2,1,"1,2,1"
endeavor,1,{(endeavor)},0,1,0,"0,1,0"
endgame,2,{(end)}{(game)},0,2,0,"0,2,0"
endpoints,2,{(end)}{(point)},0,2,0,"0,2,0"
endurance,2,{(endure)}>ance>,0,1,1,"0,1,1"
enema,1,{(enema)},0,1,0,"0,1,0"
energies,2,{(energ)>y>},0,1,1,"0,1,1"
energizing,2,{(energ)>ize>},0,1,1,"0,1,1"
enforcers,3,<en<{(force)}>er>,1,1,1,"1,1,1"
engagement,2,{(engage)}>ment>,0,1,1,"0,1,1"
england,1,{(england)},0,1,0,"0,1,0"
enhancement,2,{(enhance)}>ment>,0,1,1,"0,1,1"
enjoy,2,<en<{(joy)},1,1,0,"1,1,0"
enjoyment,3,<en<{(joy)}>ment>,1,1,1,"1,1,1"
enlightening,3,<en<{(light)}>en>,1,1,1,"1,1,1"
enlightenment,4,<en<{(light)}>en>>ment>,1,1,2,"1,1,2"
enormity,1,{(enorm)ity},0,1,0,"0,1,0"
enough,1,{(enough)},0,1,0,"0,1,0"
enrichment,3,<en<{(rich)}>ment>,1,1,1,"1,1,1"
enrollment,3,<en<{(roll)}>ment>,1,1,1,"1,1,1"
enrolment,3,<en<{(roll)}>ment>,1,1,1,"1,1,1"
ensemble,1,{(ensemble)},0,1,0,"0,1,0"
ensure,2,<en<{(sure)},1,1,0,"1,1,0"
entanglement,3,<en<{(tangle)}>ment>,1,1,1,"1,1,1"
entertaining,2,{<inter<(tain)},1,1,0,"1,1,0"
entertainment,3,{<inter<(tain)}>ment>,1,1,1,"1,1,1"
enthusiasm,2,{(enthuse)>iasm>},0,1,1,"0,1,1"
entire,1,{(entire)},0,1,0,"0,1,0"
entirety,2,{(entire)}>ity>,0,1,1,"0,1,1"
entitlement,3,<en<{(title)}>ment>,1,1,1,"1,1,1"
entomologist,3,{(entomo)(log)>ist>},0,2,1,"0,2,1"
entomology,3,{(entomo)(log)>y>},0,2,1,"0,2,1"
entrails,1,{(entrail)},0,1,0,"0,1,0"
entrance,2,{(enter)>ance>},0,1,1,"0,1,1"
entrant,2,{(enter)>ant>},0,1,1,"0,1,1"
entrapment,3,<en<{(trap)}>ment>,1,1,1,"1,1,1"
entree,1,{(entree)},0,1,0,"0,1,0"
entropy,1,{(entropy)},0,1,0,"0,1,0"
entry,2,{(enter)>y>},0,1,1,"0,1,1"
envelope,1,{(envelope)},0,1,0,"0,1,0"
environment,2,{(environ)}>ment>,0,1,1,"0,1,1"
environmentalist,4,{(environ)}>ment>>al>>ist>,0,1,3,"0,1,3"
epilepsy,2,{<epi<(lepsy)},1,1,0,"1,1,0"
epiphany,1,{(epiphany)},0,1,0,"0,1,0"
episode,1,{(episode)},0,1,0,"0,1,0"
epistemology,3,{(epistem)(log)>y>},0,2,1,"0,2,1"
epistle,1,{(epistle)},0,1,0,"0,1,0"
epithet,1,{(epithet)},0,1,0,"0,1,0"
epsilon,1,{(epsilon)},0,1,0,"0,1,0"
equal,2,{(equi)>al>},0,1,1,"0,1,1"
equality,3,{(equi)>al>}>ity>,0,1,2,"0,1,2"
equalization,4,{(equi)>al>}>ize>>ion>,0,1,3,"0,1,3"
equestrian,2,{(equestr)>ian>},0,1,1,"0,1,1"
equilibrium,3,{(equi)(libr)>ium>},0,2,1,"0,2,1"
equine,1,{(equine)},0,1,0,"0,1,0"
equity,2,{(equi)>ity>},0,1,1,"0,1,1"
equivalence,3,{(equi)(val)>ance>},0,2,1,"0,2,1"
equivalent,3,{(equi)(val)>ant>},0,2,1,"0,2,1"
erasure,2,{(erase)}>ure>,0,1,1,"0,1,1"
erg,1,{(erg)},0,1,0,"0,1,0"
ergonomics,3,{(ergo)(nomin)>ics>},0,2,1,"0,2,1"
eric,1,{(eric)},0,1,0,"0,1,0"
errata,2,{(err)>ata>},0,1,1,"0,1,1"
escalation,2,{(escalate)}>ion>,0,1,1,"0,1,1"
escapism,2,{(escape)}>ism>,0,1,1,"0,1,1"
escapist,2,{(escape)}>ist>,0,1,1,"0,1,1"
escarpment,2,{(escarp)}>ment>,0,1,1,"0,1,1"
espionage,1,{(espionage)},0,1,0,"0,1,0"
essay,1,{(essay)},0,1,0,"0,1,0"
essayist,2,{(essay)}>ist>,0,1,1,"0,1,1"
essence,1,{(essence)},0,1,0,"0,1,0"
establishment,2,{(establish)}>ment>,0,1,1,"0,1,1"
estimate,2,{(esteem)>ate>},0,1,1,"0,1,1"
estrangement,3,<e<{(strange)}>ment>,1,1,1,"1,1,1"
estuaries,1,{(estuary)},0,1,0,"0,1,0"
estuary,1,{(estuary)},0,1,0,"0,1,0"
eternity,1,{(eternity)},0,1,0,"0,1,0"
ethanol,1,{(ethanol)},0,1,0,"0,1,0"
ethic,1,{(ethic)},0,1,0,"0,1,0"
ethnography,3,{(ethn)(graph)>y>},0,2,1,"0,2,1"
ethnology,3,{(ethn)(log)>y>},0,2,1,"0,2,1"
etiquette,1,{(etiquette)},0,1,0,"0,1,0"
etymology,3,{(etymo)(log)>y>},0,2,1,"0,2,1"
eucharist,1,{(eucharist)},0,1,0,"0,1,0"
eugenics,3,{<eu<(gen)>ics>},1,1,1,"1,1,1"
eureka,1,{(eureka)},0,1,0,"0,1,0"
european,2,{(europe)}>ian>,0,1,1,"0,1,1"
evacuation,4,{<e<(vacu)>ate>}>ion>,1,1,2,"1,1,2"
evangelist,2,{(evangel)}>ist>,0,1,1,"0,1,1"
evaporating,3,{<e<(vapor)>ate>},1,1,1,"1,1,1"
evasion,2,{(evade)}>ion>,0,1,1,"0,1,1"
evergreen,2,{(ever)}{(green)},0,2,0,"0,2,0"
everybody,2,{(every)(body)},0,2,0,"0,2,0"
everyday,2,{(every)}{(day)},0,2,0,"0,2,0"
everyone,2,{(every)}{(one)},0,2,0,"0,2,0"
everything,2,{(every)}{(thing)},0,2,0,"0,2,0"
everywhere,2,{(every)}{(where)},0,2,0,"0,2,0"
evidence,1,{(evidence)},0,1,0,"0,1,0"
evocation,2,{(evoke)}>ion>,0,1,1,"0,1,1"
evolution,3,{<e<(volve)>ion>},1,1,1,"1,1,1"
exacerbating,3,{<ex<(acerb)>ate>},1,1,1,"1,1,1"
exactly,2,{(exact)}>ly>,0,1,1,"0,1,1"
examine,1,{(examine)},0,1,0,"0,1,0"
exasperation,2,{(exasperate)}>ion>,0,1,1,"0,1,1"
excavation,2,{(excavate)}>ion>,0,1,1,"0,1,1"
excavator,2,{(excavate)}>or>,0,1,1,"0,1,1"
excel,1,{(excel)},0,1,0,"0,1,0"
excellence,2,{(excel)}>ance>,0,1,1,"0,1,1"
excelsior,1,{(excelsior)},0,1,0,"0,1,0"
excesses,2,{<ex<(cess)},1,1,0,"1,1,0"
exchange,2,{<ex<(change)},1,1,0,"1,1,0"
excise,2,{<ex<(cise)},1,1,0,"1,1,0"
excision,3,{<ex<(cise)}>ion>,1,1,1,"1,1,1"
exclamation,3,{<ex<(claim)}>ion>,1,1,1,"1,1,1"
exclusion,3,{<ex<(clude)}>ion>,1,1,1,"1,1,1"
excretion,2,{(excrete)}>ion>,0,1,1,"0,1,1"
excuse,1,{(excuse)},0,1,0,"0,1,0"
executioner,3,{(execute)}>ion>>er>,0,1,2,"0,1,2"
executive,2,{(execute)}>ive>,0,1,1,"0,1,1"
exemplar,2,{(example)>ar>},0,1,1,"0,1,1"
exemption,2,{(exempt)}>ion>,0,1,1,"0,1,1"
exertion,2,{(exert)}>ion>,0,1,1,"0,1,1"
exes,1,{(ex)},0,1,0,"0,1,0"
exhaustion,2,{(exhaust)}>ion>,0,1,1,"0,1,1"
exhibit,2,{<ex<(hibit)},1,1,0,"1,1,0"
exhibition,3,{<ex<(hibit)}>ion>,1,1,1,"1,1,1"
exhortation,2,{(exhort)}>ion>,0,1,1,"0,1,1"
exile,1,{(exile)},0,1,0,"0,1,0"
existing,1,{(exist)},0,1,0,"0,1,0"
expanse,1,{(expanse)},0,1,0,"0,1,0"
expansion,2,{(expand)}>ion>,0,1,1,"0,1,1"
expectancy,3,{(expect)}>ance>>y>,0,1,2,"0,1,2"
expedient,3,{<ex<(ped)>ant>},1,1,1,"1,1,1"
expedition,4,{<ex<(ped)>it>>ion>},1,1,2,"1,1,2"
expending,2,{<ex<(pend)},1,1,0,"1,1,0"
expenditure,3,{<ex<(pend)}>ure>,1,1,1,"1,1,1"
experience,1,{(experience)},0,1,0,"0,1,0"
experimentation,2,{(experiment)}>ion>,0,1,1,"0,1,1"
explanation,2,{(explain)}>ion>,0,1,1,"0,1,1"
exploitation,2,{(exploit)}>ion>,0,1,1,"0,1,1"
exploration,2,{(explore)}>ion>,0,1,1,"0,1,1"
explorer,2,{(explore)}>er>,0,1,1,"0,1,1"
explosion,3,{<ex<(plode)}>ion>,1,1,1,"1,1,1"
explosive,3,{<ex<(plode)}>ive>,1,1,1,"1,1,1"
express,2,{<ex<(press)},1,1,0,"1,1,0"
expressionism,4,{<ex<(press)}>ion>>ism>,1,1,2,"1,1,2"
expressway,3,{<ex<(press)}{(way)},1,2,0,"1,2,0"
expropriation,4,{<ex<(propri)>ate>}>ion>,1,1,2,"1,1,2"
expulsion,3,{<ex<(pulse)}>ion>,1,1,1,"1,1,1"
extermination,4,{<ex<(termin)>ate>}>ion>,1,1,2,"1,1,2"
external,3,{<ex<(tern)>al>},1,1,1,"1,1,1"
extinction,2,{(extinct)}>ion>,0,1,1,"0,1,1"
extract,2,{<ex<(tract)},1,1,0,"1,1,0"
extraction,3,{<ex<(tract)}>ion>,1,1,1,"1,1,1"
extractor,3,{<ex<(tract)}>or>,1,1,1,"1,1,1"
extrapolation,4,{<extra<(pol)>ate>}>ion>,1,1,2,"1,1,2"
extravagance,2,{(extravag)>ance>},0,1,1,"0,1,1"
extreme,1,{(extreme)},0,1,0,"0,1,0"
extremism,2,{(extreme)}>ism>,0,1,1,"0,1,1"
extremities,2,{(extreme)}>ity>,0,1,1,"0,1,1"
extrusion,3,{<ex<(trude)}>ion>,1,1,1,"1,1,1"
eyeball,2,{(eye)}{(ball)},0,2,0,"0,2,0"
eyebrow,2,{(eye)}{(brow)},0,2,0,"0,2,0"
eyelash,2,{(eye)}{(lash)},0,2,0,"0,2,0"
eyelid,2,{(eye)}{(lid)},0,2,0,"0,2,0"
eyeliner,3,{(eye)}{(line)}>er>,0,2,1,"0,2,1"
eyesight,2,{(eye)}{(sight)},0,2,0,"0,2,0"
eyesore,2,{(eye)}{(sore)},0,2,0,"0,2,0"
eyewitness,2,{(eye)}{(witness)},0,2,0,"0,2,0"
facade,1,{(facade)},0,1,0,"0,1,0"
facials,2,{(face)}>al>,0,1,1,"0,1,1"
faction,2,{(fact)>ion>},0,1,1,"0,1,1"
factories,2,{(fact)>ory>},0,1,1,"0,1,1"
factory,2,{(fact)>ory>},0,1,1,"0,1,1"
faculties,1,{(faculty)},0,1,0,"0,1,0"
faculty,1,{(faculty)},0,1,0,"0,1,0"
fade,1,{(fade)},0,1,0,"0,1,0"
faggot,1,{(faggot)},0,1,0,"0,1,0"
fairground,2,{(fair)}{(ground)},0,2,0,"0,2,0"
fairies,1,{(fairy)},0,1,0,"0,1,0"
fairness,2,{(fair)}>ness>,0,1,1,"0,1,1"
fairway,2,{(fair)}{(way)},0,2,0,"0,2,0"
fairytale,2,{(fairy)}{(tale)},0,2,0,"0,2,0"
faithful,2,{(faith)}>ful>,0,1,1,"0,1,1"
fake,1,{(fake)},0,1,0,"0,1,0"
fallacies,2,{(fall)>acy>},0,1,1,"0,1,1"
fallout,2,{(fall)}{(out)},0,2,0,"0,2,0"
falsifying,2,{(false)}>ify>,0,1,1,"0,1,1"
faltering,1,{(falter)},0,1,0,"0,1,0"
familiarity,3,{(family)}>ar>>ity>,0,1,2,"0,1,2"
families,1,{(family)},0,1,0,"0,1,0"
family,1,{(family)},0,1,0,"0,1,0"
famine,1,{(famine)},0,1,0,"0,1,0"
fandango,1,{(fandango)},0,1,0,"0,1,0"
fanny,1,{(fanny)},0,1,0,"0,1,0"
fantasia,2,{(fantasy)>a>},0,1,1,"0,1,1"
farce,1,{(farce)},0,1,0,"0,1,0"
farmhouse,2,{(farm)}{(house)},0,2,0,"0,2,0"
farmland,2,{(farm)}{(land)},0,2,0,"0,2,0"
farthing,1,{(farthing)},0,1,0,"0,1,0"
fascia,1,{(fascia)},0,1,0,"0,1,0"
fascism,2,{(fasc)>ism>},0,1,1,"0,1,1"
fastening,2,{(fast)}>en>,0,1,1,"0,1,1"
fasts,1,{(fast)},0,1,0,"0,1,0"
fatalities,3,{(fate)}>al>>ity>,0,1,2,"0,1,2"
fatherhood,2,{(father)}>hood>,0,1,1,"0,1,1"
fatherland,2,{(father)}{(land)},0,2,0,"0,2,0"
fatigue,1,{(fatigue)},0,1,0,"0,1,0"
fatty,2,{(fat)}>y>,0,1,1,"0,1,1"
fault,1,{(fault)},0,1,0,"0,1,0"
favor,1,{(favor)},0,1,0,"0,1,0"
fawn,1,{(fawn)},0,1,0,"0,1,0"
fealty,1,{(fealty)},0,1,0,"0,1,0"
feasibility,3,{(fact)>able>}>ity>,0,1,2,"0,1,2"
feather,1,{(feather)},0,1,0,"0,1,0"
featherweight,3,{(feather)}{(weigh)>t>},0,2,1,"0,2,1"
fed,1,{(fed)},0,1,0,"0,1,0"
federalism,3,{(feder)>al>}>ism>,0,1,2,"0,1,2"
federation,3,{(feder)>ate>}>ion>,0,1,2,"0,1,2"
fedora,1,{(fedora)},0,1,0,"0,1,0"
fee,1,{(fee)},0,1,0,"0,1,0"
feed,1,{(feed)},0,1,0,"0,1,0"
feedback,2,{(feed)}{(back)},0,2,0,"0,2,0"
feeder,2,{(feed)}>er>,0,1,1,"0,1,1"
feint,1,{(feint)},0,1,0,"0,1,0"
fella,1,{(fella)},0,1,0,"0,1,0"
fellowship,2,{(fellow)}>ship>,0,1,1,"0,1,1"
felon,1,{(felon)},0,1,0,"0,1,0"
felt,1,{(felt)},0,1,0,"0,1,0"
femininity,3,{(femin)>ine>}>ity>,0,1,2,"0,1,2"
feminism,2,{(femin)>ism>},0,1,1,"0,1,1"
femme,1,{(femme)},0,1,0,"0,1,0"
fermentation,2,{(ferment)}>ion>,0,1,1,"0,1,1"
fern,1,{(fern)},0,1,0,"0,1,0"
ferocity,2,{(feroc)>ity>},0,1,1,"0,1,1"
ferries,1,{(ferry)},0,1,0,"0,1,0"
fertility,2,{(fertile)}>ity>,0,1,1,"0,1,1"
fertilizer,3,{(fertile)}>ize>>er>,0,1,2,"0,1,2"
festivity,3,{(fest)>ive>}>ity>,0,1,2,"0,1,2"
feud,1,{(feud)},0,1,0,"0,1,0"
fever,1,{(fever)},0,1,0,"0,1,0"
few,1,{(few)},0,1,0,"0,1,0"
fez,1,{(fez)},0,1,0,"0,1,0"
fiance,1,{(fiance)},0,1,0,"0,1,0"
fiasco,1,{(fiasco)},0,1,0,"0,1,0"
fib,1,{(fib)},0,1,0,"0,1,0"
fiber,1,{(fiber)},0,1,0,"0,1,0"
fibre,1,{(fibre)},0,1,0,"0,1,0"
fibreglass,2,{(fibre)}{(glass)},0,2,0,"0,2,0"
fibrosis,2,{(fiber)>sis>},0,1,1,"0,1,1"
fiction,2,{(fict)>ion>},0,1,1,"0,1,1"
fiddler,2,{(fiddle)}>er>,0,1,1,"0,1,1"
fidget,1,{(fidget)},0,1,0,"0,1,0"
field,1,{(field)},0,1,0,"0,1,0"
fieldwork,2,{(field)}{(work)},0,2,0,"0,2,0"
fiend,1,{(fiend)},0,1,0,"0,1,0"
fife,1,{(fife)},0,1,0,"0,1,0"
fifteen,2,{(five)}>teen>,0,1,1,"0,1,1"
fifties,2,{(five)>ity>},0,1,1,"0,1,1"
fifty,2,{(five)>ity>},0,1,1,"0,1,1"
figure,1,{(figure)},0,1,0,"0,1,0"
figurehead,2,{(figure)}{(head)},0,2,0,"0,2,0"
figurine,2,{(figure)}>ine>,0,1,1,"0,1,1"
filigree,1,{(filigree)},0,1,0,"0,1,0"
fill,1,{(fill)},0,1,0,"0,1,0"
fillet,1,{(fillet)},0,1,0,"0,1,0"
filter,1,{(filter)},0,1,0,"0,1,0"
filtration,3,{(filter)>ate>}>ion>,0,1,2,"0,1,2"
finale,1,{(finale)},0,1,0,"0,1,0"
finality,2,{(final)}>ity>,0,1,1,"0,1,1"
finalizing,2,{(final)}>ize>,0,1,1,"0,1,1"
finance,1,{(finance)},0,1,0,"0,1,0"
financier,2,{(finance)}>er>,0,1,1,"0,1,1"
finder,2,{(find)}>er>,0,1,1,"0,1,1"
fine,1,{(fine)},0,1,0,"0,1,0"
fingernail,2,{(finger)}{(nail)},0,2,0,"0,2,0"
fingerprint,2,{(finger)}{(print)},0,2,0,"0,2,0"
fingertip,2,{(finger)}{(tip)},0,2,0,"0,2,0"
finite,2,{(fin)>ite>},0,1,1,"0,1,1"
firearm,2,{(fire)}{(arm)},0,2,0,"0,2,0"
fireball,2,{(fire)}{(ball)},0,2,0,"0,2,0"
firebird,2,{(fire)}{(bird)},0,2,0,"0,2,0"
firebrand,2,{(fire)}{(brand)},0,2,0,"0,2,0"
firecracker,3,{(fire)}{(crack)}>er>,0,2,1,"0,2,1"
fireflies,2,{(fire)}{(fly)},0,2,0,"0,2,0"
firefly,2,{(fire)}{(fly)},0,2,0,"0,2,0"
fireman,2,{(fire)}(man),0,2,0,"0,2,0"
firemen,2,{(fire)}(men),0,2,0,"0,2,0"
fireplace,2,{(fire)}{(place)},0,2,0,"0,2,0"
firepower,2,{(fire)}{(power)},0,2,0,"0,2,0"
fireside,2,{(fire)}{(side)},0,2,0,"0,2,0"
firestone,2,{(fire)(stone)},0,2,0,"0,2,0"
firewood,2,{(fire)}{(wood)},0,2,0,"0,2,0"
firework,2,{(fire)}{(work)},0,2,0,"0,2,0"
firmly,2,{(firm)}>ly>,0,1,1,"0,1,1"
firmness,2,{(firm)}>ness>,0,1,1,"0,1,1"
firth,1,{(firth)},0,1,0,"0,1,0"
fisher,2,{(fish)}>er>,0,1,1,"0,1,1"
fisherman,3,{(fish)}>er>(man),0,2,1,"0,2,1"
fishermen,3,{(fish)}>er>(men),0,2,1,"0,2,1"
fishery,2,{(fish)}>ory>,0,1,1,"0,1,1"
fist,1,{(fist)},0,1,0,"0,1,0"
fitness,2,{(fit)}>ness>,0,1,1,"0,1,1"
fitter,2,{(fit)}>er>,0,1,1,"0,1,1"
fixture,2,{(fix)}>ure>,0,1,1,"0,1,1"
flag,1,{(flag)},0,1,0,"0,1,0"
flagpole,2,{(flag)}{(pole)},0,2,0,"0,2,0"
flagship,2,{(flag)}{(ship)},0,2,0,"0,2,0"
flagstaff,2,{(flag)}{(staff)},0,2,0,"0,2,0"
flair,1,{(flair)},0,1,0,"0,1,0"
flak,1,{(flak)},0,1,0,"0,1,0"
flake,1,{(flake)},0,1,0,"0,1,0"
flamethrower,3,{(flame)}{(throw)}>er>,0,2,1,"0,2,1"
flange,1,{(flange)},0,1,0,"0,1,0"
flap,1,{(flap)},0,1,0,"0,1,0"
flash,1,{(flash)},0,1,0,"0,1,0"
flashback,2,{(flash)}{(back)},0,2,0,"0,2,0"
flashlight,2,{(flash)}{(light)},0,2,0,"0,2,0"
flashpoint,2,{(flash)}{(point)},0,2,0,"0,2,0"
flathead,2,{(flat)}{(head)},0,2,0,"0,2,0"
flattening,2,{(flat)}>en>,0,1,1,"0,1,1"
flattery,2,{(flatter)}>y>,0,1,1,"0,1,1"
flavor,1,{(flavor)},0,1,0,"0,1,0"
flaw,1,{(flaw)},0,1,0,"0,1,0"
fledgling,2,{(fledge)}>ling>,0,1,1,"0,1,1"
flexibility,3,{(flex)}>able>>ity>,0,1,2,"0,1,2"
flight,1,{(flight)},0,1,0,"0,1,0"
flint,1,{(flint)},0,1,0,"0,1,0"
float,1,{(float)},0,1,0,"0,1,0"
floater,2,{(float)}>er>,0,1,1,"0,1,1"
flood,1,{(flood)},0,1,0,"0,1,0"
flop,1,{(flop)},0,1,0,"0,1,0"
floppy,2,{(flop)}>y>,0,1,1,"0,1,1"
floss,1,{(floss)},0,1,0,"0,1,0"
flotilla,1,{(flotilla)},0,1,0,"0,1,0"
flourish,1,{(flourish)},0,1,0,"0,1,0"
flowchart,2,{(flow)}{(chart)},0,2,0,"0,2,0"
fluctuation,2,{(fluctuate)}>ion>,0,1,1,"0,1,1"
fluency,2,{(flu)>ancy>},0,1,1,"0,1,1"
fluke,1,{(fluke)},0,1,0,"0,1,0"
fluoride,2,{(fluor)>ide>},0,1,1,"0,1,1"
flush,1,{(flush)},0,1,0,"0,1,0"
flutter,1,{(flutter)},0,1,0,"0,1,0"
flyer,2,{(fly)}>er>,0,1,1,"0,1,1"
flyover,2,{(fly)}{(over)},0,2,0,"0,2,0"
flywheel,2,{(fly)}{(wheel)},0,2,0,"0,2,0"
foam,1,{(foam)},0,1,0,"0,1,0"
focus,2,{(foc)>us>},0,1,1,"0,1,1"
fodder,1,{(fodder)},0,1,0,"0,1,0"
foe,1,{(foe)},0,1,0,"0,1,0"
foetus,1,{(foetus)},0,1,0,"0,1,0"
foil,1,{(foil)},0,1,0,"0,1,0"
fold,1,{(fold)},0,1,0,"0,1,0"
folklore,2,{(folk)}{(lore)},0,2,0,"0,2,0"
follies,1,{(folly)},0,1,0,"0,1,0"
following,1,{(follow)},0,1,0,"0,1,0"
fondness,2,{(fond)}>ness>,0,1,1,"0,1,1"
fondue,1,{(fondue)},0,1,0,"0,1,0"
food,1,{(food)},0,1,0,"0,1,0"
fool,1,{(fool)},0,1,0,"0,1,0"
foolishness,3,{(fool)}>ish>>ness>,0,1,2,"0,1,2"
footage,2,{(foot)}>age>,0,1,1,"0,1,1"
football,2,{(foot)}{(ball)},0,2,0,"0,2,0"
footballer,3,{(foot)}{(ball)}>er>,0,2,1,"0,2,1"
footbridge,2,{(foot)}{(bridge)},0,2,0,"0,2,0"
foothill,2,{(foot)}{(hill)},0,2,0,"0,2,0"
foothold,2,{(foot)}{(hold)},0,2,0,"0,2,0"
footman,2,{(foot)}(man),0,2,0,"0,2,0"
footnote,2,{(foot)}{(note)},0,2,0,"0,2,0"
footpath,2,{(foot)}{(patho)},0,2,0,"0,2,0"
footprint,2,{(foot)}{(print)},0,2,0,"0,2,0"
footwear,2,{(foot)}{(wear)},0,2,0,"0,2,0"
footwork,2,{(foot)}{(work)},0,2,0,"0,2,0"
forebears,2,<fore<{(bear)},1,1,0,"1,1,0"
forecast,2,<fore<{(cast)},1,1,0,"1,1,0"
foreclosure,3,<fore<{(close)}>ure>,1,1,1,"1,1,1"
forecourt,2,<fore<{(court)},1,1,0,"1,1,0"
foregoing,2,<fore<{(go)},1,1,0,"1,1,0"
foreground,2,<fore<{(ground)},1,1,0,"1,1,0"
forehead,2,<fore<{(head)},1,1,0,"1,1,0"
foreman,2,{(fore)}(man),0,2,0,"0,2,0"
foreplay,2,<fore<{(play)},1,1,0,"1,1,0"
foreshore,2,<fore<{(shore)},1,1,0,"1,1,0"
foresight,2,<fore<{(sight)},1,1,0,"1,1,0"
foreskin,2,<fore<{(skin)},1,1,0,"1,1,0"
forest,1,{(forest)},0,1,0,"0,1,0"
forestry,2,{(forest)}>ory>,0,1,1,"0,1,1"
forever,2,<fore<{(ever)},1,1,0,"1,1,0"
foreword,2,<fore<{(word)},1,1,0,"1,1,0"
forgeries,2,{(forge)}>ory>,0,1,1,"0,1,1"
forgetfulness,3,{(forget)}>ful>>ness>,0,1,2,"0,1,2"
forgiveness,2,{(forgive)}>ness>,0,1,1,"0,1,1"
fork,1,{(fork)},0,1,0,"0,1,0"
forklift,2,{(fork)}{(lift)},0,2,0,"0,2,0"
formalism,2,{(formal)}>ism>,0,1,1,"0,1,1"
formalities,2,{(formal)}>ity>,0,1,1,"0,1,1"
formation,2,{(form)}>ion>,0,1,1,"0,1,1"
formulating,2,{(formul)>ate>},0,1,1,"0,1,1"
forte,1,{(forte)},0,1,0,"0,1,0"
forthwith,1,{(forthwith)},0,1,0,"0,1,0"
forties,2,{(for)}>ity>,0,1,1,"0,1,1"
fortification,3,{(fort)>ify>}>ion>,0,1,2,"0,1,2"
fortnight,2,{(fort)(night)},0,2,0,"0,2,0"
forward,1,{(forward)},0,1,0,"0,1,0"
fossil,1,{(fossil)},0,1,0,"0,1,0"
foster,1,{(foster)},0,1,0,"0,1,0"
fouling,1,{(foul)},0,1,0,"0,1,0"
found,1,{(found)},0,1,0,"0,1,0"
foundation,2,{(found)}>ion>,0,1,1,"0,1,1"
foundry,1,{(foundry)},0,1,0,"0,1,0"
four,1,{(four)},0,1,0,"0,1,0"
foursome,2,{(four)}>some>,0,1,1,"0,1,1"
fourteenth,3,{(four)}>teen>>th>,0,1,2,"0,1,2"
fowler,1,{(fowler)},0,1,0,"0,1,0"
foxtrot,2,{(fox)}{(trot)},0,2,0,"0,2,0"
fragility,2,{(fragile)}>ity>,0,1,1,"0,1,1"
fragmentation,2,{(fragment)}>ion>,0,1,1,"0,1,1"
fragrance,2,{(fragr)>ance>},0,1,1,"0,1,1"
frailty,2,{(frail)}>ity>,0,1,1,"0,1,1"
framework,2,{(frame)}{(work)},0,2,0,"0,2,0"
franc,1,{(franc)},0,1,0,"0,1,0"
franchise,1,{(franchise)},0,1,0,"0,1,0"
frankness,2,{(frank)}>ness>,0,1,1,"0,1,1"
fraternities,2,{(fratern)>ity>},0,1,1,"0,1,1"
freak,1,{(freak)},0,1,0,"0,1,0"
freebie,2,{(free)>bie>},0,1,1,"0,1,1"
freedmen,2,{(free)}(men),0,2,0,"0,2,0"
freedom,2,{(free)}>dom>,0,1,1,"0,1,1"
freehold,2,{(free)}{(hold)},0,2,0,"0,2,0"
freelance,2,{(free)}{(lance)},0,2,0,"0,2,0"
freelancer,3,{(free)}{(lance)}>er>,0,2,1,"0,2,1"
freemasonry,3,{(free)}{(mason)}>ory>,0,2,1,"0,2,1"
freestanding,2,{(free)}{(stand)},0,2,0,"0,2,0"
freeway,2,{(free)}{(way)},0,2,0,"0,2,0"
frequencies,2,{(frequence)}>y>,0,1,1,"0,1,1"
frequency,2,{(frequence)}>y>,0,1,1,"0,1,1"
fresco,1,{(fresco)},0,1,0,"0,1,0"
fresh,1,{(fresh)},0,1,0,"0,1,0"
freshers,2,{(fresh)}>er>,0,1,1,"0,1,1"
freshman,2,{(fresh)}(man),0,2,0,"0,2,0"
freshmen,2,{(fresh)}(men),0,2,0,"0,2,0"
freshness,2,{(fresh)}>ness>,0,1,1,"0,1,1"
freshwater,2,{(fresh)}{(water)},0,2,0,"0,2,0"
friar,1,{(friar)},0,1,0,"0,1,0"
friction,1,{(friction)},0,1,0,"0,1,0"
friday,2,{(fri)(day)},0,2,0,"0,2,0"
fright,1,{(fright)},0,1,0,"0,1,0"
frisk,1,{(frisk)},0,1,0,"0,1,0"
frost,1,{(frost)},0,1,0,"0,1,0"
frostbite,2,{(frost)}{(bite)},0,2,0,"0,2,0"
fuchsia,1,{(fuchsia)},0,1,0,"0,1,0"
fugue,1,{(fugue)},0,1,0,"0,1,0"
fulfillment,3,{<ful<(fill)}>ment>,1,1,1,"1,1,1"
fullback,2,{(full)}{(back)},0,2,0,"0,2,0"
fullness,2,{(full)}>ness>,0,1,1,"0,1,1"
fumble,1,{(fumble)},0,1,0,"0,1,0"
fund,1,{(fund)},0,1,0,"0,1,0"
funeral,2,{(funer)>al>},0,1,1,"0,1,1"
fungi,2,{(fung)>i>},0,1,1,"0,1,1"
furlong,1,{(furlong)},0,1,0,"0,1,0"
furniture,1,{(furniture)},0,1,0,"0,1,0"
furtherance,2,{(further)}>ance>,0,1,1,"0,1,1"
fusion,2,{(fuse)}>ion>,0,1,1,"0,1,1"
futility,2,{(futile)}>ity>,0,1,1,"0,1,1"
gadget,1,{(gadget)},0,1,0,"0,1,0"
gaffer,1,{(gaffer)},0,1,0,"0,1,0"
gag,1,{(gag)},0,1,0,"0,1,0"
gage,1,{(gage)},0,1,0,"0,1,0"
gaggle,1,{(gaggle)},0,1,0,"0,1,0"
gain,1,{(gain)},0,1,0,"0,1,0"
gala,1,{(gala)},0,1,0,"0,1,0"
galaxy,1,{(galaxy)},0,1,0,"0,1,0"
gall,1,{(gall)},0,1,0,"0,1,0"
gallantry,2,{(gallant)}>ory>,0,1,1,"0,1,1"
gallbladder,2,{(gall)}{(bladder)},0,2,0,"0,2,0"
galleries,1,{(gallery)},0,1,0,"0,1,0"
gallery,1,{(gallery)},0,1,0,"0,1,0"
gambit,1,{(gambit)},0,1,0,"0,1,0"
gambler,2,{(gamble)}>er>,0,1,1,"0,1,1"
gambling,1,{(gamble)},0,1,0,"0,1,0"
gamma,1,{(gamma)},0,1,0,"0,1,0"
gammon,1,{(gammon)},0,1,0,"0,1,0"
gangland,2,{(gang)}{(land)},0,2,0,"0,2,0"
gangrene,1,{(gangrene)},0,1,0,"0,1,0"
gangway,2,{(gang)}{(way)},0,2,0,"0,2,0"
gap,1,{(gap)},0,1,0,"0,1,0"
gape,1,{(gape)},0,1,0,"0,1,0"
garb,1,{(garb)},0,1,0,"0,1,0"
gargoyle,1,{(gargoyle)},0,1,0,"0,1,0"
garlic,1,{(garlic)},0,1,0,"0,1,0"
garnet,1,{(garnet)},0,1,0,"0,1,0"
garrison,1,{(garrison)},0,1,0,"0,1,0"
gas,1,{(gas)},0,1,0,"0,1,0"
gaslight,2,{(gas)}{(light)},0,2,0,"0,2,0"
gastronomy,3,{(gastr)(nomin)>y>},0,2,1,"0,2,1"
gate,1,{(gate)},0,1,0,"0,1,0"
gatehouse,2,{(gate)}{(house)},0,2,0,"0,2,0"
gatekeeper,3,{(gate)}{(keep)}>er>,0,2,1,"0,2,1"
gateway,2,{(gate)}{(way)},0,2,0,"0,2,0"
gathering,1,{(gather)},0,1,0,"0,1,0"
gator,1,{(gator)},0,1,0,"0,1,0"
gavel,1,{(gavel)},0,1,0,"0,1,0"
gazebo,1,{(gazebo)},0,1,0,"0,1,0"
gazelle,1,{(gazelle)},0,1,0,"0,1,0"
gear,1,{(gear)},0,1,0,"0,1,0"
gearbox,2,{(gear)}{(box)},0,2,0,"0,2,0"
gecko,1,{(gecko)},0,1,0,"0,1,0"
gee,1,{(gee)},0,1,0,"0,1,0"
geese,1,{(geese)},0,1,0,"0,1,0"
geezer,1,{(geezer)},0,1,0,"0,1,0"
gelatin,1,{(gelatin)},0,1,0,"0,1,0"
gem,1,{(gem)},0,1,0,"0,1,0"
gender,1,{(gender)},0,1,0,"0,1,0"
genealogy,3,{(gen)(log)>y>},0,2,1,"0,2,1"
general,2,{(gener)>al>},0,1,1,"0,1,1"
generalization,4,{(gener)>al>}>ize>>ion>,0,1,3,"0,1,3"
generalizing,3,{(gener)>al>}>ize>,0,1,2,"0,1,2"
generating,2,{(gener)>ate>},0,1,1,"0,1,1"
generation,3,{(gener)>ate>}>ion>,0,1,2,"0,1,2"
generator,3,{(gener)>ate>}>or>,0,1,2,"0,1,2"
generic,2,{(gener)>ic>},0,1,1,"0,1,1"
generosity,2,{(generous)}>ity>,0,1,1,"0,1,1"
genesis,2,{(gen)>sis>},0,1,1,"0,1,1"
geneticist,3,{(gen)>ic>}>ist>,0,1,2,"0,1,2"
genitalia,2,{(genit)>alia>},0,1,1,"0,1,1"
genitals,2,{(genit)>al>},0,1,1,"0,1,1"
genitive,2,{(genit)>ive>},0,1,1,"0,1,1"
genius,2,{(geni)>us>},0,1,1,"0,1,1"
gent,1,{(gent)},0,1,0,"0,1,0"
gentile,1,{(gentile)},0,1,0,"0,1,0"
gentle,1,{(gentle)},0,1,0,"0,1,0"
gentleman,2,{(gentle)}(man),0,2,0,"0,2,0"
gentlemen,2,{(gentle)}(men),0,2,0,"0,2,0"
gentleness,2,{(gentle)}>ness>,0,1,1,"0,1,1"
genus,1,{(genus)},0,1,0,"0,1,0"
geographer,3,{(geo)(graph)>er>},0,2,1,"0,2,1"
geography,3,{(geo)(graph)>y>},0,2,1,"0,2,1"
geologist,3,{(geo)(log)>ist>},0,2,1,"0,2,1"
geology,3,{(geo)(log)>y>},0,2,1,"0,2,1"
geometry,3,{(geo)(meter)>y>},0,2,1,"0,2,1"
geophysics,3,(geo){(phys)>ics>},0,2,1,"0,2,1"
geopolitics,2,(geo){(politics)},0,2,0,"0,2,0"
georgia,1,{(georgia)},0,1,0,"0,1,0"
germ,1,{(germ)},0,1,0,"0,1,0"
german,1,{(german)},0,1,0,"0,1,0"
germany,1,{(germany)},0,1,0,"0,1,0"
gerontology,3,{(geront)(log)>y>},0,2,1,"0,2,1"
gerrymandering,1,{(gerrymander)},0,1,0,"0,1,0"
gestation,2,{(gestate)}>ion>,0,1,1,"0,1,1"
getaway,2,{(get)}{(away)},0,2,0,"0,2,0"
getup,2,{(get)}{(up)},0,2,0,"0,2,0"
ghost,1,{(ghost)},0,1,0,"0,1,0"
gibberish,2,{(gibber)}>ish>,0,1,1,"0,1,1"
gift,1,{(gift)},0,1,0,"0,1,0"
gilding,1,{(gild)},0,1,0,"0,1,0"
gingerbread,2,{(ginger)}{(bread)},0,2,0,"0,2,0"
ginseng,1,{(ginseng)},0,1,0,"0,1,0"
gipsy,1,{(gipsy)},0,1,0,"0,1,0"
giraffe,1,{(giraffe)},0,1,0,"0,1,0"
girder,2,{(gird)}>er>,0,1,1,"0,1,1"
girdle,1,{(girdle)},0,1,0,"0,1,0"
girl,1,{(girl)},0,1,0,"0,1,0"
girlfriend,2,{(girl)}{(friend)},0,2,0,"0,2,0"
girth,1,{(girth)},0,1,0,"0,1,0"
gist,1,{(gist)},0,1,0,"0,1,0"
giveaway,2,{(give)}{(away)},0,2,0,"0,2,0"
given,2,{(give)}>en>,0,1,1,"0,1,1"
gladiator,2,{(gladiate)}>or>,0,1,1,"0,1,1"
glass,1,{(glass)},0,1,0,"0,1,0"
glassware,2,{(glass)}{(ware)},0,2,0,"0,2,0"
glee,1,{(glee)},0,1,0,"0,1,0"
glide,1,{(glide)},0,1,0,"0,1,0"
glimmer,1,{(glimmer)},0,1,0,"0,1,0"
glimpse,1,{(glimpse)},0,1,0,"0,1,0"
glint,1,{(glint)},0,1,0,"0,1,0"
glitter,1,{(glitter)},0,1,0,"0,1,0"
glorifying,2,{(glory)}>ify>,0,1,1,"0,1,1"
glow,1,{(glow)},0,1,0,"0,1,0"
glycerin,1,{(glycerin)},0,1,0,"0,1,0"
glycerol,1,{(glycerol)},0,1,0,"0,1,0"
goad,1,{(goad)},0,1,0,"0,1,0"
goalkeeper,3,{(goal)}{(keep)}>er>,0,2,1,"0,2,1"
goat,1,{(goat)},0,1,0,"0,1,0"
gobble,1,{(gobble)},0,1,0,"0,1,0"
goddess,2,{(god)}>ess>,0,1,1,"0,1,1"
godfather,2,{(god)}{(father)},0,2,0,"0,2,0"
godhead,2,{(god)}{(head)},0,2,0,"0,2,0"
godmother,2,{(god)}{(mother)},0,2,0,"0,2,0"
godsend,2,{(god)}{(send)},0,2,0,"0,2,0"
godson,2,{(god)}{(sono)},0,2,0,"0,2,0"
godspeed,2,{(god)}{(speed)},0,2,0,"0,2,0"
gogo,1,{(gogo)},0,1,0,"0,1,0"
goldfish,2,{(gold)}{(fish)},0,2,0,"0,2,0"
goldmine,2,{(gold)}{(mine)},0,2,0,"0,2,0"
goldsmith,2,{(gold)}(smith),0,2,0,"0,2,0"
golfer,2,{(golf)}>er>,0,1,1,"0,1,1"
gong,1,{(gong)},0,1,0,"0,1,0"
goodbyes,2,{(good)}{(bye)},0,2,0,"0,2,0"
goodness,2,{(good)}>ness>,0,1,1,"0,1,1"
goodnight,2,{(good)}{(night)},0,2,0,"0,2,0"
goodwill,2,{(good)}{(will)},0,2,0,"0,2,0"
goody,2,{(good)}>y>,0,1,1,"0,1,1"
goose,1,{(goose)},0,1,0,"0,1,0"
gooseberry,2,{(goose)}(berry),0,2,0,"0,2,0"
gorilla,1,{(gorilla)},0,1,0,"0,1,0"
gosling,1,{(gosling)},0,1,0,"0,1,0"
gospel,1,{(gospel)},0,1,0,"0,1,0"
grab,1,{(grab)},0,1,0,"0,1,0"
grabber,2,{(grab)}>er>,0,1,1,"0,1,1"
grade,1,{(grade)},0,1,0,"0,1,0"
graduation,2,{(graduate)}>ion>,0,1,1,"0,1,1"
grail,1,{(grail)},0,1,0,"0,1,0"
gramophone,2,{(gram)(phon)},0,2,0,"0,2,0"
granary,2,{(gran)>ory>},0,1,1,"0,1,1"
grand,1,{(grand)},0,1,0,"0,1,0"
grandad,2,{(gran)}{(dad)},0,2,0,"0,2,0"
grandchild,2,{(grand)}{(child)},0,2,0,"0,2,0"
grandchildren,2,{(grand)}{(child)},0,2,0,"0,2,0"
granddaughter,2,{(grand)}{(daughter)},0,2,0,"0,2,0"
grandeur,2,{(grand)(euro)},0,2,0,"0,2,0"
grandfather,2,{(grand)}{(father)},0,2,0,"0,2,0"
grandma,2,{(grand)}{(ma)},0,2,0,"0,2,0"
grandmother,2,{(grand)}{(mother)},0,2,0,"0,2,0"
grandpa,2,{(grand)}{(pa)},0,2,0,"0,2,0"
grandparent,2,{(grand)}{(parent)},0,2,0,"0,2,0"
grandson,2,{(grand)}{(sono)},0,2,0,"0,2,0"
grandstand,2,{(grand)}{(stand)},0,2,0,"0,2,0"
granite,1,{(granite)},0,1,0,"0,1,0"
grannies,2,{(gran)}>y>,0,1,1,"0,1,1"
granny,2,{(gran)}>y>,0,1,1,"0,1,1"
grapefruit,2,{(grape)}{(fruit)},0,2,0,"0,2,0"
grapevine,2,{(grape)}{(vine)},0,2,0,"0,2,0"
graph,1,{(graph)},0,1,0,"0,1,0"
graphic,2,{(graph)>ic>},0,1,1,"0,1,1"
graphite,2,{(graph)>ite>},0,1,1,"0,1,1"
grasshopper,3,{(grass)}{(hop)}>er>,0,2,1,"0,2,1"
grassland,2,{(grass)}{(land)},0,2,0,"0,2,0"
grassroots,2,{(grass)}{(root)},0,2,0,"0,2,0"
gravel,1,{(gravel)},0,1,0,"0,1,0"
gravestone,2,{(grave)}{(stone)},0,2,0,"0,2,0"
graveyard,2,{(grave)}{(yard)},0,2,0,"0,2,0"
gravitation,2,{(gravitate)}>ion>,0,1,1,"0,1,1"
grease,1,{(grease)},0,1,0,"0,1,0"
great,1,{(great)},0,1,0,"0,1,0"
greaves,1,{(greaves)},0,1,0,"0,1,0"
greece,1,{(greece)},0,1,0,"0,1,0"
greed,1,{(greed)},0,1,0,"0,1,0"
greek,1,{(greek)},0,1,0,"0,1,0"
greenback,2,{(green)}{(back)},0,2,0,"0,2,0"
greenhouse,2,{(green)}{(house)},0,2,0,"0,2,0"
greenwood,1,{(greenwood)},0,1,0,"0,1,0"
greg,1,{(greg)},0,1,0,"0,1,0"
grenadier,2,{(grenade)}>er>,0,1,1,"0,1,1"
greyhound,2,{(grey)}{(hound)},0,2,0,"0,2,0"
gridiron,2,{(grid)}{(iron)},0,2,0,"0,2,0"
grief,1,{(grief)},0,1,0,"0,1,0"
grievance,2,{(grieve)}>ance>,0,1,1,"0,1,1"
griffin,1,{(griffin)},0,1,0,"0,1,0"
grinder,2,{(grind)}>er>,0,1,1,"0,1,1"
grist,1,{(grist)},0,1,0,"0,1,0"
grocery,2,{(grocer)}>y>,0,1,1,"0,1,1"
grope,1,{(grope)},0,1,0,"0,1,0"
groundhog,2,{(ground)}{(hog)},0,2,0,"0,2,0"
groundwork,2,{(ground)}{(work)},0,2,0,"0,2,0"
grouse,1,{(grouse)},0,1,0,"0,1,0"
grow,1,{(grow)},0,1,0,"0,1,0"
growl,1,{(growl)},0,1,0,"0,1,0"
grownups,3,{(grow)}>n>{(up)},0,2,1,"0,2,1"
grub,1,{(grub)},0,1,0,"0,1,0"
grumble,1,{(grumble)},0,1,0,"0,1,0"
guano,1,{(guano)},0,1,0,"0,1,0"
guarantor,2,{(guarant)>or>},0,1,1,"0,1,1"
guaranty,2,{(guarant)>y>},0,1,1,"0,1,1"
guardian,2,{(guard)}>ian>,0,1,1,"0,1,1"
guardsman,2,{(guard)}(man),0,2,0,"0,2,0"
guardsmen,2,{(guard)}(men),0,2,0,"0,2,0"
guava,1,{(guava)},0,1,0,"0,1,0"
guerilla,1,{(guerilla)},0,1,0,"0,1,0"
guesswork,2,{(guess)}{(work)},0,2,0,"0,2,0"
guesthouse,2,{(guest)}{(house)},0,2,0,"0,2,0"
guidebook,2,{(guide)}{(book)},0,2,0,"0,2,0"
guidelines,2,{(guide)}{(line)},0,2,0,"0,2,0"
guildhall,2,{(guild)}{(hall)},0,2,0,"0,2,0"
guile,1,{(guile)},0,1,0,"0,1,0"
guillotine,1,{(guillotine)},0,1,0,"0,1,0"
guitar,1,{(guitar)},0,1,0,"0,1,0"
guitarist,2,{(guitar)}>ist>,0,1,1,"0,1,1"
gulch,1,{(gulch)},0,1,0,"0,1,0"
gull,1,{(gull)},0,1,0,"0,1,0"
gum,1,{(gum)},0,1,0,"0,1,0"
gunfire,2,{(gun)}{(fire)},0,2,0,"0,2,0"
gunman,2,{(gun)}(man),0,2,0,"0,2,0"
gunmen,2,{(gun)}(men),0,2,0,"0,2,0"
gunnery,2,{(gun)}>ory>,0,1,1,"0,1,1"
gunning,1,{(gun)},0,1,0,"0,1,0"
gunpoint,2,{(gun)}{(point)},0,2,0,"0,2,0"
gunpowder,2,{(gun)}{(powder)},0,2,0,"0,2,0"
gunshot,2,{(gun)}{(shot)},0,2,0,"0,2,0"
gunslinger,3,{(gun)}{(sling)}>er>,0,2,1,"0,2,1"
gush,1,{(gush)},0,1,0,"0,1,0"
gusto,1,{(gusto)},0,1,0,"0,1,0"
gymnast,2,{(gymn)>ast>},0,1,1,"0,1,1"
gynecologist,3,{(gynaec)(log)>ist>},0,2,1,"0,2,1"
gypsy,1,{(gypsy)},0,1,0,"0,1,0"
gyroscope,2,{(gyro)(scope)},0,2,0,"0,2,0"
habitat,2,{(habit)>at>},0,1,1,"0,1,1"
hackers,2,{(hack)}>er>,0,1,1,"0,1,1"
haggis,1,{(haggis)},0,1,0,"0,1,0"
haggling,1,{(haggle)},0,1,0,"0,1,0"
haiku,1,{(haiku)},0,1,0,"0,1,0"
hail,1,{(hail)},0,1,0,"0,1,0"
haircut,2,{(hair)}{(cut)},0,2,0,"0,2,0"
hairdo,2,{(hair)}{(do)},0,2,0,"0,2,0"
hairdresser,3,{(hair)}{(dress)}>er>,0,2,1,"0,2,1"
hairdressing,2,{(hair)}{(dress)},0,2,0,"0,2,0"
hairline,2,{(hair)}{(line)},0,2,0,"0,2,0"
hairpin,2,{(hair)}{(pin)},0,2,0,"0,2,0"
hairstyle,2,{(hair)}{(style)},0,2,0,"0,2,0"
hairstylist,3,{(hair)}{(style)}>ist>,0,2,1,"0,2,1"
hairy,2,{(hair)}>y>,0,1,1,"0,1,1"
halfpenny,2,{<half<(penny)},1,1,0,"1,1,0"
hall,1,{(hall)},0,1,0,"0,1,0"
hallmark,2,{(hall)}{(mark)},0,2,0,"0,2,0"
hallway,2,{(hall)}{(way)},0,2,0,"0,2,0"
halo,1,{(halo)},0,1,0,"0,1,0"
ham,1,{(ham)},0,1,0,"0,1,0"
hamlet,1,{(hamlet)},0,1,0,"0,1,0"
hamstring,2,{(ham)}{(string)},0,2,0,"0,2,0"
hand,1,{(hand)},0,1,0,"0,1,0"
handbag,2,{(hand)}{(bag)},0,2,0,"0,2,0"
handball,2,{(hand)}{(ball)},0,2,0,"0,2,0"
handbook,2,{(hand)}{(book)},0,2,0,"0,2,0"
handbrake,2,{(hand)}{(brake)},0,2,0,"0,2,0"
handcuff,2,{(hand)}{(cuff)},0,2,0,"0,2,0"
handful,2,{(hand)}>ful>,0,1,1,"0,1,1"
handgun,2,{(hand)}{(gun)},0,2,0,"0,2,0"
handicraft,3,{(hand)}>y>{(craft)},0,2,1,"0,2,1"
handiwork,3,{(hand)}>y>{(work)},0,2,1,"0,2,1"
handkerchief,2,{(hand)(kerchief)},0,2,0,"0,2,0"
handlebar,2,{(handle)}{(bar)},0,2,0,"0,2,0"
handler,2,{(handle)}>er>,0,1,1,"0,1,1"
handout,2,{(hand)}{(out)},0,2,0,"0,2,0"
handshake,2,{(hand)}{(shake)},0,2,0,"0,2,0"
handwriting,2,{(hand)}{(write)},0,2,0,"0,2,0"
handyman,3,{(hand)}>y>{(man)},0,2,1,"0,2,1"
hanger,2,{(hang)}>er>,0,1,1,"0,1,1"
hangman,2,{(hang)}{(man)},0,2,0,"0,2,0"
hangout,2,{(hang)}{(out)},0,2,0,"0,2,0"
hangover,2,{(hang)}{(over)},0,2,0,"0,2,0"
hannah,1,{(hannah)},0,1,0,"0,1,0"
hap,1,{(hap)},0,1,0,"0,1,0"
happening,1,{(happen)},0,1,0,"0,1,0"
harbour,1,{(harbor)},0,1,0,"0,1,0"
hardback,2,{(hard)}{(back)},0,2,0,"0,2,0"
hardcover,2,{(hard)}{(cover)},0,2,0,"0,2,0"
harder,2,{(hard)}>er>,0,1,1,"0,1,1"
hardness,2,{(hard)}>ness>,0,1,1,"0,1,1"
hardship,2,{(hard)}>ship>,0,1,1,"0,1,1"
hardware,2,{(hard)}{(ware)},0,2,0,"0,2,0"
hardwood,2,{(hard)}{(wood)},0,2,0,"0,2,0"
harem,1,{(harem)},0,1,0,"0,1,0"
harlequin,1,{(harlequin)},0,1,0,"0,1,0"
harlot,1,{(harlot)},0,1,0,"0,1,0"
harmless,2,{(harm)}>less>,0,1,1,"0,1,1"
harmonic,2,{(harmon)>ic>},0,1,1,"0,1,1"
harmony,2,{(harmon)>y>},0,1,1,"0,1,1"
harp,1,{(harp)},0,1,0,"0,1,0"
harper,1,{(harper)},0,1,0,"0,1,0"
harpy,1,{(harpy)},0,1,0,"0,1,0"
harrow,1,{(harrow)},0,1,0,"0,1,0"
harry,1,{(harry)},0,1,0,"0,1,0"
harshness,2,{(harsh)}>ness>,0,1,1,"0,1,1"
harvester,2,{(harvest)}>er>,0,1,1,"0,1,1"
hassle,1,{(hassle)},0,1,0,"0,1,0"
haste,1,{(haste)},0,1,0,"0,1,0"
hatch,1,{(hatch)},0,1,0,"0,1,0"
hatchback,2,{(hatch)}{(back)},0,2,0,"0,2,0"
hatchery,2,{(hatch)}>ory>,0,1,1,"0,1,1"
hatchet,1,{(hatchet)},0,1,0,"0,1,0"
hatter,2,{(hat)}>er>,0,1,1,"0,1,1"
haulage,2,{(haul)}>age>,0,1,1,"0,1,1"
have,1,{(have)},0,1,0,"0,1,0"
hawk,1,{(hawk)},0,1,0,"0,1,0"
hawker,2,{(hawk)}>er>,0,1,1,"0,1,1"
hawthorn,1,{(hawthorn)},0,1,0,"0,1,0"
hay,1,{(hay)},0,1,0,"0,1,0"
haystack,2,{(hay)}{(stack)},0,2,0,"0,2,0"
haywire,2,{(hay)}{(wire)},0,2,0,"0,2,0"
hazel,1,{(hazel)},0,1,0,"0,1,0"
headache,2,{(head)}{(ache)},0,2,0,"0,2,0"
headband,2,{(head)}{(band)},0,2,0,"0,2,0"
headboard,2,{(head)}{(board)},0,2,0,"0,2,0"
headdress,2,{(head)}{(dress)},0,2,0,"0,2,0"
headgear,2,{(head)}{(gear)},0,2,0,"0,2,0"
headlamp,2,{(head)}{(lamp)},0,2,0,"0,2,0"
headland,2,{(head)}(land),0,2,0,"0,2,0"
headlight,2,{(head)}{(light)},0,2,0,"0,2,0"
headline,2,{(head)}{(line)},0,2,0,"0,2,0"
headmaster,2,{(head)}{(master)},0,2,0,"0,2,0"
headmistress,2,{(head)}{(mistress)},0,2,0,"0,2,0"
headphones,2,{(head)}{(phon)},0,2,0,"0,2,0"
headquarter,2,{(head)}{(quarter)},0,2,0,"0,2,0"
headroom,2,{(head)}{(room)},0,2,0,"0,2,0"
headset,2,{(head)}{(set)},0,2,0,"0,2,0"
headstone,2,{(head)}{(stone)},0,2,0,"0,2,0"
headwaters,2,{(head)}{(water)},0,2,0,"0,2,0"
headway,2,{(head)}{(way)},0,2,0,"0,2,0"
healer,2,{(heal)}>er>,0,1,1,"0,1,1"
hearsay,2,{(hear)}{(say)},0,2,0,"0,2,0"
hearse,1,{(hearse)},0,1,0,"0,1,0"
heartache,2,{(heart)}{(ache)},0,2,0,"0,2,0"
heartbeat,2,{(heart)}{(beat)},0,2,0,"0,2,0"
heartbreak,2,{(heart)}{(break)},0,2,0,"0,2,0"
heartburn,2,{(heart)}{(burn)},0,2,0,"0,2,0"
heartstrings,2,{(heart)}{(string)},0,2,0,"0,2,0"
heartwarming,2,{(heart)}{(warm)},0,2,0,"0,2,0"
hearty,2,{(heart)}>y>,0,1,1,"0,1,1"
heath,1,{(heath)},0,1,0,"0,1,0"
heathen,1,{(heathen)},0,1,0,"0,1,0"
heatwave,2,{(heat)}{(wave)},0,2,0,"0,2,0"
heavyweight,3,{(heavy)}{(weigh)>t>},0,2,1,"0,2,1"
heckler,2,{(heckle)}>er>,0,1,1,"0,1,1"
hedgehog,2,{(hedge)}{(hog)},0,2,0,"0,2,0"
hedonism,1,{(hedonism)},0,1,0,"0,1,0"
heifer,1,{(heifer)},0,1,0,"0,1,0"
heiress,2,{(heir)}>ess>,0,1,1,"0,1,1"
heirloom,2,{(heir)(loom)},0,2,0,"0,2,0"
helen,1,{(helen)},0,1,0,"0,1,0"
hell,1,{(hell)},0,1,0,"0,1,0"
hellcat,2,{(hell)}{(cat)},0,2,0,"0,2,0"
hellfire,2,{(hell)}{(fire)},0,2,0,"0,2,0"
helm,1,{(helm)},0,1,0,"0,1,0"
helmsman,2,{(helm)}(man),0,2,0,"0,2,0"
help,1,{(help)},0,1,0,"0,1,0"
helper,2,{(help)}>er>,0,1,1,"0,1,1"
hemisphere,2,<hemi<{(sphere)},1,1,0,"1,1,0"
hemoglobin,2,{(hema)(globin)},0,2,0,"0,2,0"
hemorrhoids,2,{(hema)(rrhoid)},0,2,0,"0,2,0"
hemp,1,{(hemp)},0,1,0,"0,1,0"
henchman,2,{(hench)(man)},0,2,0,"0,2,0"
henchmen,2,{(hench)(men)},0,2,0,"0,2,0"
hereafter,2,{(here)}{(after)},0,2,0,"0,2,0"
herein,2,{(here)}{(in)},0,2,0,"0,2,0"
heresy,2,{(heres)>y>},0,1,1,"0,1,1"
heritage,2,{(herit)>age>},0,1,1,"0,1,1"
hermit,1,{(hermit)},0,1,0,"0,1,0"
heroine,2,{(hero)>ine>},0,1,1,"0,1,1"
heroism,2,{(hero)}>ism>,0,1,1,"0,1,1"
heron,1,{(heron)},0,1,0,"0,1,0"
herring,1,{(herring)},0,1,0,"0,1,0"
hes,1,{(h)},0,1,0,"0,1,0"
heterogeneity,3,{(hetero)(gen)>ity>},0,2,1,"0,2,1"
heterosexual,3,(hetero){(sex)}>al>,0,2,1,"0,2,1"
heterosexuality,4,(hetero){(sex)}>al>>ity>,0,2,2,"0,2,2"
hey,1,{(hey)},0,1,0,"0,1,0"
hibernating,1,{(hibernate)},0,1,0,"0,1,0"
hick,1,{(hick)},0,1,0,"0,1,0"
hickory,1,{(hickory)},0,1,0,"0,1,0"
hideaway,2,{(hide)}{(away)},0,2,0,"0,2,0"
hideout,2,{(hide)}{(out)},0,2,0,"0,2,0"
hierarchies,3,{(hiero)(arch)>y>},0,2,1,"0,2,1"
hierarchy,3,{(hiero)(arch)>y>},0,2,1,"0,2,1"
hieroglyphics,3,{(hiero)(glyph)}>ics>,0,2,1,"0,2,1"
highland,2,{(high)(land)},0,2,0,"0,2,0"
highlanders,3,{(high)(land)}>er>,0,2,1,"0,2,1"
highlight,2,{(high)}{(light)},0,2,0,"0,2,0"
highly,2,{(high)}>ly>,0,1,1,"0,1,1"
highschool,2,{(high)}{(school)},0,2,0,"0,2,0"
highway,2,{(high)}{(way)},0,2,0,"0,2,0"
hijack,1,{(hijack)},0,1,0,"0,1,0"
hiker,2,{(hike)}>er>,0,1,1,"0,1,1"
hill,1,{(hill)},0,1,0,"0,1,0"
hillbillies,3,{(hill)}{(bill)>y>},0,2,1,"0,2,1"
hillbilly,3,{(hill)}{(bill)>y>},0,2,1,"0,2,1"
hillside,2,{(hill)}{(side)},0,2,0,"0,2,0"
hindsight,2,{(hind)}{(sight)},0,2,0,"0,2,0"
hindu,1,{(hindu)},0,1,0,"0,1,0"
hinge,1,{(hinge)},0,1,0,"0,1,0"
hippopotamus,2,{(hippo)(potamus)},0,2,0,"0,2,0"
hipster,2,{(hip)}>ster>,0,1,1,"0,1,1"
histology,3,{(histo)(log)>y>},0,2,1,"0,2,1"
historian,3,{(history)>y>}>ian>,0,1,2,"0,1,2"
historical,3,{(history)>ic>}>al>,0,1,2,"0,1,2"
histories,2,{(history)>y>},0,1,1,"0,1,1"
history,2,{(history)>y>},0,1,1,"0,1,1"
hitchhiker,3,{(hitch)}{(hike)}>er>,0,2,1,"0,2,1"
hitchhiking,2,{(hitch)}{(hike)},0,2,0,"0,2,0"
hither,1,{(hither)},0,1,0,"0,1,0"
hitherto,1,{(hitherto)},0,1,0,"0,1,0"
hitter,2,{(hit)}>er>,0,1,1,"0,1,1"
hitting,1,{(hit)},0,1,0,"0,1,0"
hive,1,{(hive)},0,1,0,"0,1,0"
hoard,1,{(hoard)},0,1,0,"0,1,0"
hobby,1,{(hobby)},0,1,0,"0,1,0"
hog,1,{(hog)},0,1,0,"0,1,0"
hoisting,1,{(hoist)},0,1,0,"0,1,0"
hold,1,{(hold)},0,1,0,"0,1,0"
holiday,2,{(holy)(day)},0,2,0,"0,2,0"
hollow,1,{(hollow)},0,1,0,"0,1,0"
homecoming,2,{(home)}{(come)},0,2,0,"0,2,0"
homegrown,3,{(home)}{(grow)}>n>,0,2,1,"0,2,1"
homeland,2,{(home)}{(land)},0,2,0,"0,2,0"
homeless,2,{(home)}>less>,0,1,1,"0,1,1"
homelessness,3,{(home)}>less>>ness>,0,1,2,"0,1,2"
homemaker,3,{(home)}{(make)}>er>,0,2,1,"0,2,1"
homeowners,3,{(home)}{(own)}>er>,0,2,1,"0,2,1"
homers,1,{(homer)},0,1,0,"0,1,0"
homestead,2,{(home)}{(stead)},0,2,0,"0,2,0"
hometown,2,{(home)}{(town)},0,2,0,"0,2,0"
homework,2,{(home)}{(work)},0,2,0,"0,2,0"
homicide,2,{(hom)(cide)},0,2,0,"0,2,0"
homogeneity,3,{(homo)(gen)>ity>},0,2,1,"0,2,1"
homosexual,3,(homo){(sex)}>al>,0,2,1,"0,2,1"
homosexuality,4,(homo){(sex)}>al>>ity>,0,2,2,"0,2,2"
honesty,2,{(honest)}>y>,0,1,1,"0,1,1"
honeybee,2,{(honey)}{(bee)},0,2,0,"0,2,0"
honeycomb,2,{(honey)}{(comb)},0,2,0,"0,2,0"
honeymoon,2,{(honey)}{(moon)},0,2,0,"0,2,0"
honeysuckle,2,{(honey)}{(suckle)},0,2,0,"0,2,0"
honor,1,{(honor)},0,1,0,"0,1,0"
hooch,1,{(hooch)},0,1,0,"0,1,0"
hoof,1,{(hoof)},0,1,0,"0,1,0"
hookah,1,{(hookah)},0,1,0,"0,1,0"
hooker,2,{(hook)}>er>,0,1,1,"0,1,1"
hookup,2,{(hook)}{(up)},0,2,0,"0,2,0"
hooligan,1,{(hooligan)},0,1,0,"0,1,0"
hoopla,1,{(hoopla)},0,1,0,"0,1,0"
hope,1,{(hope)},0,1,0,"0,1,0"
hopeful,2,{(hope)}>ful>,0,1,1,"0,1,1"
horde,1,{(horde)},0,1,0,"0,1,0"
horizon,1,{(horizon)},0,1,0,"0,1,0"
horn,1,{(horn)},0,1,0,"0,1,0"
horoscope,2,{(hour)(scope)},0,2,0,"0,2,0"
horseback,2,{(horse)}{(back)},0,2,0,"0,2,0"
horseman,2,{(horse)}(man),0,2,0,"0,2,0"
horsemen,2,{(horse)}(men),0,2,0,"0,2,0"
horsepower,2,{(horse)}{(power)},0,2,0,"0,2,0"
horseracing,2,{(horse)}{(race)},0,2,0,"0,2,0"
horseradish,2,{(horse)}{(radish)},0,2,0,"0,2,0"
horseshit,2,{(horse)}{(shit)},0,2,0,"0,2,0"
horseshoe,2,{(horse)}{(shoe)},0,2,0,"0,2,0"
horticulture,2,{(horti)(culture)},0,2,0,"0,2,0"
hosiery,1,{(hosiery)},0,1,0,"0,1,0"
hospitalization,3,{(hospital)}>ize>>ion>,0,1,2,"0,1,2"
hostel,1,{(hostel)},0,1,0,"0,1,0"
hostilities,2,{(hostile)}>ity>,0,1,1,"0,1,1"
hotbed,2,{(hot)}{(bed)},0,2,0,"0,2,0"
hotdogs,2,{(hot)}{(dog)},0,2,0,"0,2,0"
hotel,1,{(hotel)},0,1,0,"0,1,0"
hourglass,2,{(hour)}{(glass)},0,2,0,"0,2,0"
houseboat,2,{(house)}{(boat)},0,2,0,"0,2,0"
household,2,{(house)}{(hold)},0,2,0,"0,2,0"
householder,3,{(house)}{(hold)}>er>,0,2,1,"0,2,1"
housekeeper,3,{(house)}{(keep)}>er>,0,2,1,"0,2,1"
housekeeping,2,{(house)}{(keep)},0,2,0,"0,2,0"
housemaid,2,{(house)}{(maid)},0,2,0,"0,2,0"
housewife,2,{(house)}{(wife)},0,2,0,"0,2,0"
housewives,2,{(house)}{(wife)},0,2,0,"0,2,0"
housework,2,{(house)}{(work)},0,2,0,"0,2,0"
hovercraft,2,{(hover)}{(craft)},0,2,0,"0,2,0"
howler,2,{(howl)}>er>,0,1,1,"0,1,1"
hub,1,{(hub)},0,1,0,"0,1,0"
hubris,1,{(hubris)},0,1,0,"0,1,0"
huckleberry,2,{(huckle)(berry)},0,2,0,"0,2,0"
hudson,2,{(hud)(sono)},0,2,0,"0,2,0"
huge,1,{(huge)},0,1,0,"0,1,0"
hugh,1,{(hugh)},0,1,0,"0,1,0"
humanism,2,{(human)}>ism>,0,1,1,"0,1,1"
humanitarian,2,{(human)}>ian>,0,1,1,"0,1,1"
humanities,2,{(human)}>ity>,0,1,1,"0,1,1"
humankind,2,{(human)}{(kind)},0,2,0,"0,2,0"
humbling,1,{(humble)},0,1,0,"0,1,0"
humiliation,2,{(humiliate)}>ion>,0,1,1,"0,1,1"
humming,1,{(hume)},0,1,0,"0,1,0"
hummingbird,2,{(hume)}{(bird)},0,2,0,"0,2,0"
hump,1,{(hump)},0,1,0,"0,1,0"
humpback,2,{(hump)}{(back)},0,2,0,"0,2,0"
hunch,1,{(hunch)},0,1,0,"0,1,0"
hunchback,2,{(hunch)}{(back)},0,2,0,"0,2,0"
hundredth,2,{(hundred)}>th>,0,1,1,"0,1,1"
hunt,1,{(hunt)},0,1,0,"0,1,0"
hunter,2,{(hunt)}>er>,0,1,1,"0,1,1"
huntsman,2,{(hunt)}(man),0,2,0,"0,2,0"
hurdle,1,{(hurdle)},0,1,0,"0,1,0"
hurricane,1,{(hurricane)},0,1,0,"0,1,0"
husbandry,2,{(husband)}>ory>,0,1,1,"0,1,1"
hush,1,{(hush)},0,1,0,"0,1,0"
huskies,2,{(husk)}>y>,0,1,1,"0,1,1"
hustle,1,{(hustle)},0,1,0,"0,1,0"
hustler,2,{(hustle)}>er>,0,1,1,"0,1,1"
hyacinth,1,{(hyacinth)},0,1,0,"0,1,0"
hybridization,3,{(hybrid)}>ize>>ion>,0,1,2,"0,1,2"
hydrant,2,{(hydro)>ant>},0,1,1,"0,1,1"
hydride,2,{(hydro)>ide>},0,1,1,"0,1,1"
hydrocarbon,2,(hydro){(carbon)},0,2,0,"0,2,0"
hydrochloride,3,(hydro){(chlor)>ide>},0,2,1,"0,2,1"
hydrogen,2,{(hydro)(gen)},0,2,0,"0,2,0"
hydrolysis,3,{(hydro)>lys>>sis>},0,1,2,"0,1,2"
hyena,1,{(hyena)},0,1,0,"0,1,0"
hygiene,1,{(hygiene)},0,1,0,"0,1,0"
hypersensitivity,4,<hyper<{(sense)>ive>}>ity>,1,1,2,"1,1,2"
hyphen,1,{(hyphen)},0,1,0,"0,1,0"
hypnosis,2,{(hypn)>sis>},0,1,1,"0,1,1"
hypnotist,2,{(hypn)>ist>},0,1,1,"0,1,1"
hypocrisy,2,{<hypo<(crisy)},1,1,0,"1,1,0"
hypotheses,3,{<hypo<(thes)>sis>},1,1,1,"1,1,1"
hypothesis,3,{<hypo<(thes)>sis>},1,1,1,"1,1,1"
hypothyroidism,3,<hypo<{(thyroid)}>ism>,1,1,1,"1,1,1"
hysterectomy,4,{(hyster)>ec>(tom)>y>},0,2,2,"0,2,2"
hysterics,2,{(hyster)>ic>},0,1,1,"0,1,1"
ice,1,{(ice)},0,1,0,"0,1,0"
iceberg,2,{(ice)}{(berg)},0,2,0,"0,2,0"
icebreaker,3,{(ice)}{(break)}>er>,0,2,1,"0,2,1"
iceman,2,{(ice)}{(man)},0,2,0,"0,2,0"
icon,1,{(icon)},0,1,0,"0,1,0"
idea,1,{(idea)},0,1,0,"0,1,0"
idealism,2,{(ideal)}>ism>,0,1,1,"0,1,1"
idealist,2,{(ideal)}>ist>,0,1,1,"0,1,1"
identical,3,{(ident)>ic>>al>},0,1,2,"0,1,2"
identification,3,{(ident)>ify>}>ion>,0,1,2,"0,1,2"
identifying,2,{(ident)>ify>},0,1,1,"0,1,1"
identities,2,{(ident)>ity>},0,1,1,"0,1,1"
ideologies,3,{(ideo)(log)>y>},0,2,1,"0,2,1"
ideology,3,{(ideo)(log)>y>},0,2,1,"0,2,1"
idiosyncrasies,3,{(idio)>syn>(crasy)},0,2,1,"0,2,1"
idolatry,3,{(idol)>ater>>y>},0,1,2,"0,1,2"
igloo,1,{(igloo)},0,1,0,"0,1,0"
ignorance,2,{(ignore)}>ance>,0,1,1,"0,1,1"
ignores,1,{(ignore)},0,1,0,"0,1,0"
iguana,1,{(iguana)},0,1,0,"0,1,0"
ilk,1,{(ilk)},0,1,0,"0,1,0"
ill,1,{(ill)},0,1,0,"0,1,0"
illegal,2,<im<{(legal)},1,1,0,"1,1,0"
illegality,3,<im<{(legal)}>ity>,1,1,1,"1,1,1"
illumination,4,{<in<(lumin)>ate>}>ion>,1,1,2,"1,1,2"
illusion,2,{(illus)>ion>},0,1,1,"0,1,1"
illustrator,2,{(illustrate)}>or>,0,1,1,"0,1,1"
imagery,2,{(image)}>ory>,0,1,1,"0,1,1"
imagination,2,{(imagine)}>ion>,0,1,1,"0,1,1"
imbalance,2,<im<{(balance)},1,1,0,"1,1,0"
imbecile,1,{(imbecile)},0,1,0,"0,1,0"
immaturity,3,<im<{(mature)}>ity>,1,1,1,"1,1,1"
immersing,2,{<in<(merse)},1,1,0,"1,1,0"
immersion,3,{<in<(merse)}>ion>,1,1,1,"1,1,1"
immigrating,3,{<in<(migr)>ate>},1,1,1,"1,1,1"
immortality,4,<im<{(mort)>al>}>ity>,1,1,2,"1,1,2"
immunization,3,{(immune)}>ize>>ion>,0,1,2,"0,1,2"
immunology,3,{(immune)}(log)>y>,0,2,1,"0,2,1"
impairment,3,{<im<(pair)}>ment>,1,1,1,"1,1,1"
impasse,1,{(impasse)},0,1,0,"0,1,0"
imperatives,2,{(empire)>ive>},0,1,1,"0,1,1"
implant,2,<in<{(plant)},1,1,0,"1,1,0"
implantation,3,<in<{(plant)}>ion>,1,1,1,"1,1,1"
implementation,3,{<in<(plement)}>ion>,1,1,1,"1,1,1"
implicating,3,{(<in<(plic)>ate>)},1,2,1,"1,2,1"
implication,4,{(<in<(plic)>ate>)}>ion>,1,2,2,"1,2,2"
implicit,1,{(implicit)},0,1,0,"0,1,0"
import,2,{<in<(port)},1,1,0,"1,1,0"
important,2,{(import)>ant>},0,1,1,"0,1,1"
importation,3,{<in<(port)}>ion>,1,1,1,"1,1,1"
importer,3,{<in<(port)}>er>,1,1,1,"1,1,1"
imposing,2,{<in<(pose)},1,1,0,"1,1,0"
impotence,2,{<im<(potence)},1,1,0,"1,1,0"
impression,3,{<in<(press)}>ion>,1,1,1,"1,1,1"
impressionism,4,{<in<(press)}>ion>>ism>,1,1,2,"1,1,2"
imprisonment,3,<in<{(prison)}>ment>,1,1,1,"1,1,1"
impropriety,2,<im<{(propriety)},1,1,0,"1,1,0"
improvise,1,{(improvise)},0,1,0,"0,1,0"
impulse,2,{<in<(pulse)},1,1,0,"1,1,0"
impurity,3,<im<{(pure)}>ity>,1,1,1,"1,1,1"
inability,3,<im<{(able)}>ity>,1,1,1,"1,1,1"
inaccuracies,3,<im<{(accur)>acy>},1,1,1,"1,1,1"
inaction,3,<im<{(act)}>ion>,1,1,1,"1,1,1"
inactivity,4,<im<{(act)}>ive>>ity>,1,1,2,"1,1,2"
inadequacies,3,<im<{(adequ)>acy>},1,1,1,"1,1,1"
inadequacy,3,<im<{(adequ)>acy>},1,1,1,"1,1,1"
incantation,3,{<in<(cant)>ion>},1,1,1,"1,1,1"
incarnation,4,{<in<(carn)>ate>}>ion>,1,1,2,"1,1,2"
incidental,3,{(incid)>ant>}>al>,0,1,2,"0,1,2"
incision,3,{<in<(cise)}>ion>,1,1,1,"1,1,1"
incline,2,{<in<(cline)},1,1,0,"1,1,0"
includes,2,{<in<(clude)},1,1,0,"1,1,0"
including,2,{<in<(clude)},1,1,0,"1,1,0"
inclusion,3,{<in<(clude)}>ion>,1,1,1,"1,1,1"
incompetence,3,<im<{(compete)>ance>},1,1,1,"1,1,1"
inconsistencies,5,<im<{<co<(sist)>ance>}>y>,2,1,2,"2,1,2"
increase,2,{<in<(crease)},1,1,0,"1,1,0"
increment,2,{<in<(crement)},1,1,0,"1,1,0"
incubation,2,{(incubate)}>ion>,0,1,1,"0,1,1"
incumbents,1,{(incumbent)},0,1,0,"0,1,0"
indebtedness,3,<in<{(debt)}>ness>,1,1,1,"1,1,1"
indecency,2,<im<{(decency)},1,1,0,"1,1,0"
independence,4,<im<{<de<(pend)}>ance>,2,1,1,"2,1,1"
india,1,{(indo)},0,1,0,"0,1,0"
indian,2,{(indo)}>n>,0,1,1,"0,1,1"
indicative,2,{(indicate)}>ive>,0,1,1,"0,1,1"
indices,1,{(indices)},0,1,0,"0,1,0"
indifference,3,{<im<(differ)>ance>},1,1,1,"1,1,1"
indigestion,3,<im<{(digest)}>ion>,1,1,1,"1,1,1"
indignation,3,{<im<(dign)>ion>},1,1,1,"1,1,1"
individualism,4,{<im<(divide)>al>}>ism>,1,1,2,"1,1,2"
individualist,4,{<im<(divide)>al>}>ist>,1,1,2,"1,1,2"
individuality,4,{<im<(divide)>al>}>ity>,1,1,2,"1,1,2"
indoctrination,4,<in<{(doctrine)}>ate>>ion>,1,1,2,"1,1,2"
indonesia,2,{(indo)(nesia)},0,2,0,"0,2,0"
indoors,2,<in<{(door)},1,1,0,"1,1,0"
inductees,3,{<in<(duct)}>ee>,1,1,1,"1,1,1"
industrialist,3,{(industry)}>al>>ist>,0,1,2,"0,1,2"
industries,1,{(industry)},0,1,0,"0,1,0"
ineptitude,2,{(inept)}>itude>,0,1,1,"0,1,1"
inequities,3,<im<{(equi)>ity>},1,1,1,"1,1,1"
inert,1,{(inert)},0,1,0,"0,1,0"
infamy,3,{<im<(fame)>y>},1,1,1,"1,1,1"
infancy,1,{(infancy)},0,1,0,"0,1,0"
infanticide,2,{(infant)}(cide),0,2,0,"0,2,0"
infantile,2,{(infant)}>ile>,0,1,1,"0,1,1"
inference,2,{(infer)}>ance>,0,1,1,"0,1,1"
inferiority,2,{(inferior)}>ity>,0,1,1,"0,1,1"
infidel,2,{<im<(fidel)},1,1,0,"1,1,0"
infidelity,3,<im<{(fidel)>ity>},1,1,1,"1,1,1"
infielder,3,<in<{(field)}>er>,1,1,1,"1,1,1"
infiltrating,3,<in<{(filter)>ate>},1,1,1,"1,1,1"
infinite,3,{<im<(fin)>ite>},1,1,1,"1,1,1"
infinitive,4,{<im<(fin)>ite>}>ive>,1,1,2,"1,1,2"
infirmary,3,<im<{(firm)}>ory>,1,1,1,"1,1,1"
inflection,3,{<in<(flect)}>ion>,1,1,1,"1,1,1"
inflorescence,4,<im<{(flor)>esc>}>ance>,1,1,2,"1,1,2"
influence,3,{<in<(flu)>ance>},1,1,1,"1,1,1"
informal,2,<im<{(formal)},1,1,0,"1,1,0"
informer,2,{(inform)}>er>,0,1,1,"0,1,1"
infraction,3,{<in<(fract)}>ion>,1,1,1,"1,1,1"
infringement,3,{<in<(fringe)}>ment>,1,1,1,"1,1,1"
infusion,3,{<in<(fuse)}>ion>,1,1,1,"1,1,1"
ingesting,1,{(ingest)},0,1,0,"0,1,0"
ingredient,1,{(ingredient)},0,1,0,"0,1,0"
inhabitant,3,{<in<(habit)}>ant>,1,1,1,"1,1,1"
inhalation,3,{<in<(hale)}>ion>,1,1,1,"1,1,1"
inheritance,3,{<in<(herit)}>ance>,1,1,1,"1,1,1"
inhibiting,2,{<in<(hibit)},1,1,0,"1,1,0"
inhibition,3,{<in<(hibit)}>ion>,1,1,1,"1,1,1"
inhibitor,3,{<in<(hibit)}>or>,1,1,1,"1,1,1"
inhumanity,3,<im<{(human)}>ity>,1,1,1,"1,1,1"
initiation,3,{(initi)>ate>}>ion>,0,1,2,"0,1,2"
initiative,3,{(initi)>iat>>ive>},0,1,2,"0,1,2"
injection,3,{<in<(ject)}>ion>,1,1,1,"1,1,1"
injustice,3,<im<{(just)>ice>},1,1,1,"1,1,1"
ink,1,{(ink)},0,1,0,"0,1,0"
inlay,2,<in<{(lay)},1,1,0,"1,1,0"
innkeeper,3,{(inn)}{(keep)}>er>,0,2,1,"0,2,1"
innocence,2,{(innoc)>ance>},0,1,1,"0,1,1"
innovating,1,{(innovate)},0,1,0,"0,1,0"
innovation,2,{(innovate)}>ion>,0,1,1,"0,1,1"
innovator,2,{(innovate)}>or>,0,1,1,"0,1,1"
innuendo,1,{(innuendo)},0,1,0,"0,1,0"
inoculation,2,{(inoculate)}>ion>,0,1,1,"0,1,1"
input,2,<in<(put),1,1,0,"1,1,0"
inquest,2,{<in<(quest)},1,1,0,"1,1,0"
inquirer,3,{<in<(quire)}>er>,1,1,1,"1,1,1"
inquiries,3,{<in<(quire)}>y>,1,1,1,"1,1,1"
inquisition,3,{<in<(quire)>ion>},1,1,1,"1,1,1"
insane,2,<im<{(sane)},1,1,0,"1,1,0"
inscription,3,{<in<(script)>ion>},1,1,1,"1,1,1"
insecticide,2,{(insect)}(cide),0,2,0,"0,2,0"
insecurity,3,<im<{(secure)}>ity>,1,1,1,"1,1,1"
insensitivity,4,<im<{(sense)>ive>}>ity>,1,1,2,"1,1,2"
inset,2,<in<{(set)},1,1,0,"1,1,0"
inside,2,<in<{(side)},1,1,0,"1,1,0"
insignia,1,{(insignia)},0,1,0,"0,1,0"
insinuation,2,{(insinuate)}>ion>,0,1,1,"0,1,1"
insolence,1,{(insolence)},0,1,0,"0,1,0"
insolvency,3,<im<{(solve)>ancy>},1,1,1,"1,1,1"
inspection,3,{<in<(spect)}>ion>,1,1,1,"1,1,1"
inspector,3,{<in<(spect)}>or>,1,1,1,"1,1,1"
inspectorate,4,{<in<(spect)}>or>>ate>,1,1,2,"1,1,2"
inspiration,3,{<in<(spir)}>ion>,1,1,1,"1,1,1"
instability,3,<im<{(stable)}>ity>,1,1,1,"1,1,1"
installation,3,{<in<(stall)}>ion>,1,1,1,"1,1,1"
installment,3,{<in<(stall)}>ment>,1,1,1,"1,1,1"
instalment,3,{<in<(stall)}>ment>,1,1,1,"1,1,1"
instigation,2,{(instigate)}>ion>,0,1,1,"0,1,1"
instilling,2,{<in<(still)},1,1,0,"1,1,0"
instructor,3,{<in<(struct)}>or>,1,1,1,"1,1,1"
instrumental,2,{(instrument)}>al>,0,1,1,"0,1,1"
insulation,3,{(insul)>ate>}>ion>,0,1,2,"0,1,2"
insulator,3,{(insul)>ate>}>or>,0,1,2,"0,1,2"
insulin,1,{(insulin)},0,1,0,"0,1,0"
insurance,3,{<in<(sure)}>ance>,1,1,1,"1,1,1"
insurrection,3,{<in<(surrect)>ion>},1,1,1,"1,1,1"
intake,2,<in<{(take)},1,1,0,"1,1,0"
intangible,2,<im<{(tangible)},1,1,0,"1,1,0"
integer,1,{(integer)},0,1,0,"0,1,0"
integral,2,{(integer)>al>},0,1,1,"0,1,1"
integrating,2,{(integer)>ate>},0,1,1,"0,1,1"
integration,3,{(integer)>ate>}>ion>,0,1,2,"0,1,2"
intellectual,2,{(intellect)}>al>,0,1,1,"0,1,1"
intelligentsia,1,{(intelligentsia)},0,1,0,"0,1,0"
intensities,2,{(intense)}>ity>,0,1,1,"0,1,1"
intensity,2,{(intense)}>ity>,0,1,1,"0,1,1"
intercession,3,{<inter<(cess)>ion>},1,1,1,"1,1,1"
intercom,1,{(intercom)},0,1,0,"0,1,0"
intercourse,2,<inter<{(course)},1,1,0,"1,1,0"
interdiction,3,{<inter<(dict)}>ion>,1,1,1,"1,1,1"
interference,3,{<inter<(fere)}>ance>,1,1,1,"1,1,1"
interior,1,{(interior)},0,1,0,"0,1,0"
interlude,1,{(interlude)},0,1,0,"0,1,0"
intermediaries,3,{(<inter<(medi)>ory>)},1,2,1,"1,2,1"
intermission,2,{(intermit)}>ion>,0,1,1,"0,1,1"
internationalization,5,<inter<{(nation)}>al>>ize>>ion>,1,1,3,"1,1,3"
interplay,2,<inter<{(play)},1,1,0,"1,1,0"
interpolation,4,{<inter<(pol)>ate>}>ion>,1,1,2,"1,1,2"
interpreter,2,{(interpret)}>er>,0,1,1,"0,1,1"
interrogating,3,{<inter<(rog)>ate>},1,1,1,"1,1,1"
interrogation,4,{<inter<(rog)>ate>}>ion>,1,1,2,"1,1,2"
interrogator,4,{<inter<(rog)>ate>}>or>,1,1,2,"1,1,2"
interruption,3,{<inter<(rupt)}>ion>,1,1,1,"1,1,1"
interrupts,2,{<inter<(rupt)},1,1,0,"1,1,0"
intersection,3,{<inter<(sect)}>ion>,1,1,1,"1,1,1"
intersects,2,{<inter<(sect)},1,1,0,"1,1,0"
intervention,3,{<inter<(vene)}>ion>,1,1,1,"1,1,1"
interviewee,2,{(interview)}>ee>,0,1,1,"0,1,1"
interviewer,2,{(interview)}>er>,0,1,1,"0,1,1"
intimidation,4,{<in<(timid)>ate>}>ion>,1,1,2,"1,1,2"
intolerance,3,<im<{(toler)>ance>},1,1,1,"1,1,1"
invader,2,{(invade)}>er>,0,1,1,"0,1,1"
invalid,2,{<im<(valid)},1,1,0,"1,1,0"
invalidating,3,<im<{(valid)}>ate>,1,1,1,"1,1,1"
inventiveness,4,{<in<(vent)}>ive>>ness>,1,1,2,"1,1,2"
inventories,1,{(inventory)},0,1,0,"0,1,0"
inventory,1,{(inventory)},0,1,0,"0,1,0"
inverse,2,{<in<(verse)},1,1,0,"1,1,0"
inversion,3,{<in<(verse)}>ion>,1,1,1,"1,1,1"
inverting,2,{<in<(vert)},1,1,0,"1,1,0"
investor,3,{<in<(vest)}>or>,1,1,1,"1,1,1"
invoice,1,{(invoice)},0,1,0,"0,1,0"
iodine,2,{(iod)>ine>},0,1,1,"0,1,1"
iridium,1,{(iridium)},0,1,0,"0,1,0"
irony,2,{(iron)>y>},0,1,1,"0,1,1"
irrationality,3,<im<{(rational)}>ity>,1,1,1,"1,1,1"
irregularities,4,<im<{(regul)>ar>}>ity>,1,1,2,"1,1,2"
irregularity,4,<im<{(regul)>ar>}>ity>,1,1,2,"1,1,2"
irrigation,3,{(irrig)>ate>}>ion>,0,1,2,"0,1,2"
islam,1,{(islam)},0,1,0,"0,1,0"
island,1,{(island)},0,1,0,"0,1,0"
islet,2,{(isle)}>et>,0,1,1,"0,1,1"
isolation,2,{(isolate)}>ion>,0,1,1,"0,1,1"
isolationism,3,{(isolate)}>ion>>ism>,0,1,2,"0,1,2"
isotope,2,{(iso)(tope)},0,2,0,"0,2,0"
israel,1,{(israel)},0,1,0,"0,1,0"
israeli,2,{(israel)}>i>,0,1,1,"0,1,1"
isthmus,1,{(isthmus)},0,1,0,"0,1,0"
itineraries,1,{(itinerary)},0,1,0,"0,1,0"
itself,2,{(it)}{(self)},0,2,0,"0,2,0"
jack,1,{(jack)},0,1,0,"0,1,0"
jackass,2,{(jack)}{(ass)},0,2,0,"0,2,0"
jacket,1,{(jacket)},0,1,0,"0,1,0"
jackpot,2,{(jack)}{(pot)},0,2,0,"0,2,0"
jacob,1,{(jacob)},0,1,0,"0,1,0"
jag,1,{(jag)},0,1,0,"0,1,0"
jaguar,1,{(jaguar)},0,1,0,"0,1,0"
jail,1,{(jail)},0,1,0,"0,1,0"
japanese,2,{(japan)}>ese>,0,1,1,"0,1,1"
jargon,1,{(jargon)},0,1,0,"0,1,0"
jasmine,1,{(jasmine)},0,1,0,"0,1,0"
jason,1,{(jason)},0,1,0,"0,1,0"
jasper,1,{(jasper)},0,1,0,"0,1,0"
javelin,1,{(javelin)},0,1,0,"0,1,0"
jawbone,2,{(jaw)}{(bone)},0,2,0,"0,2,0"
jealousy,2,{(jealous)}>y>,0,1,1,"0,1,1"
jean,1,{(jean)},0,1,0,"0,1,0"
jefferson,2,{(jeffer)(sono)},0,2,0,"0,2,0"
jellyfish,2,{(jelly)}{(fish)},0,2,0,"0,2,0"
jennifer,1,{(jennifer)},0,1,0,"0,1,0"
jersey,1,{(jersey)},0,1,0,"0,1,0"
jerusalem,1,{(jerusalem)},0,1,0,"0,1,0"
jesus,1,{(jesus)},0,1,0,"0,1,0"
jeweller,2,{(jewel)}>er>,0,1,1,"0,1,1"
jewellery,2,{(jewel)}>ory>,0,1,1,"0,1,1"
jiffy,1,{(jiffy)},0,1,0,"0,1,0"
jig,1,{(jig)},0,1,0,"0,1,0"
jigsaw,2,{(jig)}{(saw)},0,2,0,"0,2,0"
jimmy,1,{(jimmy)},0,1,0,"0,1,0"
jitters,1,{(jitter)},0,1,0,"0,1,0"
joe,1,{(joe)},0,1,0,"0,1,0"
joker,2,{(joke)}>er>,0,1,1,"0,1,1"
jonathan,1,{(jonathan)},0,1,0,"0,1,0"
jordan,1,{(jordan)},0,1,0,"0,1,0"
jose,1,{(jose)},0,1,0,"0,1,0"
joss,1,{(joss)},0,1,0,"0,1,0"
journal,2,{(journ)>al>},0,1,1,"0,1,1"
journalism,3,{(journ)>al>}>ism>,0,1,2,"0,1,2"
journalist,3,{(journ)>al>}>ist>,0,1,2,"0,1,2"
journeyman,2,{(journey)}(man),0,2,0,"0,2,0"
joyride,2,{(joy)}{(ride)},0,2,0,"0,2,0"
joystick,2,{(joy)}{(stick)},0,2,0,"0,2,0"
judgement,2,{(judge)}>ment>,0,1,1,"0,1,1"
judgment,2,{(judge)}>ment>,0,1,1,"0,1,1"
judiciary,2,{(judic)>ory>},0,1,1,"0,1,1"
juggling,1,{(juggle)},0,1,0,"0,1,0"
julia,1,{(julia)},0,1,0,"0,1,0"
jumbo,1,{(jumbo)},0,1,0,"0,1,0"
jumper,2,{(jump)}>er>,0,1,1,"0,1,1"
june,1,{(june)},0,1,0,"0,1,0"
junkie,2,{(junk)}>y>,0,1,1,"0,1,1"
jurisdiction,3,{(jur)(dict)>ion>},0,2,1,"0,2,1"
jurisprudence,3,{(jur)(prud)>ance>},0,2,1,"0,2,1"
juror,2,{(jur)>or>},0,1,1,"0,1,1"
jury,2,{(jur)>y>},0,1,1,"0,1,1"
justifying,2,{(just)}>ify>,0,1,1,"0,1,1"
juveniles,2,{(juven)>ile>},0,1,1,"0,1,1"
juxtaposition,3,{<juxta<(pose)}>ion>,1,1,1,"1,1,1"
kaleidoscope,2,{(kaleido)(scope)},0,2,0,"0,2,0"
kangaroo,1,{(kangaroo)},0,1,0,"0,1,0"
kansas,1,{(kansas)},0,1,0,"0,1,0"
karma,1,{(karma)},0,1,0,"0,1,0"
keener,2,{(keen)}>er>,0,1,1,"0,1,1"
keep,1,{(keep)},0,1,0,"0,1,0"
keepsake,2,{(keep)}{(sake)},0,2,0,"0,2,0"
kent,1,{(kent)},0,1,0,"0,1,0"
kettle,1,{(kettle)},0,1,0,"0,1,0"
key,1,{(key)},0,1,0,"0,1,0"
keyboard,2,{(key)}{(board)},0,2,0,"0,2,0"
keyhole,2,{(key)}{(hole)},0,2,0,"0,2,0"
keynote,2,{(key)}{(note)},0,2,0,"0,2,0"
keystone,2,{(key)}{(stone)},0,2,0,"0,2,0"
kickback,2,{(kick)}{(back)},0,2,0,"0,2,0"
kickoff,2,{(kick)}{(off)},0,2,0,"0,2,0"
kidder,2,{(kidd)}>er>,0,1,1,"0,1,1"
kiddies,2,{(kidd)}>y>,0,1,1,"0,1,1"
kidnapping,1,{(kidnap)},0,1,0,"0,1,0"
kill,1,{(kill)},0,1,0,"0,1,0"
kilo,1,{(kilo)},0,1,0,"0,1,0"
kilogram,2,<kilo<{(gram)},1,1,0,"1,1,0"
kilometer,2,{<kilo<(meter)},1,1,0,"1,1,0"
kin,1,{(kin)},0,1,0,"0,1,0"
kind,1,{(kind)},0,1,0,"0,1,0"
kinetics,2,{(kine)>tics>},0,1,1,"0,1,1"
king,1,{(king)},0,1,0,"0,1,0"
kingdom,2,{(king)}>dom>,0,1,1,"0,1,1"
kingfisher,3,{(king)}{(fish)}>er>,0,2,1,"0,2,1"
kingpin,2,{(king)}{(pin)},0,2,0,"0,2,0"
kink,1,{(kink)},0,1,0,"0,1,0"
kinsman,2,{(kin)}(man),0,2,0,"0,2,0"
kiosk,1,{(kiosk)},0,1,0,"0,1,0"
kitty,1,{(kitty)},0,1,0,"0,1,0"
kiwi,1,{(kiwi)},0,1,0,"0,1,0"
knack,1,{(knack)},0,1,0,"0,1,0"
kneecap,2,{(knee)}{(cap)},0,2,0,"0,2,0"
kneel,1,{(kneel)},0,1,0,"0,1,0"
knife,1,{(knife)},0,1,0,"0,1,0"
knighthood,2,{(knight)}>hood>,0,1,1,"0,1,1"
knits,1,{(knit)},0,1,0,"0,1,0"
knitwear,2,{(knit)}{(wear)},0,2,0,"0,2,0"
knockdown,2,{(knock)}{(down)},0,2,0,"0,2,0"
knockout,2,{(knock)}{(out)},0,2,0,"0,2,0"
knowledge,2,{(know)(ledge)},0,2,0,"0,2,0"
korea,1,{(korea)},0,1,0,"0,1,0"
kroner,1,{(kroner)},0,1,0,"0,1,0"
kudos,1,{(kudos)},0,1,0,"0,1,0"
lab,1,{(lab)},0,1,0,"0,1,0"
laboratory,2,{(labor)>ory>},0,1,1,"0,1,1"
labourer,2,{(labor)}>er>,0,1,1,"0,1,1"
labyrinth,1,{(labyrinth)},0,1,0,"0,1,0"
laceration,2,{(lacerate)}>ion>,0,1,1,"0,1,1"
lack,1,{(lack)},0,1,0,"0,1,0"
lactation,2,{(lactate)}>ion>,0,1,1,"0,1,1"
lactose,1,{(lactose)},0,1,0,"0,1,0"
ladder,1,{(ladder)},0,1,0,"0,1,0"
lady,1,{(lady)},0,1,0,"0,1,0"
ladybird,2,{(lady)}{(bird)},0,2,0,"0,2,0"
ladybug,2,{(lady)}{(bug)},0,2,0,"0,2,0"
ladyship,2,{(lady)}>ship>,0,1,1,"0,1,1"
laird,1,{(laird)},0,1,0,"0,1,0"
laity,1,{(laity)},0,1,0,"0,1,0"
lake,1,{(lake)},0,1,0,"0,1,0"
lament,1,{(lament)},0,1,0,"0,1,0"
lamp,1,{(lamp)},0,1,0,"0,1,0"
lancer,2,{(lance)}>er>,0,1,1,"0,1,1"
lancet,1,{(lancet)},0,1,0,"0,1,0"
land,1,{(land)},0,1,0,"0,1,0"
landfall,2,{(land)}{(fall)},0,2,0,"0,2,0"
landlady,2,{(land)}{(lady)},0,2,0,"0,2,0"
landlord,2,{(land)}{(lord)},0,2,0,"0,2,0"
landmark,2,{(land)}{(mark)},0,2,0,"0,2,0"
landowner,3,{(land)}{(own)}>er>,0,2,1,"0,2,1"
landscape,2,{(land)}(scape),0,2,0,"0,2,0"
landslide,2,{(land)}{(slide)},0,2,0,"0,2,0"
language,1,{(language)},0,1,0,"0,1,0"
lapel,1,{(lapel)},0,1,0,"0,1,0"
larder,1,{(larder)},0,1,0,"0,1,0"
large,1,{(large)},0,1,0,"0,1,0"
largo,1,{(largo)},0,1,0,"0,1,0"
larva,1,{(larva)},0,1,0,"0,1,0"
larvae,1,{(larvae)},0,1,0,"0,1,0"
larynx,1,{(larynx)},0,1,0,"0,1,0"
lash,1,{(lash)},0,1,0,"0,1,0"
last,1,{(last)},0,1,0,"0,1,0"
lather,1,{(lather)},0,1,0,"0,1,0"
latrine,1,{(latrine)},0,1,0,"0,1,0"
lauder,1,{(lauder)},0,1,0,"0,1,0"
launch,1,{(launch)},0,1,0,"0,1,0"
launcher,2,{(launch)}>er>,0,1,1,"0,1,1"
laundering,1,{(launder)},0,1,0,"0,1,0"
laundromat,2,{(launder)>omat>},0,1,1,"0,1,1"
law,1,{(law)},0,1,0,"0,1,0"
lawlessness,3,{(law)}>less>>ness>,0,1,2,"0,1,2"
lawmakers,3,{(law)}{(make)}>er>,0,2,1,"0,2,1"
lawsuit,2,{(law)}{(suit)},0,2,0,"0,2,0"
lax,1,{(lax)},0,1,0,"0,1,0"
laxative,2,{(lax)}>ive>,0,1,1,"0,1,1"
laying,1,{(lay)},0,1,0,"0,1,0"
layman,2,{(lay)}(man),0,2,0,"0,2,0"
laymen,2,{(lay)}(men),0,2,0,"0,2,0"
layoff,2,{(lay)}{(off)},0,2,0,"0,2,0"
layout,2,{(lay)}{(out)},0,2,0,"0,2,0"
layover,2,{(lay)}{(over)},0,2,0,"0,2,0"
leader,2,{(lead)}>er>,0,1,1,"0,1,1"
leaf,1,{(leaf)},0,1,0,"0,1,0"
league,1,{(league)},0,1,0,"0,1,0"
leakage,2,{(leak)}>age>,0,1,1,"0,1,1"
lean,1,{(lean)},0,1,0,"0,1,0"
leap,1,{(leap)},0,1,0,"0,1,0"
leapfrog,2,{(leap)}{(frog)},0,2,0,"0,2,0"
learner,2,{(learn)}>er>,0,1,1,"0,1,1"
learning,1,{(learn)},0,1,0,"0,1,0"
leasehold,2,{(lease)}{(hold)},0,2,0,"0,2,0"
leave,1,{(leave)},0,1,0,"0,1,0"
lech,1,{(lech)},0,1,0,"0,1,0"
lecture,2,{(lect)>ure>},0,1,1,"0,1,1"
lecturer,3,{(lect)>ure>}>er>,0,1,2,"0,1,2"
ledge,1,{(ledge)},0,1,0,"0,1,0"
lee,1,{(lee)},0,1,0,"0,1,0"
leek,1,{(leek)},0,1,0,"0,1,0"
leeward,2,{(lee)}>ward>,0,1,1,"0,1,1"
leeway,2,{(lee)}{(way)},0,2,0,"0,2,0"
left,1,{(left)},0,1,0,"0,1,0"
leftovers,2,{(left)}{(over)},0,2,0,"0,2,0"
leg,1,{(leg)},0,1,0,"0,1,0"
legacies,2,{(leg)>acy>},0,1,1,"0,1,1"
legacy,2,{(leg)>acy>},0,1,1,"0,1,1"
legation,3,{(leg)>ate>}>ion>,0,1,2,"0,1,2"
legislating,1,{(legislate)},0,1,0,"0,1,0"
legitimacy,2,{(legitim)>acy>},0,1,1,"0,1,1"
legume,1,{(legume)},0,1,0,"0,1,0"
lender,2,{(lend)}>er>,0,1,1,"0,1,1"
lengthening,2,{(length)}>en>,0,1,1,"0,1,1"
lens,1,{(lens)},0,1,0,"0,1,0"
lent,1,{(lent)},0,1,0,"0,1,0"
leonard,1,{(leonard)},0,1,0,"0,1,0"
lessee,1,{(lessee)},0,1,0,"0,1,0"
lessening,2,{(less)}>en>,0,1,1,"0,1,1"
letdown,2,{(let)}{(down)},0,2,0,"0,2,0"
lethality,2,{(lethal)}>ity>,0,1,1,"0,1,1"
lethargy,2,{(letharg)>y>},0,1,1,"0,1,1"
letterbox,2,{(letter)}{(box)},0,2,0,"0,2,0"
letterhead,2,{(letter)}{(head)},0,2,0,"0,2,0"
letterman,2,{(letter)(man)},0,2,0,"0,2,0"
leukemia,1,{(leukemia)},0,1,0,"0,1,0"
liabilities,2,{(liable)}>ity>,0,1,1,"0,1,1"
liability,2,{(liable)}>ity>,0,1,1,"0,1,1"
liaison,1,{(liaison)},0,1,0,"0,1,0"
liar,2,{(lie)}>ar>,0,1,1,"0,1,1"
libel,1,{(libel)},0,1,0,"0,1,0"
liberator,3,{(liber)>ate>}>or>,0,1,2,"0,1,2"
libertarian,2,{(liber)>ian>},0,1,1,"0,1,1"
libertine,2,{(liber)>ine>},0,1,1,"0,1,1"
liberty,2,{(liber)>y>},0,1,1,"0,1,1"
library,1,{(library)},0,1,0,"0,1,0"
lice,1,{(lice)},0,1,0,"0,1,0"
licence,1,{(licence)},0,1,0,"0,1,0"
lichen,1,{(lichen)},0,1,0,"0,1,0"
liege,1,{(liege)},0,1,0,"0,1,0"
life,1,{(life)},0,1,0,"0,1,0"
lifeblood,2,{(life)}{(blood)},0,2,0,"0,2,0"
lifeboat,2,{(life)}{(boat)},0,2,0,"0,2,0"
lifeguard,2,{(life)}{(guard)},0,2,0,"0,2,0"
lifeline,2,{(life)}{(line)},0,2,0,"0,2,0"
lifetime,2,{(life)}{(time)},0,2,0,"0,2,0"
lift,1,{(lift)},0,1,0,"0,1,0"
ligature,1,{(ligature)},0,1,0,"0,1,0"
light,1,{(light)},0,1,0,"0,1,0"
lightbulb,2,{(light)}{(bulb)},0,2,0,"0,2,0"
lightening,2,{(light)}>en>,0,1,1,"0,1,1"
lighter,2,{(light)}>er>,0,1,1,"0,1,1"
lighthouse,2,{(light)}{(house)},0,2,0,"0,2,0"
lightweight,3,{(light)}{(weigh)>t>},0,2,1,"0,2,1"
likeness,2,{(like)}>ness>,0,1,1,"0,1,1"
lilies,1,{(lily)},0,1,0,"0,1,0"
limelight,2,{(lime)}{(light)},0,2,0,"0,2,0"
limestone,2,{(lime)}{(stone)},0,2,0,"0,2,0"
lineage,1,{(lineage)},0,1,0,"0,1,0"
linebackers,3,{(line)}{(back)}>er>,0,2,1,"0,2,1"
lineman,2,{(line)}(man),0,2,0,"0,2,0"
linemen,2,{(line)}(men),0,2,0,"0,2,0"
liner,2,{(line)}>er>,0,1,1,"0,1,1"
linesman,2,{(line)}(man),0,2,0,"0,2,0"
lineup,2,{(line)}{(up)},0,2,0,"0,2,0"
lingo,1,{(lingo)},0,1,0,"0,1,0"
lingual,2,{(lingu)>al>},0,1,1,"0,1,1"
linkage,2,{(link)}>age>,0,1,1,"0,1,1"
linoleum,1,{(linoleum)},0,1,0,"0,1,0"
lion,1,{(lion)},0,1,0,"0,1,0"
lioness,2,{(lion)}>ess>,0,1,1,"0,1,1"
lipstick,2,{(lip)}{(stick)},0,2,0,"0,2,0"
liqueur,1,{(liqueur)},0,1,0,"0,1,0"
liquidator,4,{(liqu)>id>}>ate>>or>,0,1,3,"0,1,3"
liquidity,3,{(liqu)>id>}>ity>,0,1,2,"0,1,2"
lira,1,{(lira)},0,1,0,"0,1,0"
lisa,1,{(lisa)},0,1,0,"0,1,0"
listen,1,{(listen)},0,1,0,"0,1,0"
literacy,2,{(litera)>acy>},0,1,1,"0,1,1"
literature,2,{(litera)>ure>},0,1,1,"0,1,1"
lithium,1,{(lithium)},0,1,0,"0,1,0"
lithograph,2,{(litho)(graph)},0,2,0,"0,2,0"
lithography,3,{(litho)(graph)>y>},0,2,1,"0,2,1"
litigation,2,{(litigate)}>ion>,0,1,1,"0,1,1"
litmus,1,{(litmus)},0,1,0,"0,1,0"
litter,1,{(litter)},0,1,0,"0,1,0"
livelihood,3,{(live)}>ly>>hood>,0,1,2,"0,1,2"
liver,1,{(liver)},0,1,0,"0,1,0"
livery,1,{(livery)},0,1,0,"0,1,0"
livestock,2,{(live)}{(stock)},0,2,0,"0,2,0"
lloyd,1,{(lloyd)},0,1,0,"0,1,0"
loader,2,{(load)}>er>,0,1,1,"0,1,1"
loaf,1,{(loaf)},0,1,0,"0,1,0"
lobby,1,{(lobby)},0,1,0,"0,1,0"
local,2,{(loc)>al>},0,1,1,"0,1,1"
locale,2,{(loc)>ale>},0,1,1,"0,1,1"
localities,3,{(loc)>ale>}>ity>,0,1,2,"0,1,2"
localization,4,{(loc)>ale>}>ize>>ion>,0,1,3,"0,1,3"
loci,2,{(loc)>i>},0,1,1,"0,1,1"
lock,1,{(lock)},0,1,0,"0,1,0"
locker,2,{(lock)}>er>,0,1,1,"0,1,1"
lockout,2,{(lock)}{(out)},0,2,0,"0,2,0"
locksmith,2,{(lock)}{(smith)},0,2,0,"0,2,0"
lockup,2,{(lock)}{(up)},0,2,0,"0,2,0"
loco,1,{(loc)},0,1,0,"0,1,0"
locomotion,3,{(loc)(mot)}>ion>,0,2,1,"0,2,1"
locomotive,3,{(loc)(mot)}>ive>,0,2,1,"0,2,1"
locus,2,{(loc)>us>},0,1,1,"0,1,1"
lodger,2,{(lodge)}>er>,0,1,1,"0,1,1"
logbook,2,{(log)}{(book)},0,2,0,"0,2,0"
logging,1,{(log)},0,1,0,"0,1,0"
logistics,1,{(logistic)},0,1,0,"0,1,0"
lolly,1,{(lolly)},0,1,0,"0,1,0"
london,1,{(london)},0,1,0,"0,1,0"
loneliness,3,{(lone)}>ly>>ness>,0,1,2,"0,1,2"
loner,2,{(lone)}>er>,0,1,1,"0,1,1"
longevity,2,{(long)>ity>},0,1,1,"0,1,1"
longhorn,2,{(long)}{(horn)},0,2,0,"0,2,0"
loo,1,{(loo)},0,1,0,"0,1,0"
looker,2,{(look)}>er>,0,1,1,"0,1,1"
lookout,2,{(look)}{(out)},0,2,0,"0,2,0"
lookup,2,{(look)}{(up)},0,2,0,"0,2,0"
loom,1,{(loom)},0,1,0,"0,1,0"
loophole,2,{(loop)}{(hole)},0,2,0,"0,2,0"
loot,1,{(loot)},0,1,0,"0,1,0"
lope,1,{(lope)},0,1,0,"0,1,0"
lord,1,{(lord)},0,1,0,"0,1,0"
lordship,2,{(lord)}>ship>,0,1,1,"0,1,1"
lorries,1,{(lorry)},0,1,0,"0,1,0"
loser,2,{(lose)}>er>,0,1,1,"0,1,1"
lot,1,{(lot)},0,1,0,"0,1,0"
lottery,1,{(lottery)},0,1,0,"0,1,0"
lotus,1,{(lotus)},0,1,0,"0,1,0"
loudness,2,{(loud)}>ness>,0,1,1,"0,1,1"
loudspeaker,3,{(loud)}{(speak)}>er>,0,2,1,"0,2,1"
louisiana,1,{(louisiana)},0,1,0,"0,1,0"
lounge,1,{(lounge)},0,1,0,"0,1,0"
louvre,1,{(louvre)},0,1,0,"0,1,0"
loveliness,3,{(love)}>ly>>ness>,0,1,2,"0,1,2"
lovemaking,2,{(love)}{(make)},0,2,0,"0,2,0"
lover,2,{(love)}>er>,0,1,1,"0,1,1"
low,1,{(low)},0,1,0,"0,1,0"
lowland,2,{(low)}(land),0,2,0,"0,2,0"
loyalist,2,{(loyal)}>ist>,0,1,1,"0,1,1"
loyalty,2,{(loyal)}>ity>,0,1,1,"0,1,1"
lubrication,3,{(lubric)>ate>}>ion>,0,1,2,"0,1,2"
lucas,1,{(lucas)},0,1,0,"0,1,0"
lucky,2,{(luck)}>y>,0,1,1,"0,1,1"
lucy,1,{(lucy)},0,1,0,"0,1,0"
luger,1,{(luger)},0,1,0,"0,1,0"
luggage,1,{(luggage)},0,1,0,"0,1,0"
lull,1,{(lull)},0,1,0,"0,1,0"
lullaby,1,{(lullaby)},0,1,0,"0,1,0"
lumberjack,2,{(lumber)}{(jack)},0,2,0,"0,2,0"
lunatics,2,{(lun)>ic>},0,1,1,"0,1,1"
lunchtime,2,{(lunch)}{(time)},0,2,0,"0,2,0"
lung,1,{(lung)},0,1,0,"0,1,0"
lurch,1,{(lurch)},0,1,0,"0,1,0"
lustre,1,{(luster)},0,1,0,"0,1,0"
lye,1,{(lye)},0,1,0,"0,1,0"
lynx,1,{(lynx)},0,1,0,"0,1,0"
lyre,1,{(lyre)},0,1,0,"0,1,0"
lyricism,2,{(lyric)}>ism>,0,1,1,"0,1,1"
lyricist,2,{(lyric)}>ist>,0,1,1,"0,1,1"
mace,1,{(mace)},0,1,0,"0,1,0"
machete,1,{(machete)},0,1,0,"0,1,0"
machinist,2,{(machine)}>ist>,0,1,1,"0,1,1"
mack,1,{(mack)},0,1,0,"0,1,0"
mackerel,1,{(mackerel)},0,1,0,"0,1,0"
mackintosh,2,{(mack)(intosh)},0,2,0,"0,2,0"
macrophages,2,{<macro<(phage)},1,1,0,"1,1,0"
made,1,{(make)},0,1,0,"0,1,0"
mademoiselle,2,{(ma)(demoiselle)},0,2,0,"0,2,0"
madhouse,2,{(mad)}{(house)},0,2,0,"0,2,0"
madison,2,{(madi)(sono)},0,2,0,"0,2,0"
madman,2,{(mad)}(man),0,2,0,"0,2,0"
madmen,2,{(mad)}(men),0,2,0,"0,2,0"
madness,2,{(mad)}>ness>,0,1,1,"0,1,1"
maelstrom,1,{(maelstrom)},0,1,0,"0,1,0"
maggot,1,{(maggot)},0,1,0,"0,1,0"
magic,1,{(magic)},0,1,0,"0,1,0"
magnetic,2,{(magnet)}>ic>,0,1,1,"0,1,1"
magnetism,2,{(magnet)}>ism>,0,1,1,"0,1,1"
magnification,3,{(magn)>ify>}>ion>,0,1,2,"0,1,2"
mahatma,1,{(mahatma)},0,1,0,"0,1,0"
maidenhead,3,{(maid)>en>(head)},0,2,1,"0,2,1"
mailbox,2,{(mail)}{(box)},0,2,0,"0,2,0"
mailman,2,{(mail)}{(man)},0,2,0,"0,2,0"
main,1,{(main)},0,1,0,"0,1,0"
mainland,2,{(main)}(land),0,2,0,"0,2,0"
mainline,2,{(main)}{(line)},0,2,0,"0,2,0"
mainstay,2,{(main)}{(stay)},0,2,0,"0,2,0"
mainstream,2,{(main)}{(stream)},0,2,0,"0,2,0"
maintenance,2,{(maintain)>ance>},0,1,1,"0,1,1"
majestic,2,{(majest)>ic>},0,1,1,"0,1,1"
major,1,{(major)},0,1,0,"0,1,0"
majorities,2,{(major)}>ity>,0,1,1,"0,1,1"
majority,2,{(major)}>ity>,0,1,1,"0,1,1"
maker,2,{(make)}>er>,0,1,1,"0,1,1"
makeup,2,{(make)}{(up)},0,2,0,"0,2,0"
malady,1,{(malady)},0,1,0,"0,1,0"
malaysia,1,{(malaysia)},0,1,0,"0,1,0"
malignant,2,{(malign)}>ant>,0,1,1,"0,1,1"
mallet,1,{(mallet)},0,1,0,"0,1,0"
malnutrition,3,<mal<{(nutri)>ion>},1,1,1,"1,1,1"
malpractice,3,<mal<{(pract)>ice>},1,1,1,"1,1,1"
malt,1,{(malt)},0,1,0,"0,1,0"
mambo,1,{(mambo)},0,1,0,"0,1,0"
mamma,1,{(mamma)},0,1,0,"0,1,0"
mammal,1,{(mammal)},0,1,0,"0,1,0"
mammoth,1,{(mammoth)},0,1,0,"0,1,0"
mammy,1,{(mammy)},0,1,0,"0,1,0"
manager,2,{(manage)}>er>,0,1,1,"0,1,1"
mango,1,{(mango)},0,1,0,"0,1,0"
manhole,2,{(man)}{(hole)},0,2,0,"0,2,0"
manhood,2,{(man)}>hood>,0,1,1,"0,1,1"
mania,1,{(mania)},0,1,0,"0,1,0"
manicure,2,{(mani)(cure)},0,2,0,"0,2,0"
manifold,1,{(manifold)},0,1,0,"0,1,0"
mankind,2,{(man)}{(kind)},0,2,0,"0,2,0"
manna,1,{(manna)},0,1,0,"0,1,0"
manoeuvre,1,{(manoeuvre)},0,1,0,"0,1,0"
manpower,2,{(man)}{(power)},0,2,0,"0,2,0"
manslaughter,2,{(man)}{(slaughter)},0,2,0,"0,2,0"
mantis,1,{(mantis)},0,1,0,"0,1,0"
manual,1,{(manual)},0,1,0,"0,1,0"
manufacture,3,{(mani)(fact)>ure>},0,2,1,"0,2,1"
manufacturer,4,{(mani)(fact)>ure>}>er>,0,2,2,"0,2,2"
manure,1,{(manure)},0,1,0,"0,1,0"
manuscript,2,{(mani)(script)},0,2,0,"0,2,0"
mapping,1,{(map)},0,1,0,"0,1,0"
marauding,1,{(maraud)},0,1,0,"0,1,0"
marc,1,{(mark)},0,1,0,"0,1,0"
marcus,1,{(marcus)},0,1,0,"0,1,0"
margaret,1,{(margaret)},0,1,0,"0,1,0"
marginal,2,{(margin)}>al>,0,1,1,"0,1,1"
maria,1,{(maria)},0,1,0,"0,1,0"
marigold,1,{(marigold)},0,1,0,"0,1,0"
marinade,2,{(marin)>ade>},0,1,1,"0,1,1"
maritime,1,{(maritime)},0,1,0,"0,1,0"
marketplace,2,{(market)}{(place)},0,2,0,"0,2,0"
marksman,2,{(mark)}(man),0,2,0,"0,2,0"
marksmanship,3,{(mark)}(man)>ship>,0,2,1,"0,2,1"
marksmen,2,{(mark)}(men),0,2,0,"0,2,0"
markup,2,{(mark)}{(up)},0,2,0,"0,2,0"
marquis,1,{(marquis)},0,1,0,"0,1,0"
marrow,1,{(marrow)},0,1,0,"0,1,0"
marsh,1,{(marsh)},0,1,0,"0,1,0"
marshal,1,{(marshall)},0,1,0,"0,1,0"
marshmallow,1,{(marshmallow)},0,1,0,"0,1,0"
marvellous,2,{(marvel)}>ious>,0,1,1,"0,1,1"
mary,1,{(mary)},0,1,0,"0,1,0"
masque,1,{(masque)},0,1,0,"0,1,0"
mass,1,{(mass)},0,1,0,"0,1,0"
massacre,1,{(massacre)},0,1,0,"0,1,0"
mastectomy,4,{(mast)>ec>(tom)>y>},0,2,2,"0,2,2"
master,1,{(master)},0,1,0,"0,1,0"
mastermind,2,{(master)}{(mind)},0,2,0,"0,2,0"
masterpiece,2,{(master)}{(piece)},0,2,0,"0,2,0"
mastiff,1,{(mastiff)},0,1,0,"0,1,0"
mastodon,1,{(mastodon)},0,1,0,"0,1,0"
masturbating,1,{(masturbate)},0,1,0,"0,1,0"
masturbation,2,{(masturbate)}>ion>,0,1,1,"0,1,1"
matchbox,2,{(match)}{(box)},0,2,0,"0,2,0"
matchmaker,3,{(match)}{(make)}>er>,0,2,1,"0,2,1"
matchmaking,2,{(match)}{(make)},0,2,0,"0,2,0"
mate,1,{(mate)},0,1,0,"0,1,0"
materialism,2,{(material)}>ism>,0,1,1,"0,1,1"
maternity,2,{(mater)>ity>},0,1,1,"0,1,1"
matriarch,2,{(mater)(arch)},0,2,0,"0,2,0"
matriculation,2,{(matriculate)}>ion>,0,1,1,"0,1,1"
matrimony,2,{(mater)(mony)},0,2,0,"0,2,0"
matt,1,{(matt)},0,1,0,"0,1,0"
matter,1,{(matter)},0,1,0,"0,1,0"
maturity,2,{(mature)}>ity>,0,1,1,"0,1,1"
max,1,{(max)},0,1,0,"0,1,0"
maxima,2,{(maxim)>a>},0,1,1,"0,1,1"
maybe,1,{(maybe)},0,1,0,"0,1,0"
mayday,2,{(may)}{(day)},0,2,0,"0,2,0"
mayhem,1,{(mayhem)},0,1,0,"0,1,0"
mayo,1,{(mayo)},0,1,0,"0,1,0"
mccarthy,1,{(mccarthy)},0,1,0,"0,1,0"
meadow,1,{(meadow)},0,1,0,"0,1,0"
meantime,2,{(mean)}{(time)},0,2,0,"0,2,0"
measure,1,{(measure)},0,1,0,"0,1,0"
meat,1,{(meat)},0,1,0,"0,1,0"
meatball,2,{(meat)}{(ball)},0,2,0,"0,2,0"
mechanic,2,{(mechan)>ic>},0,1,1,"0,1,1"
mechanism,2,{(mechan)>ism>},0,1,1,"0,1,1"
medallion,2,{(medal)>ion>},0,1,1,"0,1,1"
mediating,1,{(mediate)},0,1,0,"0,1,0"
mediation,2,{(mediate)}>ion>,0,1,1,"0,1,1"
medicine,1,{(medicine)},0,1,0,"0,1,0"
meditation,2,{(meditate)}>ion>,0,1,1,"0,1,1"
megaphone,2,<mega<{(phon)},1,1,0,"1,1,0"
meiosis,1,{(meiosis)},0,1,0,"0,1,0"
melancholy,2,{(melanchol)>y>},0,1,1,"0,1,1"
melodies,2,{(melod)>y>},0,1,1,"0,1,1"
melodrama,2,{(melo)(drama)},0,2,0,"0,2,0"
membership,2,{(member)}>ship>,0,1,1,"0,1,1"
memo,1,{(memo)},0,1,0,"0,1,0"
memories,2,{(memor)>y>},0,1,1,"0,1,1"
men,1,{(men)},0,1,0,"0,1,0"
mend,1,{(mend)},0,1,0,"0,1,0"
menstruation,3,{(menstru)>ate>}>ion>,0,1,2,"0,1,2"
menthol,1,{(menthol)},0,1,0,"0,1,0"
merchant,1,{(merchant)},0,1,0,"0,1,0"
merge,1,{(merge)},0,1,0,"0,1,0"
meringue,1,{(meringue)},0,1,0,"0,1,0"
merit,1,{(merit)},0,1,0,"0,1,0"
meritocracy,2,{(merit)}(cracy),0,2,0,"0,2,0"
merriment,2,{(merry)}>ment>,0,1,1,"0,1,1"
mesh,1,{(mesh)},0,1,0,"0,1,0"
metallurgy,3,{(metal)(urge)>y>},0,2,1,"0,2,1"
meteor,1,{(meteo)},0,1,0,"0,1,0"
meteorite,2,{(meteo)}>ite>,0,1,1,"0,1,1"
meteorologist,3,{(meteo)(log)>ist>},0,2,1,"0,2,1"
meteorology,3,{(meteo)(log)>y>},0,2,1,"0,2,1"
meter,1,{(meter)},0,1,0,"0,1,0"
methodologies,3,{(method)}(log)>y>,0,2,1,"0,2,1"
methodology,3,{(method)}(log)>y>,0,2,1,"0,2,1"
metre,1,{(metre)},0,1,0,"0,1,0"
metric,2,{(meter)>ic>},0,1,1,"0,1,1"
metro,1,{(metro)},0,1,0,"0,1,0"
metropolis,3,{(metro)(pol)>sis>},0,2,1,"0,2,1"
metropolitan,3,{(metro)(pol)>itan>},0,2,1,"0,2,1"
mew,1,{(mew)},0,1,0,"0,1,0"
mexico,1,{(mexico)},0,1,0,"0,1,0"
miami,1,{(miami)},0,1,0,"0,1,0"
michigan,1,{(michigan)},0,1,0,"0,1,0"
mick,1,{(mick)},0,1,0,"0,1,0"
microbiology,4,<micro<{(bio)(log)>y>},1,2,1,"1,2,1"
microcosm,2,{<micro<(cosmo)},1,1,0,"1,1,0"
micron,2,{(micro)>on>},0,1,1,"0,1,1"
microscope,2,{<micro<(scope)},1,1,0,"1,1,0"
mid,1,{(mid)},0,1,0,"0,1,0"
midday,2,<mid<{(day)},1,1,0,"1,1,0"
middleman,2,{(middle)}{(man)},0,2,0,"0,2,0"
middlemen,2,{(middle)}{(men)},0,2,0,"0,2,0"
middleweight,3,{(middle)}{(weigh)>t>},0,2,1,"0,2,1"
midland,1,{(midland)},0,1,0,"0,1,0"
midpoint,2,<mid<{(point)},1,1,0,"1,1,0"
midshipman,3,<mid<{(ship)}(man),1,2,0,"1,2,0"
midshipmen,3,<mid<{(ship)}(men),1,2,0,"1,2,0"
midsummer,2,<mid<{(summer)},1,1,0,"1,1,0"
midweek,2,<mid<{(week)},1,1,0,"1,1,0"
midwives,2,{<mid<(wife)},1,1,0,"1,1,0"
mighty,2,{(might)}>y>,0,1,1,"0,1,1"
migrants,2,{(migr)>ant>},0,1,1,"0,1,1"
mike,1,{(mike)},0,1,0,"0,1,0"
mile,1,{(mile)},0,1,0,"0,1,0"
mileage,2,{(mile)}>age>,0,1,1,"0,1,1"
miler,2,{(mile)}>er>,0,1,1,"0,1,1"
milestone,2,{(mile)}{(stone)},0,2,0,"0,2,0"
militancy,3,{(milit)>ance>}>y>,0,1,2,"0,1,2"
military,2,{(milit)>ory>},0,1,1,"0,1,1"
militia,1,{(militia)},0,1,0,"0,1,0"
militiamen,2,{(militia)}(men),0,2,0,"0,2,0"
milkman,2,{(milk)}(man),0,2,0,"0,2,0"
milkshake,2,{(milk)}{(shake)},0,2,0,"0,2,0"
millennia,3,{(mill)(ann)>ia>},0,2,1,"0,2,1"
millennium,3,{(mill)(ann)>ium>},0,2,1,"0,2,1"
millimeter,2,<milli<{(meter)},1,1,0,"1,1,0"
millimetre,2,<milli<{(metre)},1,1,0,"1,1,0"
million,1,{(million)},0,1,0,"0,1,0"
millionaire,2,{(million)}>aire>,0,1,1,"0,1,1"
millionth,2,{(million)}>th>,0,1,1,"0,1,1"
millstone,2,{(mill)}{(stone)},0,2,0,"0,2,0"
mime,1,{(mime)},0,1,0,"0,1,0"
mimicry,2,{(mimic)}>ory>,0,1,1,"0,1,1"
mimics,1,{(mimic)},0,1,0,"0,1,0"
min,1,{(min)},0,1,0,"0,1,0"
mindfulness,3,{(mind)}>ful>>ness>,0,1,2,"0,1,2"
mine,1,{(mine)},0,1,0,"0,1,0"
minefield,2,{(mine)}{(field)},0,2,0,"0,2,0"
miner,2,{(mine)}>er>,0,1,1,"0,1,1"
mineral,1,{(mineral)},0,1,0,"0,1,0"
mineralogy,2,{(mineral)}>ogy>,0,1,1,"0,1,1"
minima,2,{(minim)>a>},0,1,1,"0,1,1"
minimizing,2,{(minim)>ize>},0,1,1,"0,1,1"
minimum,2,{(minim)>ium>},0,1,1,"0,1,1"
minion,1,{(minion)},0,1,0,"0,1,0"
minister,1,{(minister)},0,1,0,"0,1,0"
ministry,2,{(minister)>y>},0,1,1,"0,1,1"
minnow,1,{(minnow)},0,1,0,"0,1,0"
minor,1,{(minor)},0,1,0,"0,1,0"
minority,2,{(minor)}>ity>,0,1,1,"0,1,1"
minster,1,{(minster)},0,1,0,"0,1,0"
minutemen,2,{(minute)}{(men)},0,2,0,"0,2,0"
mirage,1,{(mirage)},0,1,0,"0,1,0"
misappropriation,5,<mis<{<a<(propri)>ate>}>ion>,2,1,2,"2,1,2"
misbehaving,2,<mis<{(behave)},1,1,0,"1,1,0"
misbehavior,3,<mis<{(behave)}>or>,1,1,1,"1,1,1"
miscalculation,4,<mis<{(calcul)>ate>}>ion>,1,1,2,"1,1,2"
miscellaneous,1,{(miscellaneous)},0,1,0,"0,1,0"
misconception,4,<mis<{<co<(cept)}>ion>,2,1,1,"2,1,1"
misconduct,3,<mis<{<co<(duct)},2,1,0,"2,1,0"
misdirection,3,<mis<{(direct)}>ion>,1,1,1,"1,1,1"
misery,2,{(miser)>y>},0,1,1,"0,1,1"
misfortune,2,<mis<{(fortune)},1,1,0,"1,1,0"
mishap,2,{<mis<(hap)},1,1,0,"1,1,0"
misinformation,3,<mis<{(inform)}>ion>,1,1,1,"1,1,1"
misinterpretation,3,<mis<{(interpret)}>ion>,1,1,1,"1,1,1"
misnomer,1,{(misnomer)},0,1,0,"0,1,0"
misogynist,3,{(miso)(gyn)>ist>},0,2,1,"0,2,1"
misogyny,3,{(miso)(gyn)>y>},0,2,1,"0,2,1"
misreading,2,<mis<{(read)},1,1,0,"1,1,0"
misrepresentation,3,<mis<{(represent)}>ion>,1,1,1,"1,1,1"
miss,1,{(miss)},0,1,0,"0,1,0"
missionary,2,{(mission)}>ory>,0,1,1,"0,1,1"
mississippi,1,{(mississippi)},0,1,0,"0,1,0"
missouri,1,{(missouri)},0,1,0,"0,1,0"
mistrial,3,<mis<{(try)}>al>,1,1,1,"1,1,1"
misuse,2,<mis<{(use)},1,1,0,"1,1,0"
mitchell,1,{(mitchell)},0,1,0,"0,1,0"
mite,1,{(mite)},0,1,0,"0,1,0"
mitosis,1,{(mitosis)},0,1,0,"0,1,0"
mix,1,{(mix)},0,1,0,"0,1,0"
mixture,2,{(mix)}>ure>,0,1,1,"0,1,1"
mnemonic,1,{(mnemonic)},0,1,0,"0,1,0"
mob,1,{(mob)},0,1,0,"0,1,0"
mocha,1,{(mocha)},0,1,0,"0,1,0"
mockingbird,2,{(mock)}{(bird)},0,2,0,"0,2,0"
modalities,3,{(mode)}>al>>ity>,0,1,2,"0,1,2"
mode,1,{(mode)},0,1,0,"0,1,0"
modelling,1,{(model)},0,1,0,"0,1,0"
moderate,1,{(moderate)},0,1,0,"0,1,0"
modernism,2,{(modern)}>ism>,0,1,1,"0,1,1"
modernist,2,{(modern)}>ist>,0,1,1,"0,1,1"
modernity,2,{(modern)}>ity>,0,1,1,"0,1,1"
modernization,3,{(modern)}>ize>>ion>,0,1,2,"0,1,2"
modicum,1,{(modicum)},0,1,0,"0,1,0"
modifier,2,{(modify)}>er>,0,1,1,"0,1,1"
modify,1,{(modify)},0,1,0,"0,1,0"
moisture,2,{(moist)}>ure>,0,1,1,"0,1,1"
moisturizing,3,{(moist)}>ure>>ize>,0,1,2,"0,1,2"
molasses,1,{(molasses)},0,1,0,"0,1,0"
molecule,1,{(molecule)},0,1,0,"0,1,0"
molestation,2,{(molest)}>ion>,0,1,1,"0,1,1"
mollusks,1,{(mollusk)},0,1,0,"0,1,0"
moment,1,{(moment)},0,1,0,"0,1,0"
momma,2,{(mom)>a>},0,1,1,"0,1,1"
mommy,2,{(mom)}>y>,0,1,1,"0,1,1"
monarch,2,{<mono<(arch)},1,1,0,"1,1,0"
monarchy,3,{<mono<(arch)}>y>,1,1,1,"1,1,1"
monasteries,2,{(monast)>ory>},0,1,1,"0,1,1"
monday,2,{(mon)(day)},0,2,0,"0,2,0"
monetary,2,{(monet)>ory>},0,1,1,"0,1,1"
monger,1,{(monger)},0,1,0,"0,1,0"
mongrel,1,{(mongrel)},0,1,0,"0,1,0"
monitor,1,{(monitor)},0,1,0,"0,1,0"
monogram,2,{<mono<(gram)},1,1,0,"1,1,0"
monograph,2,{<mono<(graph)},1,1,0,"1,1,0"
monolith,2,{<mono<(lith)},1,1,0,"1,1,0"
monomer,1,{(monomer)},0,1,0,"0,1,0"
monopoly,3,{<mono<(pol)>y>},1,1,1,"1,1,1"
monorail,2,<mono<{(rail)},1,1,0,"1,1,0"
monotone,2,<mono<{(tone)},1,1,0,"1,1,0"
monster,1,{(monster)},0,1,0,"0,1,0"
monstrosity,3,{(monster)>ious>}>ity>,0,1,2,"0,1,2"
montana,1,{(montana)},0,1,0,"0,1,0"
monte,1,{(monte)},0,1,0,"0,1,0"
mood,1,{(mood)},0,1,0,"0,1,0"
moonlight,2,{(moon)}{(light)},0,2,0,"0,2,0"
moonshine,2,{(moon)}{(shine)},0,2,0,"0,2,0"
moonstone,2,{(moon)}{(stone)},0,2,0,"0,2,0"
moore,1,{(moore)},0,1,0,"0,1,0"
moorland,2,{(moor)}(land),0,2,0,"0,2,0"
moose,1,{(moose)},0,1,0,"0,1,0"
mop,1,{(mop)},0,1,0,"0,1,0"
moraine,1,{(moraine)},0,1,0,"0,1,0"
moral,1,{(moral)},0,1,0,"0,1,0"
morality,2,{(morale)}>ity>,0,1,1,"0,1,1"
moratorium,1,{(moratorium)},0,1,0,"0,1,0"
morgue,1,{(morgue)},0,1,0,"0,1,0"
morn,1,{(morn)},0,1,0,"0,1,0"
morphine,1,{(morphine)},0,1,0,"0,1,0"
morphology,3,{(morph)}(log)>y>,0,2,1,"0,2,1"
morsel,1,{(morsel)},0,1,0,"0,1,0"
mortal,2,{(mort)>al>},0,1,1,"0,1,1"
mortgage,1,{(mortgage)},0,1,0,"0,1,0"
mosaic,1,{(mosaic)},0,1,0,"0,1,0"
moscow,1,{(moscow)},0,1,0,"0,1,0"
mosque,1,{(mosque)},0,1,0,"0,1,0"
mosquito,1,{(mosquito)},0,1,0,"0,1,0"
moss,1,{(moss)},0,1,0,"0,1,0"
mote,1,{(mot)},0,1,0,"0,1,0"
motherland,2,{(mother)}{(land)},0,2,0,"0,2,0"
motif,1,{(motif)},0,1,0,"0,1,0"
motivation,2,{(motive)}>ion>,0,1,1,"0,1,1"
motorbike,2,{(motor)}{(bike)},0,2,0,"0,2,0"
motorboat,2,{(motor)}{(boat)},0,2,0,"0,2,0"
motorcade,2,{(motor)(cade)},0,2,0,"0,2,0"
motorcycle,2,{(motor)}{(cycle)},0,2,0,"0,2,0"
motorcyclist,3,{(motor)}{(cycle)}>ist>,0,2,1,"0,2,1"
motorist,2,{(motor)}>ist>,0,1,1,"0,1,1"
motorway,2,{(motor)}{(way)},0,2,0,"0,2,0"
motto,1,{(motto)},0,1,0,"0,1,0"
mould,1,{(mould)},0,1,0,"0,1,0"
mount,1,{(mount)},0,1,0,"0,1,0"
mountainside,2,{(mountain)}{(side)},0,2,0,"0,2,0"
mountaintop,2,{(mountain)}{(top)},0,2,0,"0,2,0"
mouthful,2,{(mouth)}>ful>,0,1,1,"0,1,1"
mouthpiece,2,{(mouth)}{(piece)},0,2,0,"0,2,0"
mouthwash,2,{(mouth)}{(wash)},0,2,0,"0,2,0"
move,1,{(move)},0,1,0,"0,1,0"
mover,2,{(move)}>er>,0,1,1,"0,1,1"
mower,2,{(mow)}>er>,0,1,1,"0,1,1"
muffin,1,{(muffin)},0,1,0,"0,1,0"
muffler,2,{(muffle)}>er>,0,1,1,"0,1,1"
mug,1,{(mug)},0,1,0,"0,1,0"
mugging,1,{(mug)},0,1,0,"0,1,0"
mulberry,2,{(mul)(berry)},0,2,0,"0,2,0"
mule,1,{(mule)},0,1,0,"0,1,0"
mullet,1,{(mullet)},0,1,0,"0,1,0"
multiple,1,{(multiple)},0,1,0,"0,1,0"
multiplex,2,{<multi<(plex)},1,1,0,"1,1,0"
multiplication,4,{(<muli<(plic)>ate>)}>ion>,1,2,2,"1,2,2"
multiplicity,3,{(<muli<(plic)>ity>)},1,2,1,"1,2,1"
multitude,2,{(multi)>tude>},0,1,1,"0,1,1"
municipalities,2,{(municipal)}>ity>,0,1,1,"0,1,1"
murderer,2,{(murder)}>er>,0,1,1,"0,1,1"
murphy,1,{(murphy)},0,1,0,"0,1,0"
mus,1,{(mu)},0,1,0,"0,1,0"
muscle,1,{(muscle)},0,1,0,"0,1,0"
muse,1,{(muse)},0,1,0,"0,1,0"
mushroom,1,{(mushroom)},0,1,0,"0,1,0"
musical,2,{(music)}>al>,0,1,1,"0,1,1"
musicianship,3,{(music)}>ian>>ship>,0,1,2,"0,1,2"
muslim,1,{(muslim)},0,1,0,"0,1,0"
mustache,1,{(mustache)},0,1,0,"0,1,0"
mustang,1,{(mustang)},0,1,0,"0,1,0"
mutation,2,{(mutate)}>ion>,0,1,1,"0,1,1"
muting,1,{(mute)},0,1,0,"0,1,0"
muzzle,1,{(muzzle)},0,1,0,"0,1,0"
myeloid,2,{(myel)>oid>},0,1,1,"0,1,1"
myopia,2,{(myop)>ia>},0,1,1,"0,1,1"
myriad,1,{(myriad)},0,1,0,"0,1,0"
myself,2,{(my)}{(self)},0,2,0,"0,2,0"
mystic,2,{(myst)>ic>},0,1,1,"0,1,1"
mythology,3,{(myth)}(log)>y>,0,2,1,"0,2,1"
nadir,1,{(nadir)},0,1,0,"0,1,0"
naira,1,{(naira)},0,1,0,"0,1,0"
naivety,2,{(naive)}>ity>,0,1,1,"0,1,1"
nakedness,2,{(naked)}>ness>,0,1,1,"0,1,1"
nameplate,2,{(name)}{(plate)},0,2,0,"0,2,0"
namesake,2,{(name)}{(sake)},0,2,0,"0,2,0"
napalm,1,{(napalm)},0,1,0,"0,1,0"
nape,1,{(nape)},0,1,0,"0,1,0"
napping,1,{(nap)},0,1,0,"0,1,0"
narration,2,{(narrate)}>ion>,0,1,1,"0,1,1"
narrator,2,{(narrate)}>or>,0,1,1,"0,1,1"
narrows,1,{(narrow)},0,1,0,"0,1,0"
nasty,1,{(nasty)},0,1,0,"0,1,0"
nathan,1,{(nathan)},0,1,0,"0,1,0"
nation,1,{(nation)},0,1,0,"0,1,0"
nationality,3,{(nation)}>al>>ity>,0,1,2,"0,1,2"
nationalization,4,{(nation)}>al>>ize>>ion>,0,1,3,"0,1,3"
nationwide,2,{(nation)}{(wide)},0,2,0,"0,2,0"
native,1,{(native)},0,1,0,"0,1,0"
nativity,2,{(native)>ity>},0,1,1,"0,1,1"
naturalism,3,{(nature)>al>}>ism>,0,1,2,"0,1,2"
naturalization,4,{(nature)>al>}>ize>>ion>,0,1,3,"0,1,3"
nature,1,{(nature)},0,1,0,"0,1,0"
navies,1,{(navy)},0,1,0,"0,1,0"
navigation,3,{(navy)>ate>}>ion>,0,1,2,"0,1,2"
navigator,3,{(navy)>ate>}>or>,0,1,2,"0,1,2"
nay,1,{(nay)},0,1,0,"0,1,0"
nebula,2,{(nebul)>a>},0,1,1,"0,1,1"
necessary,2,{(necess)>ory>},0,1,1,"0,1,1"
necessities,2,{(necess)>ity>},0,1,1,"0,1,1"
neck,1,{(neck)},0,1,0,"0,1,0"
necklace,2,{(neck)(lace)},0,2,0,"0,2,0"
neckline,2,{(neck)}{(line)},0,2,0,"0,2,0"
necktie,2,{(neck)}{(tie)},0,2,0,"0,2,0"
necromancer,3,{(necro)(manc)>er>},0,2,1,"0,2,1"
nectar,1,{(nectar)},0,1,0,"0,1,0"
needlework,2,{(needle)}{(work)},0,2,0,"0,2,0"
negating,2,{(neg)>ate>},0,1,1,"0,1,1"
negation,3,{(neg)>ate>}>ion>,0,1,2,"0,1,2"
negative,3,{(neg)>ate>}>ive>,0,1,2,"0,1,2"
negotiator,3,{(negoti)>ate>}>or>,0,1,2,"0,1,2"
negro,1,{(negro)},0,1,0,"0,1,0"
neighborhood,2,{(neighbor)}>hood>,0,1,1,"0,1,1"
nelson,2,{(nel)(sono)},0,2,0,"0,2,0"
nepotism,1,{(nepotism)},0,1,0,"0,1,0"
nervousness,3,{(nerve)}>ious>>ness>,0,1,2,"0,1,2"
net,1,{(net)},0,1,0,"0,1,0"
netball,2,{(net)}{(ball)},0,2,0,"0,2,0"
nettle,1,{(nettle)},0,1,0,"0,1,0"
network,2,{(net)}{(work)},0,2,0,"0,2,0"
neurologist,3,{(neuro)(log)>ist>},0,2,1,"0,2,1"
neurology,3,{(neuro)(log)>y>},0,2,1,"0,2,1"
newborn,2,{(new)}{(born)},0,2,0,"0,2,0"
newcastle,2,{(new)(castle)},0,2,0,"0,2,0"
newcomer,3,{(new)}{(come)}>er>,0,2,1,"0,2,1"
newest,2,{(new)}>est>,0,1,1,"0,1,1"
newlywed,3,{(new)}>ly>{(wed)},0,2,1,"0,2,1"
newscast,2,{(new)}{(cast)},0,2,0,"0,2,0"
newscaster,3,{(new)}{(cast)}>er>,0,2,1,"0,2,1"
newsflash,2,{(new)}{(flash)},0,2,0,"0,2,0"
newsletter,2,{(new)}{(letter)},0,2,0,"0,2,0"
newspaper,2,{(new)}{(paper)},0,2,0,"0,2,0"
newsprint,2,{(new)}{(print)},0,2,0,"0,2,0"
newsreader,3,{(new)}{(read)}>er>,0,2,1,"0,2,1"
newsreel,2,{(new)}{(reel)},0,2,0,"0,2,0"
newsroom,2,{(new)}{(room)},0,2,0,"0,2,0"
newsstand,2,{(new)}{(stand)},0,2,0,"0,2,0"
newt,1,{(newt)},0,1,0,"0,1,0"
nexus,1,{(nexus)},0,1,0,"0,1,0"
niceties,2,{(nice)}>ity>,0,1,1,"0,1,1"
nickel,1,{(nickel)},0,1,0,"0,1,0"
nickname,2,{(nick)}{(name)},0,2,0,"0,2,0"
niece,1,{(niece)},0,1,0,"0,1,0"
nigeria,2,{(negro)>ia>},0,1,1,"0,1,1"
nigerian,3,{(negro)>ia>}>n>,0,1,2,"0,1,2"
nightclub,2,{(night)}{(club)},0,2,0,"0,2,0"
nightfall,2,{(night)}{(fall)},0,2,0,"0,2,0"
nightgown,2,{(night)}{(gown)},0,2,0,"0,2,0"
nighthawk,2,{(night)}{(hawk)},0,2,0,"0,2,0"
nightlife,2,{(night)}{(life)},0,2,0,"0,2,0"
nightmare,2,{(night)}{(mare)},0,2,0,"0,2,0"
nightshade,2,{(night)}{(shade)},0,2,0,"0,2,0"
nighttime,2,{(night)}{(time)},0,2,0,"0,2,0"
nimrod,1,{(nimrod)},0,1,0,"0,1,0"
nineteen,2,{(nine)}>teen>,0,1,1,"0,1,1"
nipping,1,{(nip)},0,1,0,"0,1,0"
nirvana,1,{(nirvana)},0,1,0,"0,1,0"
nitrate,2,{(nitro)>ate>},0,1,1,"0,1,1"
nitrogen,2,{(nitro)(gen)},0,2,0,"0,2,0"
nix,1,{(nix)},0,1,0,"0,1,0"
nob,1,{(nob)},0,1,0,"0,1,0"
noble,1,{(noble)},0,1,0,"0,1,0"
nobleman,2,{(noble)}(man),0,2,0,"0,2,0"
noblemen,2,{(noble)}(men),0,2,0,"0,2,0"
nobodies,2,{(no)(body)},0,2,0,"0,2,0"
nobody,2,{(no)(body)},0,2,0,"0,2,0"
nocturne,2,{(noct)>urn>},0,1,1,"0,1,1"
nod,1,{(nod)},0,1,0,"0,1,0"
noggin,1,{(noggin)},0,1,0,"0,1,0"
nomenclature,1,{(nomenclature)},0,1,0,"0,1,0"
nondescript,3,{<non<<de<(script)},2,1,0,"2,1,0"
none,1,{(none)},0,1,0,"0,1,0"
nonsense,2,{<non<(sense)},1,1,0,"1,1,0"
nonviolence,3,<non<{(viol)>ance>},1,1,1,"1,1,1"
noodle,1,{(noodle)},0,1,0,"0,1,0"
normalizing,3,{(norm)>al>}>ize>,0,1,2,"0,1,2"
normals,2,{(norm)>al>},0,1,1,"0,1,1"
northeast,2,{(north)}{(east)},0,2,0,"0,2,0"
northwest,2,{(north)}{(west)},0,2,0,"0,2,0"
northwestern,3,{(north)}{(west)}>ern>,0,2,1,"0,2,1"
norway,1,{(norway)},0,1,0,"0,1,0"
nosebleed,2,{(nose)}{(bleed)},0,2,0,"0,2,0"
notary,2,{(notar)>y>},0,1,1,"0,1,1"
notation,2,{(note)}>ion>,0,1,1,"0,1,1"
notch,1,{(notch)},0,1,0,"0,1,0"
notebook,2,{(note)}{(book)},0,2,0,"0,2,0"
noteworthy,3,{(note)}{(worth)}>y>,0,2,1,"0,2,1"
nothing,2,{(no)(thing)},0,2,0,"0,2,0"
nothingness,3,{(no)(thing)}>ness>,0,2,1,"0,2,1"
notion,1,{(notion)},0,1,0,"0,1,0"
notoriety,2,{(notori)>ity>},0,1,1,"0,1,1"
nought,1,{(nought)},0,1,0,"0,1,0"
noun,1,{(noun)},0,1,0,"0,1,0"
nourishment,2,{(nourish)}>ment>,0,1,1,"0,1,1"
nova,1,{(nova)},0,1,0,"0,1,0"
novelist,2,{(novel)}>ist>,0,1,1,"0,1,1"
novelties,2,{(novel)}>ity>,0,1,1,"0,1,1"
novelty,2,{(novel)}>ity>,0,1,1,"0,1,1"
novice,1,{(novice)},0,1,0,"0,1,0"
now,1,{(now)},0,1,0,"0,1,0"
nuance,1,{(nuance)},0,1,0,"0,1,0"
nuclear,2,{(nucleo)>ar>},0,1,1,"0,1,1"
nucleus,2,{(nucleo)>us>},0,1,1,"0,1,1"
nudge,1,{(nudge)},0,1,0,"0,1,0"
nudist,2,{(nude)}>ist>,0,1,1,"0,1,1"
nudity,2,{(nude)}>ity>,0,1,1,"0,1,1"
nullification,3,{(null)}>ify>>ion>,0,1,2,"0,1,2"
numbing,1,{(numb)},0,1,0,"0,1,0"
nunnery,2,{(nunn)}>ory>,0,1,1,"0,1,1"
nursery,2,{(nurse)}>ory>,0,1,1,"0,1,1"
nurture,1,{(nurture)},0,1,0,"0,1,0"
nutcracker,3,{(nut)}{(crack)}>er>,0,2,1,"0,2,1"
nutmeg,2,{(nut)}{(meg)},0,2,0,"0,2,0"
nutrient,2,{(nutri)>ant>},0,1,1,"0,1,1"
nutrition,2,{(nutri)>ion>},0,1,1,"0,1,1"
nutshell,2,{(nut)}{(shell)},0,2,0,"0,2,0"
nylon,1,{(nylon)},0,1,0,"0,1,0"
oasis,1,{(oasis)},0,1,0,"0,1,0"
oatmeal,2,{(oat)}{(meal)},0,2,0,"0,2,0"
obesity,2,{(obese)}>ity>,0,1,1,"0,1,1"
obfuscation,2,{(obfuscate)}>ion>,0,1,1,"0,1,1"
oblivion,2,{(oblivi)>on>},0,1,1,"0,1,1"
obscenities,2,{(obscene)}>ity>,0,1,1,"0,1,1"
obscure,1,{(obscure)},0,1,0,"0,1,0"
obscurity,2,{(obscure)}>ity>,0,1,1,"0,1,1"
observation,2,{(observe)}>ion>,0,1,1,"0,1,1"
obsessing,1,{(obsess)},0,1,0,"0,1,0"
obsidian,1,{(obsidian)},0,1,0,"0,1,0"
obsolescence,2,{(obsolesce)}>ance>,0,1,1,"0,1,1"
obsolete,1,{(obsolete)},0,1,0,"0,1,0"
obstacle,1,{(obstacle)},0,1,0,"0,1,0"
obverse,2,{<ob<(verse)},1,1,0,"1,1,0"
occupancy,2,{(occupy)>ancy>},0,1,1,"0,1,1"
occupier,2,{(occupy)}>er>,0,1,1,"0,1,1"
occurrence,2,{(occur)}>ance>,0,1,1,"0,1,1"
oceanography,3,{(ocean)}(graph)>y>,0,2,1,"0,2,1"
oceanside,2,{(ocean)(side)},0,2,0,"0,2,0"
octagon,2,{(octo)(gon)},0,2,0,"0,2,0"
oddball,2,{(odd)}{(ball)},0,2,0,"0,2,0"
oddities,2,{(odd)}>ity>,0,1,1,"0,1,1"
oddity,2,{(odd)}>ity>,0,1,1,"0,1,1"
odds,1,{(odd)},0,1,0,"0,1,0"
odour,1,{(odor)},0,1,0,"0,1,0"
offense,1,{(offense)},0,1,0,"0,1,0"
offensive,2,{(offense)}>ive>,0,1,1,"0,1,1"
offer,1,{(offer)},0,1,0,"0,1,0"
officer,2,{(office)}>er>,0,1,1,"0,1,1"
offshoot,2,<off<{(shoot)},1,1,0,"1,1,0"
offspring,2,<off<{(spring)},1,1,0,"1,1,0"
oftentimes,2,{(often)}{(time)},0,2,0,"0,2,0"
ogle,1,{(ogle)},0,1,0,"0,1,0"
ogre,1,{(ogr)},0,1,0,"0,1,0"
oil,1,{(oil)},0,1,0,"0,1,0"
oilfield,2,{(oil)}{(field)},0,2,0,"0,2,0"
oldies,2,{(old)}>y>,0,1,1,"0,1,1"
oligarchy,3,{(olig)(arch)>y>},0,2,1,"0,2,1"
oliver,1,{(oliver)},0,1,0,"0,1,0"
ombudsman,2,{(ombuds)(man)},0,2,0,"0,2,0"
omelette,1,{(omelette)},0,1,0,"0,1,0"
omitting,1,{(omit)},0,1,0,"0,1,0"
omnibus,1,{(omnibus)},0,1,0,"0,1,0"
one,1,{(one)},0,1,0,"0,1,0"
only,1,{(only)},0,1,0,"0,1,0"
onset,2,<on<{(set)},1,1,0,"1,1,0"
onslaught,1,{(onslaught)},0,1,0,"0,1,0"
ontology,3,{(onto)(log)>y>},0,2,1,"0,2,1"
onyx,1,{(onyx)},0,1,0,"0,1,0"
open,1,{(open)},0,1,0,"0,1,0"
opener,2,{(open)}>er>,0,1,1,"0,1,1"
opera,1,{(opera)},0,1,0,"0,1,0"
operating,2,{(oper)>ate>},0,1,1,"0,1,1"
ophthalmologist,3,{(ophthalmo)(log)>ist>},0,2,1,"0,2,1"
ophthalmology,3,{(ophthalmo)(log)>y>},0,2,1,"0,2,1"
opium,1,{(opium)},0,1,0,"0,1,0"
opportunist,2,{(opportune)}>ist>,0,1,1,"0,1,1"
opportunity,2,{(opportune)}>ity>,0,1,1,"0,1,1"
opposition,4,{<o<(pose)}>it>>ion>,1,1,2,"1,1,2"
oppression,3,{<o<(press)}>ion>,1,1,1,"1,1,1"
optimization,3,{(optim)>ize>}>ion>,0,1,2,"0,1,2"
opulence,1,{(opulence)},0,1,0,"0,1,0"
oracle,1,{(oracle)},0,1,0,"0,1,0"
oration,2,{(orate)}>ion>,0,1,1,"0,1,1"
oratory,2,{(orate)}>ory>,0,1,1,"0,1,1"
orb,1,{(orb)},0,1,0,"0,1,0"
orchestra,2,{(orchestr)>a>},0,1,1,"0,1,1"
orchestration,3,{(orchestr)>ate>}>ion>,0,1,2,"0,1,2"
orchid,1,{(orchid)},0,1,0,"0,1,0"
ordeal,1,{(ordeal)},0,1,0,"0,1,0"
ordination,3,{(ordin)>ate>}>ion>,0,1,2,"0,1,2"
oregano,1,{(oregano)},0,1,0,"0,1,0"
organism,2,{(organ)>ism>},0,1,1,"0,1,1"
organizer,3,{(organ)>ize>}>er>,0,1,2,"0,1,2"
organizing,2,{(organ)>ize>},0,1,1,"0,1,1"
orgasm,1,{(orgasm)},0,1,0,"0,1,0"
oriental,2,{(orient)}>al>,0,1,1,"0,1,1"
orientation,3,{(orient)}>ate>>ion>,0,1,2,"0,1,2"
orifice,1,{(orifice)},0,1,0,"0,1,0"
origin,1,{(origin)},0,1,0,"0,1,0"
originality,3,{(origin)}>al>>ity>,0,1,2,"0,1,2"
orlando,1,{(orlando)},0,1,0,"0,1,0"
orleans,1,{(orleans)},0,1,0,"0,1,0"
ornamentation,2,{(ornament)}>ion>,0,1,1,"0,1,1"
ornithology,3,{(ornitho)(log)>y>},0,2,1,"0,2,1"
orphan,1,{(orphan)},0,1,0,"0,1,0"
orphanage,2,{(orphan)}>age>,0,1,1,"0,1,1"
orthodontist,3,{(ortho)(donto)>ist>},0,2,1,"0,2,1"
orthodox,2,{(ortho)(dox)},0,2,0,"0,2,0"
orthodoxy,3,{(ortho)(dox)}>y>,0,2,1,"0,2,1"
orthography,3,{(ortho)(graph)>y>},0,2,1,"0,2,1"
oscar,1,{(oscar)},0,1,0,"0,1,0"
oscillation,3,{(oscill)>ate>}>ion>,0,1,2,"0,1,2"
osmosis,1,{(osmosis)},0,1,0,"0,1,0"
osteoporosis,3,{(osteo)(pore)>sis>},0,2,1,"0,2,1"
otherwise,2,{(other)}>wise>,0,1,1,"0,1,1"
ourselves,2,{(our)}{(self)},0,2,0,"0,2,0"
ousting,1,{(oust)},0,1,0,"0,1,0"
outcast,2,<out<{(cast)},1,1,0,"1,1,0"
outcome,2,<out<{(come)},1,1,0,"1,1,0"
outcry,2,<out<{(cry)},1,1,0,"1,1,0"
outgrowth,3,<out<{(grow)>th>},1,1,1,"1,1,1"
outlaw,2,<out<{(law)},1,1,0,"1,1,0"
outlet,2,<out<{(let)},1,1,0,"1,1,0"
outlook,2,<out<{(look)},1,1,0,"1,1,0"
outpatient,2,<out<{(patient)},1,1,0,"1,1,0"
outpouring,2,<out<{(pour)},1,1,0,"1,1,0"
output,2,<out<{(put)},1,1,0,"1,1,0"
outsider,3,<out<{(side)}>er>,1,1,1,"1,1,1"
outskirts,2,<out<{(skirt)},1,1,0,"1,1,0"
ovaries,2,{(ov)>ory>},0,1,1,"0,1,1"
ovary,2,{(ov)>ory>},0,1,1,"0,1,1"
ovation,1,{(ovation)},0,1,0,"0,1,0"
overblown,3,<over<{(blow)}>n>,1,1,1,"1,1,1"
overboard,2,<over<{(board)},1,1,0,"1,1,0"
overdrive,2,<over<{(drive)},1,1,0,"1,1,0"
overeating,2,<over<{(eat)},1,1,0,"1,1,0"
overhang,2,<over<{(hang)},1,1,0,"1,1,0"
overhaul,2,<over<{(haul)},1,1,0,"1,1,0"
overkill,2,<over<{(kill)},1,1,0,"1,1,0"
overlap,2,<over<{(lap)},1,1,0,"1,1,0"
overlapping,2,<over<{(lapp)},1,1,0,"1,1,0"
overloading,2,<over<{(load)},1,1,0,"1,1,0"
overlord,2,<over<{(lord)},1,1,0,"1,1,0"
oversight,2,<over<{(sight)},1,1,0,"1,1,0"
oversize,2,<over<{(size)},1,1,0,"1,1,0"
owning,1,{(own)},0,1,0,"0,1,0"
oxen,2,{(ox)>en>},0,1,1,"0,1,1"
oxide,1,{(oxide)},0,1,0,"0,1,0"
oxygen,1,{(oxygen)},0,1,0,"0,1,0"
pacemaker,3,{(pace)}{(make)}>er>,0,2,1,"0,2,1"
pacification,3,{(pacif)>y>}>ion>,0,1,2,"0,1,2"
pacifier,3,{(pacif)>y>}>er>,0,1,2,"0,1,2"
packer,2,{(pack)}>er>,0,1,1,"0,1,1"
pact,1,{(pact)},0,1,0,"0,1,0"
padding,1,{(pad)},0,1,0,"0,1,0"
paddy,1,{(paddy)},0,1,0,"0,1,0"
padlock,2,{(pad)(lock)},0,2,0,"0,2,0"
pagoda,1,{(pagoda)},0,1,0,"0,1,0"
painful,2,{(pain)}>ful>,0,1,1,"0,1,1"
painkiller,3,{(pain)}{(kill)}>er>,0,2,1,"0,2,1"
paintbrush,2,{(paint)}{(brush)},0,2,0,"0,2,0"
pair,1,{(pair)},0,1,0,"0,1,0"
pakistan,1,{(pakistan)},0,1,0,"0,1,0"
pal,1,{(pal)},0,1,0,"0,1,0"
palace,1,{(palace)},0,1,0,"0,1,0"
palais,1,{(palais)},0,1,0,"0,1,0"
pale,1,{(pale)},0,1,0,"0,1,0"
paleolithic,3,{(paleo)(lith)}>ic>,0,2,1,"0,2,1"
paleontologist,4,{(paleo)(onto)(log)>ist>},0,3,1,"0,3,1"
paleontology,4,{(paleo)(onto)(log)>y>},0,3,1,"0,3,1"
pall,1,{(pall)},0,1,0,"0,1,0"
palladium,1,{(palladium)},0,1,0,"0,1,0"
palsy,1,{(palsy)},0,1,0,"0,1,0"
panacea,1,{(panacea)},0,1,0,"0,1,0"
pancake,2,{(pan)}{(cake)},0,2,0,"0,2,0"
panda,1,{(panda)},0,1,0,"0,1,0"
panel,1,{(panel)},0,1,0,"0,1,0"
panhandle,2,{(pan)}{(handle)},0,2,0,"0,2,0"
panic,1,{(panic)},0,1,0,"0,1,0"
panning,1,{(pan)},0,1,0,"0,1,0"
pant,1,{(pant)},0,1,0,"0,1,0"
pantheon,3,{<pan<(theo)>on>},1,1,1,"1,1,1"
paper,1,{(paper)},0,1,0,"0,1,0"
paperback,2,{(paper)}{(back)},0,2,0,"0,2,0"
paperwork,2,{(paper)}{(work)},0,2,0,"0,2,0"
paprika,1,{(paprika)},0,1,0,"0,1,0"
papyrus,1,{(papyrus)},0,1,0,"0,1,0"
parable,1,{(parable)},0,1,0,"0,1,0"
parachute,2,{(para)(chute)},0,2,0,"0,2,0"
parade,1,{(parade)},0,1,0,"0,1,0"
paradigm,1,{(paradigm)},0,1,0,"0,1,0"
paragraph,2,{(para)(graph)},0,2,0,"0,2,0"
parameter,2,{(para)(meter)},0,2,0,"0,2,0"
paramount,3,{(par)>a>(mount)},0,2,1,"0,2,1"
paranoia,2,{(para)(noia)},0,2,0,"0,2,0"
parapet,1,{(parapet)},0,1,0,"0,1,0"
paraphrase,2,{(para)(phrase)},0,2,0,"0,2,0"
paraplegic,3,{(para)(pleg)>ic>},0,2,1,"0,2,1"
paratrooper,3,(para){(troop)}>er>,0,2,1,"0,2,1"
parentheses,4,{(par)>en>(thes)>sis>},0,2,2,"0,2,2"
parenthesis,4,{(par)>en>(thes)>sis>},0,2,2,"0,2,2"
parenthood,2,{(parent)}>hood>,0,1,1,"0,1,1"
pariah,1,{(pariah)},0,1,0,"0,1,0"
parkland,2,{(park)}{(land)},0,2,0,"0,2,0"
parkway,2,{(park)}{(way)},0,2,0,"0,2,0"
parliamentarian,3,{(parliament)}>ory>>ian>,0,1,2,"0,1,2"
parlor,1,{(parlor)},0,1,0,"0,1,0"
parodies,2,{(parod)>y>},0,1,1,"0,1,1"
parody,2,{(parod)>y>},0,1,1,"0,1,1"
parrot,1,{(parrot)},0,1,0,"0,1,0"
parry,1,{(parry)},0,1,0,"0,1,0"
parsley,1,{(parsley)},0,1,0,"0,1,0"
parsonage,2,{(parson)}>age>,0,1,1,"0,1,1"
participation,2,{(participate)}>ion>,0,1,1,"0,1,1"
particularly,3,{(particle)>ar>}>ly>,0,1,2,"0,1,2"
partner,1,{(partner)},0,1,0,"0,1,0"
partnership,2,{(partner)}>ship>,0,1,1,"0,1,1"
partridge,1,{(partridge)},0,1,0,"0,1,0"
party,1,{(party)},0,1,0,"0,1,0"
paschal,1,{(paschal)},0,1,0,"0,1,0"
pasha,1,{(pasha)},0,1,0,"0,1,0"
passage,2,{(pass)}>age>,0,1,1,"0,1,1"
passageway,3,{(pass)}>age>{(way)},0,2,1,"0,2,1"
passerby,3,{(pass)}>er>{(by)},0,2,1,"0,2,1"
passive,1,{(passive)},0,1,0,"0,1,0"
passport,2,{(pass)}{(port)},0,2,0,"0,2,0"
password,2,{(pass)}{(word)},0,2,0,"0,2,0"
past,1,{(past)},0,1,0,"0,1,0"
paste,1,{(paste)},0,1,0,"0,1,0"
pastiche,1,{(pastiche)},0,1,0,"0,1,0"
pastime,2,{(past)(time)},0,2,0,"0,2,0"
patchwork,2,{(patch)}{(work)},0,2,0,"0,2,0"
path,1,{(patho)},0,1,0,"0,1,0"
pathfinder,3,{(patho)}{(find)}>er>,0,2,1,"0,2,1"
pathogenesis,3,{(patho)(gen)>sis>},0,2,1,"0,2,1"
pathologist,3,{(patho)(log)>ist>},0,2,1,"0,2,1"
pathology,3,{(patho)(log)>y>},0,2,1,"0,2,1"
pathway,2,{(patho)}{(way)},0,2,0,"0,2,0"
patience,1,{(patience)},0,1,0,"0,1,0"
patriarch,2,{(pater)(arch)},0,2,0,"0,2,0"
patriarchy,3,{(pater)(arch)}>y>,0,2,1,"0,2,1"
patrimony,2,{(pater)(mony)},0,2,0,"0,2,0"
patriot,2,{(pater)>ot>},0,1,1,"0,1,1"
patriotism,3,{(pater)>ot>}>ism>,0,1,2,"0,1,2"
patrolman,2,{(patrol)}(man),0,2,0,"0,2,0"
patronage,2,{(patron)}>age>,0,1,1,"0,1,1"
patten,1,{(patten)},0,1,0,"0,1,0"
patter,1,{(patter)},0,1,0,"0,1,0"
pattern,1,{(pattern)},0,1,0,"0,1,0"
pauper,1,{(pauper)},0,1,0,"0,1,0"
pavement,2,{(pave)}>ment>,0,1,1,"0,1,1"
paw,1,{(paw)},0,1,0,"0,1,0"
pax,1,{(pax)},0,1,0,"0,1,0"
pay,1,{(pay)},0,1,0,"0,1,0"
paycheck,2,{(pay)}{(check)},0,2,0,"0,2,0"
payday,2,{(pay)}{(day)},0,2,0,"0,2,0"
payload,2,{(pay)}{(load)},0,2,0,"0,2,0"
payoff,2,{(pay)}{(off)},0,2,0,"0,2,0"
payroll,2,{(pay)}{(roll)},0,2,0,"0,2,0"
peacemaker,3,{(peace)}{(make)}>er>,0,2,1,"0,2,1"
peacetime,2,{(peace)}{(time)},0,2,0,"0,2,0"
peacock,2,{(pea)}{(cock)},0,2,0,"0,2,0"
peanut,2,{(pea)}{(nut)},0,2,0,"0,2,0"
peasant,1,{(peasant)},0,1,0,"0,1,0"
peck,1,{(peck)},0,1,0,"0,1,0"
pecker,2,{(peck)}>er>,0,1,1,"0,1,1"
pedagogy,2,{(pedagogue)>y>},0,1,1,"0,1,1"
pedal,2,{(podo)>al>},0,1,1,"0,1,1"
peddling,1,{(peddle)},0,1,0,"0,1,0"
pedestrians,1,{(pedestrian)},0,1,0,"0,1,0"
pedicure,2,{(podo)(cure)},0,2,0,"0,2,0"
pee,1,{(pee)},0,1,0,"0,1,0"
pelvis,1,{(pelvis)},0,1,0,"0,1,0"
penalties,2,{(penal)>ity>},0,1,1,"0,1,1"
penance,1,{(penance)},0,1,0,"0,1,0"
penchant,1,{(penchant)},0,1,0,"0,1,0"
peninsula,1,{(peninsula)},0,1,0,"0,1,0"
peninsular,2,{(peninsula)}>ar>,0,1,1,"0,1,1"
penis,1,{(penis)},0,1,0,"0,1,0"
penitent,2,{(penit)>ant>},0,1,1,"0,1,1"
penitentiary,3,{(penit)>ant>>ory>},0,1,2,"0,1,2"
pennsylvania,1,{(pennsylvania)},0,1,0,"0,1,0"
penny,1,{(penny)},0,1,0,"0,1,0"
pension,1,{(pension)},0,1,0,"0,1,0"
pensioner,2,{(pension)}>er>,0,1,1,"0,1,1"
pentagram,2,{<penta<(gram)},1,1,0,"1,1,0"
penthouse,2,{<pent<(house)},1,1,0,"1,1,0"
penultimate,3,(pen){(ultim)>ate>},0,2,1,"0,2,1"
people,1,{(people)},0,1,0,"0,1,0"
pepper,1,{(pepper)},0,1,0,"0,1,0"
peppermint,2,{(pepper)}{(mint)},0,2,0,"0,2,0"
pepperoni,1,{(pepperoni)},0,1,0,"0,1,0"
peptide,2,{(pepsia)>ide>},0,1,1,"0,1,1"
percent,1,{(percent)},0,1,0,"0,1,0"
perch,1,{(perch)},0,1,0,"0,1,0"
peregrine,1,{(peregrine)},0,1,0,"0,1,0"
perennial,3,{<per<(ann)>al>},1,1,1,"1,1,1"
perfect,2,{<per<(fect)},1,1,0,"1,1,0"
perfection,3,{<per<(fect)}>ion>,1,1,1,"1,1,1"
performer,2,{(perform)}>er>,0,1,1,"0,1,1"
performing,1,{(perform)},0,1,0,"0,1,0"
peri,1,{(peri)},0,1,0,"0,1,0"
perimeter,2,{<peri<(meter)},1,1,0,"1,1,0"
periodicity,3,{(period)}>ic>>ity>,0,1,2,"0,1,2"
periphery,3,{<peri<(pher)>y>},1,1,1,"1,1,1"
perjury,3,{<per<(jur)}>y>,1,1,1,"1,1,1"
permanent,2,{(perman)>ant>},0,1,1,"0,1,1"
permeability,3,{(perme)>able>}>ity>,0,1,2,"0,1,2"
permission,2,{(permit)}>ion>,0,1,1,"0,1,1"
permutation,3,{<per<(mute)}>ion>,1,1,1,"1,1,1"
perseverance,2,{(persevere)}>ance>,0,1,1,"0,1,1"
persevering,1,{(persevere)},0,1,0,"0,1,0"
persimmon,1,{(persimmon)},0,1,0,"0,1,0"
persistence,3,{<per<(sist)}>ance>,1,1,1,"1,1,1"
person,1,{(person)},0,1,0,"0,1,0"
personality,3,{(person)}>al>>ity>,0,1,2,"0,1,2"
personalization,4,{(person)}>al>>ize>>ion>,0,1,3,"0,1,3"
perspective,3,{<per<(spect)>ive>},1,1,1,"1,1,1"
perturbation,3,{(perturb)}>ate>>ion>,0,1,2,"0,1,2"
pervert,1,{(pervert)},0,1,0,"0,1,0"
pesticide,2,{(pest)}(cide),0,2,0,"0,2,0"
pestilence,2,{(pest)>ance>},0,1,1,"0,1,1"
pestle,1,{(pestle)},0,1,0,"0,1,0"
petition,1,{(petition)},0,1,0,"0,1,0"
petrochemical,4,(petro){(chem)>ic>>al>},0,2,2,"0,2,2"
petroleum,2,{(petrol)>ium>},0,1,1,"0,1,1"
pewter,1,{(pewter)},0,1,0,"0,1,0"
phalanx,1,{(phalanx)},0,1,0,"0,1,0"
phallus,2,{(phallo)>us>},0,1,1,"0,1,1"
pharmacies,2,{(pharma)>y>},0,1,1,"0,1,1"
pharmacology,3,{(pharma)(log)>y>},0,2,1,"0,2,1"
pharmacy,2,{(pharma)>y>},0,1,1,"0,1,1"
phenomena,2,{(phenomen)>a>},0,1,1,"0,1,1"
philadelphia,1,{(philadelphia)},0,1,0,"0,1,0"
philanthropist,3,{(philo)(anthropo)}>ist>,0,2,1,"0,2,1"
philanthropy,3,{(philo)(anthropo)}>y>,0,2,1,"0,2,1"
philharmonic,3,{(philo)(harmon)>ic>},0,2,1,"0,2,1"
philology,3,{(philo)(log)>y>},0,2,1,"0,2,1"
philosopher,3,{(philo)(soph)>er>},0,2,1,"0,2,1"
philosophies,3,{(philo)(soph)>y>},0,2,1,"0,2,1"
philosophy,3,{(philo)(soph)>y>},0,2,1,"0,2,1"
phone,1,{(phon)},0,1,0,"0,1,0"
phonetics,2,{(phon)>ics>},0,1,1,"0,1,1"
phoney,1,{(phoney)},0,1,0,"0,1,0"
phonics,2,{(phon)>ics>},0,1,1,"0,1,1"
phonograph,2,{(phon)(graph)},0,2,0,"0,2,0"
phonology,3,{(phon)(log)>y>},0,2,1,"0,2,1"
phosphate,2,{(phosphor)>ate>},0,1,1,"0,1,1"
phosphorus,3,{(phosphor)>or>}>us>,0,1,2,"0,1,2"
photocopy,2,(photo){(copy)},0,2,0,"0,2,0"
photograph,2,{(photo)(graph)},0,2,0,"0,2,0"
photographer,3,{(photo)(graph)>er>},0,2,1,"0,2,1"
photography,3,{(photo)(graph)>y>},0,2,1,"0,2,1"
photosynthesis,4,(photo){<syn<(thes)>sis>},1,2,1,"1,2,1"
physical,3,{(phys)>ic>>al>},0,1,2,"0,1,2"
physicist,3,{(phys)>ic>>ist>},0,1,2,"0,1,2"
physio,1,{(phys)},0,1,0,"0,1,0"
physiologist,3,{(phys)(log)>ist>},0,2,1,"0,2,1"
physiology,3,{(phys)(log)>y>},0,2,1,"0,2,1"
physiotherapist,3,(phys){(therap)>ist>},0,2,1,"0,2,1"
physiotherapy,3,(phys){(therap)>y>},0,2,1,"0,2,1"
physique,1,{(physique)},0,1,0,"0,1,0"
piazza,1,{(piazza)},0,1,0,"0,1,0"
pickle,1,{(pickle)},0,1,0,"0,1,0"
pickpocket,2,{(pick)}{(pocket)},0,2,0,"0,2,0"
pickup,2,{(pick)}{(up)},0,2,0,"0,2,0"
pidgin,1,{(pidgin)},0,1,0,"0,1,0"
piece,1,{(piece)},0,1,0,"0,1,0"
pierce,1,{(pierce)},0,1,0,"0,1,0"
piggyback,3,{(pig)}>y>{(back)},0,2,1,"0,2,1"
pile,1,{(pile)},0,1,0,"0,1,0"
pilgrim,1,{(pilgrim)},0,1,0,"0,1,0"
pilgrimage,2,{(pilgrim)}>age>,0,1,1,"0,1,1"
pill,1,{(pill)},0,1,0,"0,1,0"
pillaging,1,{(pillage)},0,1,0,"0,1,0"
pillar,1,{(pillar)},0,1,0,"0,1,0"
pillowcase,2,{(pillow)}{(case)},0,2,0,"0,2,0"
pinball,2,{(pin)}{(ball)},0,2,0,"0,2,0"
pineapple,2,{(pine)}{(apple)},0,2,0,"0,2,0"
pinewood,2,{(pine)}{(wood)},0,2,0,"0,2,0"
pint,1,{(pint)},0,1,0,"0,1,0"
pinto,1,{(pinto)},0,1,0,"0,1,0"
pipeline,2,{(pipe)}{(line)},0,2,0,"0,2,0"
piper,2,{(pipe)}>er>,0,1,1,"0,1,1"
piracy,1,{(piracy)},0,1,0,"0,1,0"
piranha,1,{(piranha)},0,1,0,"0,1,0"
pis,1,{(pi)},0,1,0,"0,1,0"
pit,1,{(pit)},0,1,0,"0,1,0"
pitcher,2,{(pitch)}>er>,0,1,1,"0,1,1"
pitchfork,2,{(pitch)}{(fork)},0,2,0,"0,2,0"
pitfall,2,{(pit)}{(fall)},0,2,0,"0,2,0"
pitman,2,{(pit)(man)},0,2,0,"0,2,0"
pittance,1,{(pittance)},0,1,0,"0,1,0"
pixie,1,{(pixie)},0,1,0,"0,1,0"
placebo,1,{(placebo)},0,1,0,"0,1,0"
placement,2,{(place)}>ment>,0,1,1,"0,1,1"
planet,1,{(planet)},0,1,0,"0,1,0"
plant,1,{(plant)},0,1,0,"0,1,0"
plantation,2,{(plant)}>ion>,0,1,1,"0,1,1"
plaster,1,{(plaster)},0,1,0,"0,1,0"
plate,1,{(plate)},0,1,0,"0,1,0"
plausibility,2,{(plausible)}>ity>,0,1,1,"0,1,1"
play,1,{(play)},0,1,0,"0,1,0"
playback,2,{(play)}{(back)},0,2,0,"0,2,0"
playboy,2,{(play)}{(boy)},0,2,0,"0,2,0"
playfulness,3,{(play)}>ful>>ness>,0,1,2,"0,1,2"
playground,2,{(play)}{(ground)},0,2,0,"0,2,0"
playhouse,2,{(play)}{(house)},0,2,0,"0,2,0"
playmate,2,{(play)}{(mate)},0,2,0,"0,2,0"
playoff,2,{(play)}{(off)},0,2,0,"0,2,0"
playroom,2,{(play)}{(room)},0,2,0,"0,2,0"
plaything,2,{(play)}{(thing)},0,2,0,"0,2,0"
playtime,2,{(play)}{(time)},0,2,0,"0,2,0"
playwright,2,{(play)}{(wright)},0,2,0,"0,2,0"
pleading,1,{(plead)},0,1,0,"0,1,0"
pleasant,2,{(please)>ant>},0,1,1,"0,1,1"
pleasantries,3,{(please)>ant>}>ory>,0,1,2,"0,1,2"
pleasure,2,{(please)>ure>},0,1,1,"0,1,1"
plenipotentiary,4,{(plen)(pot)>ant>>ory>},0,2,2,"0,2,2"
plethora,1,{(plethora)},0,1,0,"0,1,0"
pliers,2,{(ply)}>er>,0,1,1,"0,1,1"
plop,1,{(plop)},0,1,0,"0,1,0"
plotting,1,{(plot)},0,1,0,"0,1,0"
ploughing,1,{(plough)},0,1,0,"0,1,0"
plover,1,{(plover)},0,1,0,"0,1,0"
plow,1,{(plow)},0,1,0,"0,1,0"
plumber,2,{(plumb)}>er>,0,1,1,"0,1,1"
plume,1,{(plume)},0,1,0,"0,1,0"
plunder,1,{(plunder)},0,1,0,"0,1,0"
pluralism,2,{(plural)}>ism>,0,1,1,"0,1,1"
plurality,2,{(plural)}>ity>,0,1,1,"0,1,1"
pneumonia,1,{(pneumonia)},0,1,0,"0,1,0"
poacher,2,{(poach)}>er>,0,1,1,"0,1,1"
pocketbook,2,{(pocket)}{(book)},0,2,0,"0,2,0"
pod,1,{(podo)},0,1,0,"0,1,0"
poetry,2,{(poet)}>ory>,0,1,1,"0,1,1"
pointer,2,{(point)}>er>,0,1,1,"0,1,1"
poker,2,{(poke)}>er>,0,1,1,"0,1,1"
pole,1,{(pole)},0,1,0,"0,1,0"
policeman,2,{(police)}(man),0,2,0,"0,2,0"
policemen,2,{(police)}(men),0,2,0,"0,2,0"
policewoman,2,{(police)}(woman),0,2,0,"0,2,0"
politeness,2,{(polite)}>ness>,0,1,1,"0,1,1"
politico,2,{(politic)}>o>,0,1,1,"0,1,1"
pollard,1,{(pollard)},0,1,0,"0,1,0"
pollination,3,{(pollen)>ate>}>ion>,0,1,2,"0,1,2"
polo,1,{(polo)},0,1,0,"0,1,0"
polygon,2,{<poly<(gon)},1,1,0,"1,1,0"
polynomial,3,{<poly<(nom)>al>},1,1,1,"1,1,1"
polystyrene,2,{<poly<(styrene)},1,1,0,"1,1,0"
polytechnic,3,<poly<{(tech)>ic>},1,1,1,"1,1,1"
polyurethane,2,{<poly<(urethane)},1,1,0,"1,1,0"
pomegranate,1,{(pomegranate)},0,1,0,"0,1,0"
pomp,1,{(pomp)},0,1,0,"0,1,0"
ponies,1,{(pony)},0,1,0,"0,1,0"
pontiff,1,{(pontiff)},0,1,0,"0,1,0"
ponytail,2,{(pony)}{(tail)},0,2,0,"0,2,0"
pool,1,{(pool)},0,1,0,"0,1,0"
popcorn,2,{(pop)}{(corn)},0,2,0,"0,2,0"
poplar,1,{(poplar)},0,1,0,"0,1,0"
popper,2,{(pop)}>er>,0,1,1,"0,1,1"
poppies,1,{(poppy)},0,1,0,"0,1,0"
poppy,1,{(poppy)},0,1,0,"0,1,0"
popular,2,{(popul)>ar>},0,1,1,"0,1,1"
popularity,3,{(popul)>ar>}>ity>,0,1,2,"0,1,2"
populism,2,{(popul)>ism>},0,1,1,"0,1,1"
populist,2,{(popul)>ist>},0,1,1,"0,1,1"
porcupine,1,{(porcupine)},0,1,0,"0,1,0"
pore,1,{(pore)},0,1,0,"0,1,0"
porn,1,{(porn)},0,1,0,"0,1,0"
pornography,3,{(porn)(graph)>y>},0,2,1,"0,2,1"
porosity,3,{(pore)}>ose>>ity>,0,1,2,"0,1,2"
porridge,1,{(porridge)},0,1,0,"0,1,0"
port,1,{(port)},0,1,0,"0,1,0"
portability,3,{(port)}>able>>ity>,0,1,2,"0,1,2"
portage,2,{(port)}>age>,0,1,1,"0,1,1"
porter,2,{(port)}>er>,0,1,1,"0,1,1"
portfolio,2,{(port)(folio)},0,2,0,"0,2,0"
portmanteau,1,{(portmanteau)},0,1,0,"0,1,0"
portraiture,2,{(portray)}>ure>,0,1,1,"0,1,1"
portugal,1,{(portugal)},0,1,0,"0,1,0"
poser,2,{(pose)}>er>,0,1,1,"0,1,1"
position,2,{(posit)>ion>},0,1,1,"0,1,1"
positive,2,{(posit)>ive>},0,1,1,"0,1,1"
posse,1,{(posse)},0,1,0,"0,1,0"
possession,2,{(possess)}>ion>,0,1,1,"0,1,1"
possessive,2,{(possess)}>ive>,0,1,1,"0,1,1"
possibilities,2,{(possible)}>ity>,0,1,1,"0,1,1"
possibility,2,{(possible)}>ity>,0,1,1,"0,1,1"
possible,1,{(possible)},0,1,0,"0,1,0"
postal,2,{(post)}>al>,0,1,1,"0,1,1"
postcard,2,{(post)}{(card)},0,2,0,"0,2,0"
postcode,2,{(post)}{(code)},0,2,0,"0,2,0"
posterity,1,{(posterity)},0,1,0,"0,1,0"
postgraduate,2,<post<{(graduate)},1,1,0,"1,1,0"
postman,2,{(post)}(man),0,2,0,"0,2,0"
postmaster,2,{(post)}{(master)},0,2,0,"0,2,0"
postmortem,3,<post<{(mort)>em>},1,1,1,"1,1,1"
potash,2,{(pot)}{(ash)},0,2,0,"0,2,0"
potato,1,{(potato)},0,1,0,"0,1,0"
potential,3,{(pot)>ant>>al>},0,1,2,"0,1,2"
pothole,2,{(pot)}{(hole)},0,2,0,"0,2,0"
potion,1,{(potion)},0,1,0,"0,1,0"
potluck,2,{(pot)}{(luck)},0,2,0,"0,2,0"
potter,2,{(pot)}>er>,0,1,1,"0,1,1"
pout,1,{(pout)},0,1,0,"0,1,0"
poverty,2,{(pover)>ity>},0,1,1,"0,1,1"
powerful,2,{(power)}>ful>,0,1,1,"0,1,1"
powerhouse,2,{(power)}{(house)},0,2,0,"0,2,0"
pox,1,{(pox)},0,1,0,"0,1,0"
practice,2,{(pract)>ice>},0,1,1,"0,1,1"
prankster,2,{(prank)}>ster>,0,1,1,"0,1,1"
prawn,1,{(prawn)},0,1,0,"0,1,0"
preaching,1,{(preach)},0,1,0,"0,1,0"
precaution,3,{<pre<(caut)>ion>},1,1,1,"1,1,1"
precept,2,{<pre<(cept)},1,1,0,"1,1,0"
precondition,2,<pre<{(condition)},1,1,0,"1,1,0"
precursor,3,{<pre<(curse)>or>},1,1,1,"1,1,1"
predestination,3,<pre<{(destine)}>ion>,1,1,1,"1,1,1"
predicament,3,{<pre<(dict)>ment>},1,1,1,"1,1,1"
predictability,4,{<pre<(dict)}>able>>ity>,1,1,2,"1,1,2"
prediction,3,{<pre<(dict)}>ion>,1,1,1,"1,1,1"
predilection,2,{(predilect)>ion>},0,1,1,"0,1,1"
preface,2,{<pre<(face)},1,1,0,"1,1,0"
preference,2,{(prefer)}>ance>,0,1,1,"0,1,1"
prefix,2,<pre<{(fix)},1,1,0,"1,1,0"
prehistory,3,<pre<{(history)>y>},1,1,1,"1,1,1"
prejudice,2,{<pre<(judic)},1,1,0,"1,1,0"
prelate,1,{(prelate)},0,1,0,"0,1,0"
preliminaries,3,{<pre<(limin)>ory>},1,1,1,"1,1,1"
preliminary,3,{<pre<(limin)>ory>},1,1,1,"1,1,1"
prelude,1,{(prelude)},0,1,0,"0,1,0"
premier,1,{(premier)},0,1,0,"0,1,0"
premise,1,{(premise)},0,1,0,"0,1,0"
premonition,3,{<pre<(monit)>ion>},1,1,1,"1,1,1"
preoccupation,3,<pre<{(occupy)>ion>},1,1,1,"1,1,1"
preparation,2,{(prepare)}>ion>,0,1,1,"0,1,1"
preparedness,2,{(prepare)}>ness>,0,1,1,"0,1,1"
preponderance,2,{(preponder)>ance>},0,1,1,"0,1,1"
prerequisite,3,<pre<{<re<(quire)},2,1,0,"2,1,0"
prerogative,3,{<pre<(rog)>ive>},1,1,1,"1,1,1"
presence,1,{(presence)},0,1,0,"0,1,0"
preservation,3,{<pre<(serve)}>ion>,1,1,1,"1,1,1"
preservative,3,{<pre<(serve)}>ive>,1,1,1,"1,1,1"
preset,2,<pre<{(set)},1,1,0,"1,1,0"
president,2,{(preside)>ant>},0,1,1,"0,1,1"
presser,2,{(press)}>er>,0,1,1,"0,1,1"
pressure,2,{(press)>ure>},0,1,1,"0,1,1"
pretence,1,{(pretence)},0,1,0,"0,1,0"
pretzel,1,{(pretzel)},0,1,0,"0,1,0"
prevalence,3,{<pre<(val)>ance>},1,1,1,"1,1,1"
prevention,2,{(prevent)}>ion>,0,1,1,"0,1,1"
preview,2,<pre<{(view)},1,1,0,"1,1,0"
prick,1,{(prick)},0,1,0,"0,1,0"
priest,1,{(priest)},0,1,0,"0,1,0"
priestess,2,{(priest)}>ess>,0,1,1,"0,1,1"
priesthood,2,{(priest)}>hood>,0,1,1,"0,1,1"
prime,1,{(prim)},0,1,0,"0,1,0"
primer,2,{(prim)}>er>,0,1,1,"0,1,1"
prince,1,{(prince)},0,1,0,"0,1,0"
principal,1,{(principal)},0,1,0,"0,1,0"
principalities,2,{(principal)}>ity>,0,1,1,"0,1,1"
principality,2,{(principal)}>ity>,0,1,1,"0,1,1"
printmaking,2,{(print)}{(make)},0,2,0,"0,2,0"
printout,2,{(print)}{(out)},0,2,0,"0,2,0"
prismatic,1,{(prismatic)},0,1,0,"0,1,0"
prisoner,2,{(prison)}>er>,0,1,1,"0,1,1"
privacy,1,{(privacy)},0,1,0,"0,1,0"
probation,3,{(prob)>ate>}>ion>,0,1,2,"0,1,2"
probe,1,{(prob)},0,1,0,"0,1,0"
processor,3,{<pro<(cess)}>or>,1,1,1,"1,1,1"
proclamation,3,{<pro<(claim)}>ion>,1,1,1,"1,1,1"
procrastination,2,{(procrastinate)}>ion>,0,1,1,"0,1,1"
procreation,3,{<pro<(create)}>ion>,1,1,1,"1,1,1"
proctor,1,{(proctor)},0,1,0,"0,1,0"
procuring,1,{(procure)},0,1,0,"0,1,0"
prodigy,2,{(prodig)>y>},0,1,1,"0,1,1"
producer,3,{<pro<(duct)}>er>,1,1,1,"1,1,1"
producing,2,{<pro<(duct)},1,1,0,"1,1,0"
production,3,{<pro<(duct)}>ion>,1,1,1,"1,1,1"
professor,2,{(profess)>or>},0,1,1,"0,1,1"
professorship,3,{(profess)>or>}>ship>,0,1,2,"0,1,2"
profit,1,{(profit)},0,1,0,"0,1,0"
profitability,3,{(profit)}>able>>ity>,0,1,2,"0,1,2"
progeny,1,{(progeny)},0,1,0,"0,1,0"
prognosis,3,{<pro<(gnose)>sis>},1,1,1,"1,1,1"
programme,1,{(programme)},0,1,0,"0,1,0"
programmer,2,{(program)}>er>,0,1,1,"0,1,1"
prolapse,1,{(prolapse)},0,1,0,"0,1,0"
proliferation,2,{(proliferate)}>ion>,0,1,1,"0,1,1"
prologue,2,{<pro<(log)},1,1,0,"1,1,0"
prominence,2,{(promin)>ance>},0,1,1,"0,1,1"
promiscuity,2,{(promiscu)>ity>},0,1,1,"0,1,1"
promise,1,{(promise)},0,1,0,"0,1,0"
promoter,3,{<pro<(mot)}>er>,1,1,1,"1,1,1"
pronouncement,2,{(pronounce)}>ment>,0,1,1,"0,1,1"
pronto,1,{(pronto)},0,1,0,"0,1,0"
pronunciation,2,{(pronounce)}>ion>,0,1,1,"0,1,1"
prop,1,{(prop)},0,1,0,"0,1,0"
propagandist,3,{(propag)>anda>>ist>},0,1,2,"0,1,2"
propagation,3,{(propag)>ate>}>ion>,0,1,2,"0,1,2"
propensity,2,{(propens)>ity>},0,1,1,"0,1,1"
proposal,3,{<pro<(pose)}>al>,1,1,1,"1,1,1"
proposing,2,{<pro<(pose)},1,1,0,"1,1,0"
propulsion,3,{<pro<(pulse)>ion>},1,1,1,"1,1,1"
propylene,1,{(propylene)},0,1,0,"0,1,0"
prosecution,3,{<pro<(secute)}>ion>,1,1,1,"1,1,1"
prospect,2,{<pro<(spect)},1,1,0,"1,1,0"
prosper,1,{(prosper)},0,1,0,"0,1,0"
prosthesis,3,{<pros<(thes)>sis>},1,1,1,"1,1,1"
protagonist,3,{(proto)(agon)>ist>},0,2,1,"0,2,1"
protectionist,3,{(protect)}>ion>>ist>,0,1,2,"0,1,2"
protective,2,{(protect)}>ive>,0,1,1,"0,1,1"
protector,2,{(protect)}>or>,0,1,1,"0,1,1"
protein,1,{(protein)},0,1,0,"0,1,0"
protest,1,{(protest)},0,1,0,"0,1,0"
protester,2,{(protest)}>er>,0,1,1,"0,1,1"
prototype,2,{(proto)(typo)},0,2,0,"0,2,0"
prove,1,{(prove)},0,1,0,"0,1,0"
provide,2,{<pro<(vide)},1,1,0,"1,1,0"
providence,3,{<pro<(vide)>ance>},1,1,1,"1,1,1"
province,1,{(province)},0,1,0,"0,1,0"
provision,3,{<pro<(vide)}>ion>,1,1,1,"1,1,1"
proviso,1,{(proviso)},0,1,0,"0,1,0"
provoke,1,{(provoke)},0,1,0,"0,1,0"
prudential,3,{(prud)>ance>}>al>,0,1,2,"0,1,2"
prune,1,{(prune)},0,1,0,"0,1,0"
psalms,1,{(psalm)},0,1,0,"0,1,0"
pseudo,1,{(pseudo)},0,1,0,"0,1,0"
pseudonym,2,{(pseudo)(nym)},0,2,0,"0,2,0"
psychiatrist,3,{(psycho)>ater>>ist>},0,1,2,"0,1,2"
psycho,1,{(psycho)},0,1,0,"0,1,0"
psychoanalysis,2,(psycho){(analysis)},0,2,0,"0,2,0"
psychoanalyst,2,(psycho){(analyst)},0,2,0,"0,2,0"
psychologist,3,{(psycho)(log)>ist>},0,2,1,"0,2,1"
psychology,3,{(psycho)(log)>y>},0,2,1,"0,2,1"
psychopath,2,{(psycho)(patho)},0,2,0,"0,2,0"
psychotherapist,3,(psycho){(therap)>ist>},0,2,1,"0,2,1"
psychotherapy,3,(psycho){(therap)>y>},0,2,1,"0,2,1"
pub,1,{(pube)},0,1,0,"0,1,0"
public,1,{(public)},0,1,0,"0,1,0"
publican,2,{(public)}>ian>,0,1,1,"0,1,1"
publicist,2,{(public)}>ist>,0,1,1,"0,1,1"
publicizing,2,{(public)}>ize>,0,1,1,"0,1,1"
publisher,2,{(publish)}>er>,0,1,1,"0,1,1"
publishing,1,{(publish)},0,1,0,"0,1,0"
pudding,1,{(pudding)},0,1,0,"0,1,0"
pueblo,1,{(pueblo)},0,1,0,"0,1,0"
puff,1,{(puff)},0,1,0,"0,1,0"
puffer,2,{(puff)}>er>,0,1,1,"0,1,1"
puffin,1,{(puffin)},0,1,0,"0,1,0"
pug,1,{(pug)},0,1,0,"0,1,0"
pullback,2,{(pull)}{(back)},0,2,0,"0,2,0"
pulley,1,{(pulley)},0,1,0,"0,1,0"
pullout,2,{(pull)}{(out)},0,2,0,"0,2,0"
pullover,2,{(pull)}{(over)},0,2,0,"0,2,0"
pulp,1,{(pulp)},0,1,0,"0,1,0"
pulpit,1,{(pulpit)},0,1,0,"0,1,0"
pulsar,2,{(pulse)>ar>},0,1,1,"0,1,1"
pulsating,2,{(pulse)}>ate>,0,1,1,"0,1,1"
pumice,1,{(pumice)},0,1,0,"0,1,0"
punch,1,{(punch)},0,1,0,"0,1,0"
punctuality,2,{(punctual)}>ity>,0,1,1,"0,1,1"
punctuation,2,{(punctuate)}>ion>,0,1,1,"0,1,1"
puncture,1,{(puncture)},0,1,0,"0,1,0"
punishment,3,{(pun)>ish>}>ment>,0,1,2,"0,1,2"
punter,2,{(punt)}>er>,0,1,1,"0,1,1"
pup,1,{(pup)},0,1,0,"0,1,0"
pupil,1,{(pupil)},0,1,0,"0,1,0"
puppies,1,{(puppy)},0,1,0,"0,1,0"
purchaser,2,{(purchase)}>er>,0,1,1,"0,1,1"
purgatory,2,{(purge)>ory>},0,1,1,"0,1,1"
purifying,2,{(pure)}>ify>,0,1,1,"0,1,1"
puritan,1,{(puritan)},0,1,0,"0,1,0"
purity,2,{(pure)}>ity>,0,1,1,"0,1,1"
purpose,1,{(purpose)},0,1,0,"0,1,0"
purview,1,{(purview)},0,1,0,"0,1,0"
pushover,2,{(push)}{(over)},0,2,0,"0,2,0"
pussycat,3,{(puss)}>y>{(cat)},0,2,1,"0,2,1"
puzzle,1,{(puzzle)},0,1,0,"0,1,0"
pyre,1,{(pyre)},0,1,0,"0,1,0"
pyrotechnics,3,(pyro){(tech)>ics>},0,2,1,"0,2,1"
python,1,{(python)},0,1,0,"0,1,0"
quack,1,{(quack)},0,1,0,"0,1,0"
quagmire,1,{(quagmire)},0,1,0,"0,1,0"
qualification,2,{(qualify)}>ion>,0,1,1,"0,1,1"
qualifier,2,{(qualify)}>er>,0,1,1,"0,1,1"
qualities,2,{(qualit)>y>},0,1,1,"0,1,1"
quantification,3,{(quant)>ify>}>ion>,0,1,2,"0,1,2"
quantities,2,{(quant)>ity>},0,1,1,"0,1,1"
quantity,2,{(quant)>ity>},0,1,1,"0,1,1"
quantum,1,{(quantum)},0,1,0,"0,1,0"
quarantine,1,{(quarantine)},0,1,0,"0,1,0"
quark,1,{(quark)},0,1,0,"0,1,0"
quarries,1,{(quarry)},0,1,0,"0,1,0"
quarterback,2,{(quarter)}{(back)},0,2,0,"0,2,0"
quarterfinal,2,{(quarter)}{(final)},0,2,0,"0,2,0"
quartermaster,2,{(quarter)}{(master)},0,2,0,"0,2,0"
quay,1,{(quay)},0,1,0,"0,1,0"
queen,1,{(queen)},0,1,0,"0,1,0"
quest,1,{(quest)},0,1,0,"0,1,0"
question,1,{(question)},0,1,0,"0,1,0"
questioner,2,{(question)}>er>,0,1,1,"0,1,1"
questionnaire,2,{(question)}>aire>,0,1,1,"0,1,1"
quickie,2,{(quick)}>y>,0,1,1,"0,1,1"
quicksand,2,{(quick)}{(sand)},0,2,0,"0,2,0"
quiet,1,{(quiet)},0,1,0,"0,1,0"
quill,1,{(quill)},0,1,0,"0,1,0"
quintet,2,{(quint)}>et>},0,1,1,"0,1,1"
quip,1,{(quip)},0,1,0,"0,1,0"
rabbit,1,{(rabbit)},0,1,0,"0,1,0"
rabble,1,{(rabble)},0,1,0,"0,1,0"
rabies,1,{(rabies)},0,1,0,"0,1,0"
racecourse,2,{(race)}{(course)},0,2,0,"0,2,0"
racehorse,2,{(race)}{(horse)},0,2,0,"0,2,0"
racetrack,2,{(race)}{(track)},0,2,0,"0,2,0"
raceway,2,{(race)}{(way)},0,2,0,"0,2,0"
racism,2,{(race)}>ism>,0,1,1,"0,1,1"
racist,2,{(race)}>ist>,0,1,1,"0,1,1"
rack,1,{(rack)},0,1,0,"0,1,0"
racquet,1,{(racquet)},0,1,0,"0,1,0"
radial,2,{(radio)>al>},0,1,1,"0,1,1"
radiation,3,{(radio)>ate>}>ion>,0,1,2,"0,1,2"
radicalism,3,{(radic)>al>}>ism>,0,1,2,"0,1,2"
radii,2,{(radio)>i>},0,1,1,"0,1,1"
radioactivity,4,(radio){(act)}>ive>>ity>,0,2,2,"0,2,2"
radiocarbon,2,(radio){(carbon)},0,2,0,"0,2,0"
radiography,3,{(radio)(graph)>y>},0,2,1,"0,2,1"
radiologist,3,{(radio)(log)>ist>},0,2,1,"0,2,1"
radiology,3,{(radio)(log)>y>},0,2,1,"0,2,1"
radiotherapy,3,(radio){(therap)>y>},0,2,1,"0,2,1"
radium,1,{(radium)},0,1,0,"0,1,0"
radius,2,{(radio)>us>},0,1,1,"0,1,1"
ragtime,2,{(rag)}{(time)},0,2,0,"0,2,0"
railroad,2,{(rail)}{(road)},0,2,0,"0,2,0"
railway,2,{(rail)}{(way)},0,2,0,"0,2,0"
rain,1,{(rain)},0,1,0,"0,1,0"
rainbow,2,{(rain)}{(bow)},0,2,0,"0,2,0"
raincoat,2,{(rain)}{(coat)},0,2,0,"0,2,0"
rainfall,2,{(rain)}{(fall)},0,2,0,"0,2,0"
rainstorm,2,{(rain)}{(storm)},0,2,0,"0,2,0"
rainwater,2,{(rain)}{(water)},0,2,0,"0,2,0"
raiser,2,{(raise)}>er>,0,1,1,"0,1,1"
raisin,1,{(raisin)},0,1,0,"0,1,0"
rallies,1,{(rally)},0,1,0,"0,1,0"
ralph,1,{(ralph)},0,1,0,"0,1,0"
ram,1,{(ram)},0,1,0,"0,1,0"
rambler,2,{(ramble)}>er>,0,1,1,"0,1,1"
rampage,2,{(ramp)>age>},0,1,1,"0,1,1"
ranch,1,{(ranch)},0,1,0,"0,1,0"
rancher,2,{(ranch)}>er>,0,1,1,"0,1,1"
rancor,1,{(rancor)},0,1,0,"0,1,0"
randomness,2,{(random)}>ness>,0,1,1,"0,1,1"
ranger,2,{(range)}>er>,0,1,1,"0,1,1"
ransom,1,{(ransom)},0,1,0,"0,1,0"
rape,1,{(rape)},0,1,0,"0,1,0"
rapids,1,{(rapid)},0,1,0,"0,1,0"
rapport,1,{(rapport)},0,1,0,"0,1,0"
rarities,2,{(rare)}>ity>,0,1,1,"0,1,1"
raspberries,2,{(rasp)(berry)},0,2,0,"0,2,0"
raspberry,2,{(rasp)(berry)},0,2,0,"0,2,0"
ratchet,1,{(ratchet)},0,1,0,"0,1,0"
ratio,1,{(ratio)},0,1,0,"0,1,0"
rationality,2,{(rational)}>ity>,0,1,1,"0,1,1"
rattlesnake,2,{(rattle)}{(snake)},0,2,0,"0,2,0"
ravages,1,{(ravage)},0,1,0,"0,1,0"
ravine,1,{(ravine)},0,1,0,"0,1,0"
raving,1,{(rave)},0,1,0,"0,1,0"
rawhide,2,{(raw)}{(hide)},0,2,0,"0,2,0"
reaction,3,{<re<(act)}>ion>,1,1,1,"1,1,1"
reactionary,4,{<re<(act)}>ion>>ory>,1,1,2,"1,1,2"
reactivity,4,{<re<(act)}>ive>>ity>,1,1,2,"1,1,2"
reactor,3,{<re<(act)}>or>,1,1,1,"1,1,1"
reader,2,{(read)}>er>,0,1,1,"0,1,1"
readout,2,{(read)}{(out)},0,2,0,"0,2,0"
realignment,4,<re<{<a<(line)}>ment>,2,1,1,"2,1,1"
realist,2,{(real)}>ist>,0,1,1,"0,1,1"
realities,2,{(real)}>ity>,0,1,1,"0,1,1"
reality,2,{(real)}>ity>,0,1,1,"0,1,1"
reals,1,{(real)},0,1,0,"0,1,0"
reaper,2,{(reap)}>er>,0,1,1,"0,1,1"
reappearance,3,<re<{(appear)}>ance>,1,1,1,"1,1,1"
rear,1,{(rear)},0,1,0,"0,1,0"
rearguard,2,{(rear)}{(guard)},0,2,0,"0,2,0"
rearrangement,3,<re<{(arrange)}>ment>,1,1,1,"1,1,1"
reason,1,{(reason)},0,1,0,"0,1,0"
rebel,1,{(rebel)},0,1,0,"0,1,0"
rebirth,2,<re<{(birth)},1,1,0,"1,1,0"
rebuilding,2,<re<{(build)},1,1,0,"1,1,0"
recall,2,{<re<(call)},1,1,0,"1,1,0"
recap,2,{<re<(cap)},1,1,0,"1,1,0"
receding,2,{<re<(cede)},1,1,0,"1,1,0"
receipt,1,{(receipt)},0,1,0,"0,1,0"
receivership,4,{<re<(ceive)}>er>>ship>,1,1,2,"1,1,2"
receptionist,4,{<re<(cept)>ion>}>ist>,1,1,2,"1,1,2"
recess,2,{<re<(cess)},1,1,0,"1,1,0"
recidivism,2,{(recidiv)>ism>},0,1,1,"0,1,1"
recipient,1,{(recipient)},0,1,0,"0,1,0"
reciprocity,2,{(reciproc)>ity>},0,1,1,"0,1,1"
recital,3,{<re<(cite)}>al>,1,1,1,"1,1,1"
recitation,3,{<re<(cite)}>ion>,1,1,1,"1,1,1"
reciting,2,{<re<(cite)},1,1,0,"1,1,0"
recklessness,3,{(reck)}>less>>ness>,0,1,2,"0,1,2"
reclamation,3,{<re<(claim)}>ion>,1,1,1,"1,1,1"
recollection,2,{(recollect)}>ion>,0,1,1,"0,1,1"
recommendation,2,{(recommend)}>ion>,0,1,1,"0,1,1"
reconciling,2,{<re<(concile)},1,1,0,"1,1,0"
reconnaissance,1,{(reconnaissance)},0,1,0,"0,1,0"
reconsideration,3,<re<{(consider)}>ion>,1,1,1,"1,1,1"
recorder,2,{(record)}>er>,0,1,1,"0,1,1"
recourse,1,{(recourse)},0,1,0,"0,1,0"
recoveries,2,{(recover)}>y>,0,1,1,"0,1,1"
recovery,2,{(recover)}>y>,0,1,1,"0,1,1"
recreation,1,{(recreation)},0,1,0,"0,1,0"
recruiter,2,{(recruit)}>er>,0,1,1,"0,1,1"
recruitment,2,{(recruit)}>ment>,0,1,1,"0,1,1"
rectangle,2,{(rect)(angle)},0,2,0,"0,2,0"
rectifier,3,{(rect)>ify>}>er>,0,1,2,"0,1,2"
rectum,2,{(rect)>ium>},0,1,1,"0,1,1"
recuperating,1,{(recuperate)},0,1,0,"0,1,0"
recuperation,2,{(recuperate)}>ion>,0,1,1,"0,1,1"
recurrence,2,{(recur)}>ance>,0,1,1,"0,1,1"
recycling,2,<re<{(cycle)},1,1,0,"1,1,0"
red,1,{(red)},0,1,0,"0,1,0"
redding,1,{(redding)},0,1,0,"0,1,0"
redevelopment,3,<re<{(develop)}>ment>,1,1,1,"1,1,1"
redhead,2,{(red)}{(head)},0,2,0,"0,2,0"
redistribution,4,<re<{<dis<(tribute)}>ion>,2,1,1,"2,1,1"
redneck,2,{(red)}{(neck)},0,2,0,"0,2,0"
redundancy,3,{(redund)>ance>}>y>,0,1,2,"0,1,2"
redwood,2,{(red)}{(wood)},0,2,0,"0,2,0"
reed,1,{(reed)},0,1,0,"0,1,0"
reek,1,{(reek)},0,1,0,"0,1,0"
referral,2,{(refer)}>al>,0,1,1,"0,1,1"
refill,2,<re<{(fill)},1,1,0,"1,1,0"
refineries,2,{(refine)}>ory>,0,1,1,"0,1,1"
refinery,2,{(refine)}>ory>,0,1,1,"0,1,1"
refit,2,<re<{(fit)},1,1,0,"1,1,0"
reflector,3,{<re<(flect)}>or>,1,1,1,"1,1,1"
reflexive,3,{<re<(flex)}>ive>,1,1,1,"1,1,1"
reflux,2,<re<{(flux)},1,1,0,"1,1,0"
reforestation,3,<re<{(forest)}>ion>,1,1,1,"1,1,1"
reform,2,{<re<(form)},1,1,0,"1,1,0"
reformer,3,{<re<(form)}>er>,1,1,1,"1,1,1"
refreshment,3,{<re<(fresh)}>ment>,1,1,1,"1,1,1"
refrigeration,5,{<re<(frig)>er>>ate>}>ion>,1,1,3,"1,1,3"
refrigerator,5,{<re<(frig)>er>>ate>}>or>,1,1,3,"1,1,3"
refueling,2,<re<{(fuel)},1,1,0,"1,1,0"
refuge,1,{(refuge)},0,1,0,"0,1,0"
refund,2,{<re<(fund)},1,1,0,"1,1,0"
refusing,2,{<re<(fuse)},1,1,0,"1,1,0"
refutation,2,{(refute)}>ion>,0,1,1,"0,1,1"
regatta,1,{(regatta)},0,1,0,"0,1,0"
regency,2,{(regi)>ancy>},0,1,1,"0,1,1"
regenerating,3,{<re<(gener)>ate>},1,1,1,"1,1,1"
regime,1,{(regime)},0,1,0,"0,1,0"
region,1,{(region)},0,1,0,"0,1,0"
registrar,2,{(register)>ar>},0,1,1,"0,1,1"
regression,3,{<re<(gress)}>ion>,1,1,1,"1,1,1"
regret,1,{(regret)},0,1,0,"0,1,0"
regrouping,2,<re<{(group)},1,1,0,"1,1,0"
regularity,3,{(regul)>ar>}>ity>,0,1,2,"0,1,2"
regulars,2,{(regul)>ar>},0,1,1,"0,1,1"
rehabilitation,3,<re<{(habilitate)}>ion>,1,1,1,"1,1,1"
rehash,2,<re<{(hash)},1,1,0,"1,1,0"
reimbursement,4,<re<{<in<(burse)}>ment>,2,1,1,"2,1,1"
rein,1,{(rein)},0,1,0,"0,1,0"
reincarnation,5,<re<{<in<(carn)>ate>}>ion>,2,1,2,"2,1,2"
reindeer,2,{(rein)}{(deer)},0,2,0,"0,2,0"
reinforcing,3,<re<<in<{(force)},2,1,0,"2,1,0"
reinstating,3,<re<{<in<(stat)},2,1,0,"2,1,0"
reinsurance,4,<re<{<in<(sure)}>ance>,2,1,1,"2,1,1"
rejoicing,1,{(rejoice)},0,1,0,"0,1,0"
rejuvenating,3,{<re<(juven)>ate>},1,1,1,"1,1,1"
rejuvenation,4,{<re<(juven)>ate>}>ion>,1,1,2,"1,1,2"
relapse,2,{<re<(lapse)},1,1,0,"1,1,0"
relationship,3,{(relate)}>ion>>ship>,0,1,2,"0,1,2"
relative,2,{(relate)}>ive>,0,1,1,"0,1,1"
relativism,3,{(relate)}>ive>>ism>,0,1,2,"0,1,2"
relaxation,2,{(relax)}>ion>,0,1,1,"0,1,1"
release,1,{(release)},0,1,0,"0,1,0"
relic,1,{(relic)},0,1,0,"0,1,0"
relieving,1,{(relieve)},0,1,0,"0,1,0"
reliving,2,<re<{(live)},1,1,0,"1,1,0"
reload,2,<re<{(load)},1,1,0,"1,1,0"
remake,2,<re<{(make)},1,1,0,"1,1,0"
remark,1,{(remark)},0,1,0,"0,1,0"
remarriage,2,<re<{(marriage)},1,1,0,"1,1,0"
remedy,1,{(remedy)},0,1,0,"0,1,0"
remembrance,2,{(remember)>ance>},0,1,1,"0,1,1"
reminder,3,{<re<(mind)}>er>,1,1,1,"1,1,1"
reminds,2,{<re<(mind)},1,1,0,"1,1,0"
reminiscence,2,{(reminisce)}>ance>,0,1,1,"0,1,1"
reminiscent,2,{(reminisce)}>ant>,0,1,1,"0,1,1"
remittance,2,{(remit)}>ance>,0,1,1,"0,1,1"
remnant,1,{(remnant)},0,1,0,"0,1,0"
remodel,2,<re<{(model)},1,1,0,"1,1,0"
remoteness,2,{(remote)}>ness>,0,1,1,"0,1,1"
remuneration,3,{<re<(munerate)}>ion>,1,1,1,"1,1,1"
renaming,2,<re<{(name)},1,1,0,"1,1,0"
rendition,1,{(rendition)},0,1,0,"0,1,0"
renegade,1,{(renegade)},0,1,0,"0,1,0"
rent,1,{(rent)},0,1,0,"0,1,0"
rental,2,{(rent)}>al>,0,1,1,"0,1,1"
rep,1,{(rep)},0,1,0,"0,1,0"
repair,2,{<re<(pair)},1,1,0,"1,1,0"
repatriation,4,{<re<(pater)>ate>}>ion>,1,1,2,"1,1,2"
repaying,2,{<re<(pay)},1,1,0,"1,1,0"
repeal,1,{(repeal)},0,1,0,"0,1,0"
repeat,1,{(repeat)},0,1,0,"0,1,0"
repertory,1,{(repertory)},0,1,0,"0,1,0"
replenishment,4,{<re<(plen)>ish>}>ment>,1,1,2,"1,1,2"
replica,3,{<re<(plic)>a>},1,1,1,"1,1,1"
replicating,3,{(<re<(plic)>ate>)},1,2,1,"1,2,1"
report,2,{<re<(port)},1,1,0,"1,1,0"
reporter,3,{<re<(port)}>er>,1,1,1,"1,1,1"
repose,2,{<re<(pose)},1,1,0,"1,1,0"
representation,2,{(represent)}>ion>,0,1,1,"0,1,1"
representative,2,{(represent)}>ive>,0,1,1,"0,1,1"
reprimand,1,{(reprimand)},0,1,0,"0,1,0"
reprisal,2,{(reprise)}>al>,0,1,1,"0,1,1"
reprise,1,{(reprise)},0,1,0,"0,1,0"
reproach,1,{(reproach)},0,1,0,"0,1,0"
reptile,1,{(reptile)},0,1,0,"0,1,0"
republicanism,3,{(republic)}>ian>>ism>,0,1,2,"0,1,2"
repudiation,2,{(repudiate)}>ion>,0,1,1,"0,1,1"
repulsion,3,{<re<(pulse)}>ion>,1,1,1,"1,1,1"
reputation,2,{(repute)}>ion>,0,1,1,"0,1,1"
requirement,3,{<re<(quire)}>ment>,1,1,1,"1,1,1"
requisition,3,{<re<(quire)}>ion>,1,1,1,"1,1,1"
rerun,2,<re<{(run)},1,1,0,"1,1,0"
rescue,1,{(rescue)},0,1,0,"0,1,0"
research,2,{<re<(search)},1,1,0,"1,1,0"
resemblance,3,{<re<(semble)}>ance>,1,1,1,"1,1,1"
reserve,1,{(reserve)},0,1,0,"0,1,0"
reservoir,1,{(reservoir)},0,1,0,"0,1,0"
reset,2,<re<{(set)},1,1,0,"1,1,0"
resetting,2,<re<{(set)},1,1,0,"1,1,0"
residencies,3,{(reside)>ance>}>y>,0,1,2,"0,1,2"
residency,3,{(reside)>ance>}>y>,0,1,2,"0,1,2"
resident,2,{(reside)>ant>},0,1,1,"0,1,1"
residing,1,{(reside)},0,1,0,"0,1,0"
residue,1,{(residue)},0,1,0,"0,1,0"
resignation,2,{(resign)}>ion>,0,1,1,"0,1,1"
resigns,1,{(resign)},0,1,0,"0,1,0"
resilience,2,{(resili)>ance>},0,1,1,"0,1,1"
resonating,3,{<re<(sono)>ate>},1,1,1,"1,1,1"
resonator,4,{<re<(sono)>ate>}>or>,1,1,2,"1,1,2"
resourcefulness,3,{(resource)}>ful>>ness>,0,1,2,"0,1,2"
respectability,3,{(respect)}>able>>ity>,0,1,2,"0,1,2"
respiration,3,{<re<(spir)}>ion>,1,1,1,"1,1,1"
responsibilities,2,{(responsible)}>ity>,0,1,1,"0,1,1"
responsibility,2,{(responsible)}>ity>,0,1,1,"0,1,1"
responsiveness,3,{(response)}>ive>>ness>,0,1,2,"0,1,2"
restitution,3,{<re<(stitute)}>ion>,1,1,1,"1,1,1"
restlessness,3,{(rest)}>less>>ness>,0,1,2,"0,1,2"
restoration,2,{(restore)}>ion>,0,1,1,"0,1,1"
restorative,2,{(restore)}>ive>,0,1,1,"0,1,1"
restoring,1,{(restore)},0,1,0,"0,1,0"
restriction,3,{<re<(strict)}>ion>,1,1,1,"1,1,1"
restructuring,3,<re<{(struct)>ure>},1,1,1,"1,1,1"
result,1,{(result)},0,1,0,"0,1,0"
resultant,2,{(result)}>ant>,0,1,1,"0,1,1"
resuming,2,{<re<(sume)},1,1,0,"1,1,0"
resurgence,2,{(resurge)}>ance>,0,1,1,"0,1,1"
resurrection,3,{<re<(surrect)}>ion>,1,1,1,"1,1,1"
ret,1,{(ret)},0,1,0,"0,1,0"
retainer,3,{<re<(tain)}>er>,1,1,1,"1,1,1"
retake,2,<re<{(take)},1,1,0,"1,1,0"
retard,2,{<re<(tard)},1,1,0,"1,1,0"
retelling,2,<re<{(tell)},1,1,0,"1,1,0"
retention,3,{<re<(tent)>ion>},1,1,1,"1,1,1"
reticence,2,{(retic)>ance>},0,1,1,"0,1,1"
retina,1,{(retina)},0,1,0,"0,1,0"
retreat,1,{(retreat)},0,1,0,"0,1,0"
retrial,3,<re<{(try)}>al>,1,1,1,"1,1,1"
retrospective,3,{<retro<(spect)}>ive>,1,1,1,"1,1,1"
reunion,3,<re<{(un)}>ion>,1,1,1,"1,1,1"
rev,1,{(rev)},0,1,0,"0,1,0"
revelation,2,{(reveal)}>ion>,0,1,1,"0,1,1"
revelry,2,{(revel)}>ory>,0,1,1,"0,1,1"
revenge,2,{<re<(venge)},1,1,0,"1,1,0"
reverend,2,{(rever)>end>},0,1,1,"0,1,1"
reverse,2,{<re<(verse)},1,1,0,"1,1,0"
review,2,{<re<(view)},1,1,0,"1,1,0"
revisionism,4,{<re<(vise)}>ion>>ism>,1,1,2,"1,1,2"
revitalization,4,<re<{(vital)}>ize>>ion>,1,1,2,"1,1,2"
revolution,3,{<re<(volve)>ion>},1,1,1,"1,1,1"
revolve,2,{<re<(volve)},1,1,0,"1,1,0"
revulsion,1,{(revulsion)},0,1,0,"0,1,0"
rewrite,2,<re<{(write)},1,1,0,"1,1,0"
rhapsody,2,{(rhapsod)>y>},0,1,1,"0,1,1"
rhea,1,{(rhea)},0,1,0,"0,1,0"
rhetoric,1,{(rhetoric)},0,1,0,"0,1,0"
rheumatism,2,{(rheuma)>ism>},0,1,1,"0,1,1"
rhinestone,2,{(rhine)}{(stone)},0,2,0,"0,2,0"
rhinoceros,1,{(rhinoceros)},0,1,0,"0,1,0"
rhythm,1,{(rhythm)},0,1,0,"0,1,0"
rib,1,{(rib)},0,1,0,"0,1,0"
rich,1,{(rich)},0,1,0,"0,1,0"
richard,1,{(richard)},0,1,0,"0,1,0"
richer,2,{(rich)}>er>,0,1,1,"0,1,1"
richmond,2,{(rich)(mond)},0,2,0,"0,2,0"
ridding,1,{(rid)},0,1,0,"0,1,0"
ride,1,{(ride)},0,1,0,"0,1,0"
rider,2,{(ride)}>er>,0,1,1,"0,1,1"
ridicule,1,{(ridicule)},0,1,0,"0,1,0"
ridiculousness,3,{(ridicule)}>ious>>ness>,0,1,2,"0,1,2"
rifleman,2,{(rifle)}(man),0,2,0,"0,2,0"
rift,1,{(rift)},0,1,0,"0,1,0"
rig,1,{(rig)},0,1,0,"0,1,0"
right,1,{(right)},0,1,0,"0,1,0"
righteousness,3,{(right)}>ious>>ness>,0,1,2,"0,1,2"
rigidity,2,{(rigid)}>ity>,0,1,1,"0,1,1"
ring,1,{(ring)},0,1,0,"0,1,0"
ringer,2,{(ring)}>er>,0,1,1,"0,1,1"
ringleader,3,{(ring)}{(lead)}>er>,0,2,1,"0,2,1"
ringside,2,{(ring)}{(side)},0,2,0,"0,2,0"
rink,1,{(rink)},0,1,0,"0,1,0"
rinse,1,{(rinse)},0,1,0,"0,1,0"
rio,1,{(rio)},0,1,0,"0,1,0"
riot,1,{(riot)},0,1,0,"0,1,0"
rip,1,{(rip)},0,1,0,"0,1,0"
riparian,1,{(riparian)},0,1,0,"0,1,0"
riser,2,{(rise)}>er>,0,1,1,"0,1,1"
rite,1,{(rite)},0,1,0,"0,1,0"
rival,1,{(rival)},0,1,0,"0,1,0"
rivalry,1,{(rivalry)},0,1,0,"0,1,0"
river,1,{(river)},0,1,0,"0,1,0"
riverbank,2,{(river)}{(bank)},0,2,0,"0,2,0"
riverbed,2,{(river)}{(bed)},0,2,0,"0,2,0"
riverside,2,{(river)}{(side)},0,2,0,"0,2,0"
riverview,2,{(river)(view)},0,2,0,"0,2,0"
road,1,{(road)},0,1,0,"0,1,0"
roadblock,2,{(road)}{(block)},0,2,0,"0,2,0"
roadhouse,2,{(road)}{(house)},0,2,0,"0,2,0"
roadside,2,{(road)}{(side)},0,2,0,"0,2,0"
roadster,2,{(road)}>ster>,0,1,1,"0,1,1"
roadway,2,{(road)}{(way)},0,2,0,"0,2,0"
robber,2,{(rob)}>er>,0,1,1,"0,1,1"
robbery,2,{(rob)}>ory>,0,1,1,"0,1,1"
robert,1,{(robert)},0,1,0,"0,1,0"
robinson,2,{(robin)(sono)},0,2,0,"0,2,0"
robust,1,{(robust)},0,1,0,"0,1,0"
robustness,2,{(robust)}>ness>,0,1,1,"0,1,1"
roc,1,{(roc)},0,1,0,"0,1,0"
rocker,2,{(rock)}>er>,0,1,1,"0,1,1"
rod,1,{(rod)},0,1,0,"0,1,0"
roebuck,2,{(roe)}{(buck)},0,2,0,"0,2,0"
role,1,{(role)},0,1,0,"0,1,0"
roleplaying,2,{(role)}{(play)},0,2,0,"0,2,0"
romanticism,2,{(romantic)}>ism>,0,1,1,"0,1,1"
rome,1,{(rome)},0,1,0,"0,1,0"
romp,1,{(romp)},0,1,0,"0,1,0"
rondo,1,{(rondo)},0,1,0,"0,1,0"
rooftop,2,{(roof)}{(top)},0,2,0,"0,2,0"
roommate,2,{(room)}{(mate)},0,2,0,"0,2,0"
rooster,2,{(roost)}>er>,0,1,1,"0,1,1"
rosary,2,{(rose)}>ory>,0,1,1,"0,1,1"
rosebud,2,{(rose)}{(bud)},0,2,0,"0,2,0"
rosen,2,{(rose)}>en>,0,1,1,"0,1,1"
rosette,2,{(rose)}>ette>,0,1,1,"0,1,1"
rosewood,2,{(rose)}{(wood)},0,2,0,"0,2,0"
roster,1,{(roster)},0,1,0,"0,1,0"
rostrum,1,{(rostrum)},0,1,0,"0,1,0"
rot,1,{(rot)},0,1,0,"0,1,0"
rota,1,{(rota)},0,1,0,"0,1,0"
rote,1,{(rote)},0,1,0,"0,1,0"
rotunda,1,{(rotunda)},0,1,0,"0,1,0"
roughness,2,{(rough)}>ness>,0,1,1,"0,1,1"
roulette,1,{(roulette)},0,1,0,"0,1,0"
round,1,{(round)},0,1,0,"0,1,0"
roundabout,2,{(round)}{(about)},0,2,0,"0,2,0"
roundhouse,2,{(round)}{(house)},0,2,0,"0,2,0"
roundup,2,{(round)}{(up)},0,2,0,"0,2,0"
rout,1,{(rout)},0,1,0,"0,1,0"
routine,1,{(routine)},0,1,0,"0,1,0"
roux,1,{(roux)},0,1,0,"0,1,0"
rover,1,{(rover)},0,1,0,"0,1,0"
rowan,1,{(rowan)},0,1,0,"0,1,0"
rower,2,{(row)}>er>,0,1,1,"0,1,1"
royalist,3,{(roy)>al>}>ist>,0,1,2,"0,1,2"
rubber,2,{(rub)}>er>,0,1,1,"0,1,1"
rubbing,1,{(rub)},0,1,0,"0,1,0"
ruby,1,{(ruby)},0,1,0,"0,1,0"
rucksack,2,{(ruck)}{(sack)},0,2,0,"0,2,0"
rudeness,2,{(rude)}>ness>,0,1,1,"0,1,1"
ruffles,1,{(ruffle)},0,1,0,"0,1,0"
rug,1,{(rug)},0,1,0,"0,1,0"
rulebook,2,{(rule)}{(book)},0,2,0,"0,2,0"
ruler,2,{(rule)}>er>,0,1,1,"0,1,1"
rum,1,{(rum)},0,1,0,"0,1,0"
rumble,1,{(rumble)},0,1,0,"0,1,0"
run,1,{(run)},0,1,0,"0,1,0"
runaway,2,{(run)}{(away)},0,2,0,"0,2,0"
runner,2,{(run)}>er>,0,1,1,"0,1,1"
runoff,2,{(run)}{(off)},0,2,0,"0,2,0"
runway,2,{(run)}{(way)},0,2,0,"0,2,0"
rupture,2,{(rupt)>ure>},0,1,1,"0,1,1"
rural,1,{(rural)},0,1,0,"0,1,0"
rusty,2,{(rust)}>y>,0,1,1,"0,1,1"
sabbatical,1,{(sabbatical)},0,1,0,"0,1,0"
sabre,1,{(sabre)},0,1,0,"0,1,0"
sacrifice,2,{(sacro)>fice>},0,1,1,"0,1,1"
sad,1,{(sad)},0,1,0,"0,1,0"
safeguard,2,{(safe)}{(guard)},0,2,0,"0,2,0"
safekeeping,2,{(safe)}{(keep)},0,2,0,"0,2,0"
safeties,2,{(safe)}>ity>,0,1,1,"0,1,1"
saffron,1,{(saffron)},0,1,0,"0,1,0"
sagebrush,2,{(sage)}{(brush)},0,2,0,"0,2,0"
sailboat,2,{(sail)}{(boat)},0,2,0,"0,2,0"
saint,1,{(saint)},0,1,0,"0,1,0"
salaries,1,{(salary)},0,1,0,"0,1,0"
salesman,2,{(sale)}(man),0,2,0,"0,2,0"
salesmen,2,{(sale)}(men),0,2,0,"0,2,0"
salinity,2,{(saline)}>ity>,0,1,1,"0,1,1"
saliva,1,{(saliva)},0,1,0,"0,1,0"
salivating,2,{(saliva)>ate>},0,1,1,"0,1,1"
salt,1,{(salt)},0,1,0,"0,1,0"
saltwater,2,{(salt)}{(water)},0,2,0,"0,2,0"
salvation,2,{(salve)}>ion>,0,1,1,"0,1,1"
salvo,1,{(salvo)},0,1,0,"0,1,0"
sample,1,{(sample)},0,1,0,"0,1,0"
samuel,1,{(samuel)},0,1,0,"0,1,0"
sand,1,{(sand)},0,1,0,"0,1,0"
sandalwood,2,{(sandal)}{(wood)},0,2,0,"0,2,0"
sandbox,2,{(sand)}{(box)},0,2,0,"0,2,0"
sander,2,{(sand)}>er>,0,1,1,"0,1,1"
sandman,2,{(sand)}{(man)},0,2,0,"0,2,0"
sandpaper,2,{(sand)}{(paper)},0,2,0,"0,2,0"
sandstone,2,{(sand)}{(stone)},0,2,0,"0,2,0"
sandstorm,2,{(sand)}{(storm)},0,2,0,"0,2,0"
sap,1,{(sap)},0,1,0,"0,1,0"
sapphire,1,{(sapphire)},0,1,0,"0,1,0"
sarcophagus,3,{(sarco)(phage)>us>},0,2,1,"0,2,1"
sardine,1,{(sardine)},0,1,0,"0,1,0"
satchel,1,{(satchel)},0,1,0,"0,1,0"
satellite,1,{(satellite)},0,1,0,"0,1,0"
satisfaction,3,{(satis)(fact)>ion>},0,2,1,"0,2,1"
saturday,2,{(satur)(day)},0,2,0,"0,2,0"
saucepan,2,{(sauce)}{(pan)},0,2,0,"0,2,0"
saucer,2,{(sauce)}>er>,0,1,1,"0,1,1"
sauerkraut,2,{(sauer)(kraut)},0,2,0,"0,2,0"
savagery,2,{(savage)}>ory>,0,1,1,"0,1,1"
save,1,{(save)},0,1,0,"0,1,0"
savor,1,{(savor)},0,1,0,"0,1,0"
savory,2,{(savor)}>y>,0,1,1,"0,1,1"
savour,1,{(savor)},0,1,0,"0,1,0"
savoy,1,{(savoy)},0,1,0,"0,1,0"
sawdust,2,{(saw)}{(dust)},0,2,0,"0,2,0"
sawmill,2,{(saw)}{(mill)},0,2,0,"0,2,0"
saxophone,2,{(saxo)(phon)},0,2,0,"0,2,0"
saxophonist,3,{(saxo)(phon)}>ist>,0,2,1,"0,2,1"
say,1,{(say)},0,1,0,"0,1,0"
scab,1,{(scab)},0,1,0,"0,1,0"
scaffold,1,{(scaffold)},0,1,0,"0,1,0"
scale,1,{(scale)},0,1,0,"0,1,0"
scalp,1,{(scalp)},0,1,0,"0,1,0"
scalpel,1,{(scalpel)},0,1,0,"0,1,0"
scapegoat,2,{(scape)(goat)},0,2,0,"0,2,0"
scarcity,2,{(scarce)}>ity>,0,1,1,"0,1,1"
scare,1,{(scare)},0,1,0,"0,1,0"
scarecrow,2,{(scare)}{(crow)},0,2,0,"0,2,0"
scarf,1,{(scarf)},0,1,0,"0,1,0"
scarface,2,{(scar)}{(face)},0,2,0,"0,2,0"
scarlet,1,{(scarlet)},0,1,0,"0,1,0"
scatter,1,{(scatter)},0,1,0,"0,1,0"
scavenger,2,{(scavenge)}>er>,0,1,1,"0,1,1"
scenario,1,{(scenario)},0,1,0,"0,1,0"
scenery,2,{(scene)}>ory>,0,1,1,"0,1,1"
scheme,1,{(scheme)},0,1,0,"0,1,0"
schism,1,{(schism)},0,1,0,"0,1,0"
scholar,2,{(school)>ar>},0,1,1,"0,1,1"
schoolboy,2,{(school)}{(boy)},0,2,0,"0,2,0"
schoolchildren,2,{(school)}{(child)},0,2,0,"0,2,0"
schoolgirl,2,{(school)}{(girl)},0,2,0,"0,2,0"
schoolhouse,2,{(school)}{(house)},0,2,0,"0,2,0"
schoolmaster,2,{(school)}{(master)},0,2,0,"0,2,0"
schoolwork,2,{(school)}{(work)},0,2,0,"0,2,0"
scion,1,{(scion)},0,1,0,"0,1,0"
scoff,1,{(scoff)},0,1,0,"0,1,0"
scooter,2,{(scoot)}>er>,0,1,1,"0,1,1"
score,1,{(score)},0,1,0,"0,1,0"
scoreboard,2,{(score)}{(board)},0,2,0,"0,2,0"
scorecard,2,{(score)}{(card)},0,2,0,"0,2,0"
scotland,1,{(scotland)},0,1,0,"0,1,0"
scott,1,{(scott)},0,1,0,"0,1,0"
scottish,2,{(scot)}>ish>,0,1,1,"0,1,1"
scrapbook,2,{(scrap)}{(book)},0,2,0,"0,2,0"
scrape,1,{(scrape)},0,1,0,"0,1,0"
scream,1,{(scream)},0,1,0,"0,1,0"
screenplay,2,{(screen)}{(play)},0,2,0,"0,2,0"
screw,1,{(screw)},0,1,0,"0,1,0"
screwdriver,3,{(screw)}{(drive)}>er>,0,2,1,"0,2,1"
scribe,1,{(script)},0,1,0,"0,1,0"
scrip,1,{(scrip)},0,1,0,"0,1,0"
script,1,{(script)},0,1,0,"0,1,0"
scripture,2,{(script)>ure>},0,1,1,"0,1,1"
scuffle,1,{(scuffle)},0,1,0,"0,1,0"
sculpting,1,{(sculpt)},0,1,0,"0,1,0"
sculpture,2,{(sculpt)}>ure>,0,1,1,"0,1,1"
seabed,2,{(sea)}{(bed)},0,2,0,"0,2,0"
seaboard,2,{(sea)}{(board)},0,2,0,"0,2,0"
seafarers,3,{(sea)(fare)}>er>,0,2,1,"0,2,1"
seafaring,2,{(sea)(fare)},0,2,0,"0,2,0"
seafood,2,{(sea)}{(food)},0,2,0,"0,2,0"
seafront,2,{(sea)}{(front)},0,2,0,"0,2,0"
seagull,2,{(sea)}{(gull)},0,2,0,"0,2,0"
seahorse,2,{(sea)}{(horse)},0,2,0,"0,2,0"
sealer,2,{(seal)}>er>,0,1,1,"0,1,1"
seam,1,{(seam)},0,1,0,"0,1,0"
seaman,2,{(sea)}(man),0,2,0,"0,2,0"
seamen,2,{(sea)}(men),0,2,0,"0,2,0"
seamstress,2,{(seam)}(stress),0,2,0,"0,2,0"
seaplane,2,{(sea)}{(plane)},0,2,0,"0,2,0"
seaport,2,{(sea)}{(port)},0,2,0,"0,2,0"
searchlight,2,{(search)}{(light)},0,2,0,"0,2,0"
seashore,2,{(sea)}{(shore)},0,2,0,"0,2,0"
season,1,{(season)},0,1,0,"0,1,0"
seawater,2,{(sea)}{(water)},0,2,0,"0,2,0"
seaweed,2,{(sea)}{(weed)},0,2,0,"0,2,0"
secession,3,{<se<(cess)>ion>},1,1,1,"1,1,1"
secretariat,1,{(secretariat)},0,1,0,"0,1,0"
sectarianism,3,{(sect)}>ian>>ism>,0,1,2,"0,1,2"
sector,2,{(sect)>or>},0,1,1,"0,1,1"
secularism,2,{(secular)}>ism>,0,1,1,"0,1,1"
security,2,{(secure)}>ity>,0,1,1,"0,1,1"
sedation,2,{(sedate)}>ion>,0,1,1,"0,1,1"
sedimentation,2,{(sediment)}>ion>,0,1,1,"0,1,1"
seed,1,{(seed)},0,1,0,"0,1,0"
seedling,2,{(seed)}>ling>,0,1,1,"0,1,1"
segment,1,{(segment)},0,1,0,"0,1,0"
segmentation,2,{(segment)}>ion>,0,1,1,"0,1,1"
segregation,4,{<se<(greg)>ate>}>ion>,1,1,2,"1,1,2"
select,1,{(select)},0,1,0,"0,1,0"
selectivity,3,{(select)}>ive>>ity>,0,1,2,"0,1,2"
selenium,1,{(selenium)},0,1,0,"0,1,0"
self,1,{(self)},0,1,0,"0,1,0"
selfishness,3,{(self)}>ish>>ness>,0,1,2,"0,1,2"
sell,1,{(sell)},0,1,0,"0,1,0"
sellout,2,{(sell)}{(out)},0,2,0,"0,2,0"
semaphore,1,{(semaphore)},0,1,0,"0,1,0"
semester,1,{(semester)},0,1,0,"0,1,0"
semifinal,2,<semi<{(final)},1,1,0,"1,1,0"
seminaries,2,{(semin)>ory>},0,1,1,"0,1,1"
senator,2,{(senate)}>or>,0,1,1,"0,1,1"
senna,1,{(senna)},0,1,0,"0,1,0"
senor,1,{(senor)},0,1,0,"0,1,0"
sensation,3,{(sense)}>ate>>ion>,0,1,2,"0,1,2"
sense,1,{(sense)},0,1,0,"0,1,0"
sensibilities,3,{(sense)}>able>>ity>,0,1,2,"0,1,2"
sensitivity,3,{(sense)>ive>}>ity>,0,1,2,"0,1,2"
sentiment,2,{(senti)>ment>},0,1,1,"0,1,1"
sentries,1,{(sentry)},0,1,0,"0,1,0"
separator,3,{(separ)>ate>}>or>,0,1,2,"0,1,2"
sepia,1,{(sepia)},0,1,0,"0,1,0"
september,1,{(september)},0,1,0,"0,1,0"
sequel,1,{(sequel)},0,1,0,"0,1,0"
sequester,1,{(sequester)},0,1,0,"0,1,0"
sequin,1,{(sequin)},0,1,0,"0,1,0"
sergeant,1,{(sergeant)},0,1,0,"0,1,0"
series,1,{(series)},0,1,0,"0,1,0"
serif,1,{(serif)},0,1,0,"0,1,0"
seriousness,2,{(serious)}>ness>,0,1,1,"0,1,1"
serum,1,{(serum)},0,1,0,"0,1,0"
server,2,{(serve)}>er>,0,1,1,"0,1,1"
serviceman,3,{(serve)>ice>}{(man)},0,2,1,"0,2,1"
servicemen,3,{(serve)>ice>}(men),0,2,1,"0,2,1"
servitude,2,{(serve)}>itude>,0,1,1,"0,1,1"
sesame,1,{(sesame)},0,1,0,"0,1,0"
session,1,{(session)},0,1,0,"0,1,0"
setback,2,{(set)}{(back)},0,2,0,"0,2,0"
settle,1,{(settle)},0,1,0,"0,1,0"
settlement,2,{(settle)}>ment>,0,1,1,"0,1,1"
settler,2,{(settle)}>er>,0,1,1,"0,1,1"
setup,2,{(set)}{(up)},0,2,0,"0,2,0"
seventeenth,3,{(seven)}>teen>>th>,0,1,2,"0,1,2"
seventh,2,{(seven)}>th>,0,1,1,"0,1,1"
seventies,2,{(seven)}>ity>,0,1,1,"0,1,1"
seventy,2,{(seven)}>ity>,0,1,1,"0,1,1"
sewerage,2,{(sewer)}>age>,0,1,1,"0,1,1"
shack,1,{(shack)},0,1,0,"0,1,0"
shackle,1,{(shackle)},0,1,0,"0,1,0"
shad,1,{(shad)},0,1,0,"0,1,0"
shadow,1,{(shadow)},0,1,0,"0,1,0"
shakedown,2,{(shake)}{(down)},0,2,0,"0,2,0"
sham,1,{(sham)},0,1,0,"0,1,0"
shame,1,{(shame)},0,1,0,"0,1,0"
shampoo,1,{(shampoo)},0,1,0,"0,1,0"
shape,1,{(shape)},0,1,0,"0,1,0"
shareholder,3,{(share)}{(hold)}>er>,0,2,1,"0,2,1"
sharp,1,{(sharp)},0,1,0,"0,1,0"
sharpener,3,{(sharp)}>en>>er>,0,1,2,"0,1,2"
sharpness,2,{(sharp)}>ness>,0,1,1,"0,1,1"
sharpshooter,3,{(sharp)}{(shoot)}>er>,0,2,1,"0,2,1"
shaver,2,{(shave)}>er>,0,1,1,"0,1,1"
shawl,1,{(shawl)},0,1,0,"0,1,0"
shay,1,{(shay)},0,1,0,"0,1,0"
sheath,1,{(sheath)},0,1,0,"0,1,0"
shed,1,{(shed)},0,1,0,"0,1,0"
sheepskin,2,{(sheep)}{(skin)},0,2,0,"0,2,0"
shelf,1,{(shelf)},0,1,0,"0,1,0"
shell,1,{(shell)},0,1,0,"0,1,0"
shellac,1,{(shellac)},0,1,0,"0,1,0"
shellfish,2,{(shell)}{(fish)},0,2,0,"0,2,0"
shelves,1,{(shelve)},0,1,0,"0,1,0"
shimmer,1,{(shimmer)},0,1,0,"0,1,0"
shin,1,{(shin)},0,1,0,"0,1,0"
shiner,2,{(shine)}>er>,0,1,1,"0,1,1"
shingle,1,{(shingle)},0,1,0,"0,1,0"
ship,1,{(ship)},0,1,0,"0,1,0"
shipbuilding,2,{(ship)}{(build)},0,2,0,"0,2,0"
shipman,2,{(ship)}(man),0,2,0,"0,2,0"
shipment,2,{(ship)}>ment>,0,1,1,"0,1,1"
shipwreck,2,{(ship)}{(wreck)},0,2,0,"0,2,0"
shipyard,2,{(ship)}{(yard)},0,2,0,"0,2,0"
shitting,1,{(shit)},0,1,0,"0,1,0"
shock,1,{(shock)},0,1,0,"0,1,0"
shocker,2,{(shock)}>er>,0,1,1,"0,1,1"
shockwave,2,{(shock)}{(wave)},0,2,0,"0,2,0"
shoddy,1,{(shoddy)},0,1,0,"0,1,0"
shoemaker,3,{(shoe)}{(make)}>er>,0,2,1,"0,2,1"
shoestring,2,{(shoe)}{(string)},0,2,0,"0,2,0"
shoo,1,{(shoo)},0,1,0,"0,1,0"
shopkeeper,3,{(shop)}{(keep)}>er>,0,2,1,"0,2,1"
shoplifting,2,{(shop)}{(lift)},0,2,0,"0,2,0"
shopping,1,{(shop)},0,1,0,"0,1,0"
shore,1,{(shore)},0,1,0,"0,1,0"
shoreline,2,{(shore)}{(line)},0,2,0,"0,2,0"
shortbread,2,{(short)}{(bread)},0,2,0,"0,2,0"
shortcoming,2,{(short)}{(come)},0,2,0,"0,2,0"
shortcut,2,{(short)}{(cut)},0,2,0,"0,2,0"
shortening,2,{(short)}>en>,0,1,1,"0,1,1"
shortfall,2,{(short)}{(fall)},0,2,0,"0,2,0"
shorthand,2,{(short)}{(hand)},0,2,0,"0,2,0"
shortstop,2,{(short)}{(stop)},0,2,0,"0,2,0"
shotgun,2,{(shot)}{(gun)},0,2,0,"0,2,0"
shoulder,1,{(shoulder)},0,1,0,"0,1,0"
showbiz,2,{(show)}{(biz)},0,2,0,"0,2,0"
showcase,2,{(show)}{(case)},0,2,0,"0,2,0"
showdown,2,{(show)}{(down)},0,2,0,"0,2,0"
showman,2,{(show)}(man),0,2,0,"0,2,0"
showmanship,3,{(show)}(man)>ship>,0,2,1,"0,2,1"
showroom,2,{(show)}{(room)},0,2,0,"0,2,0"
shrapnel,1,{(shrapnel)},0,1,0,"0,1,0"
shred,1,{(shred)},0,1,0,"0,1,0"
shredding,1,{(shred)},0,1,0,"0,1,0"
shrimp,1,{(shrimp)},0,1,0,"0,1,0"
shrine,1,{(shrine)},0,1,0,"0,1,0"
shroud,1,{(shroud)},0,1,0,"0,1,0"
shudders,1,{(shudder)},0,1,0,"0,1,0"
shunt,1,{(shunt)},0,1,0,"0,1,0"
shutdown,2,{(shut)}{(down)},0,2,0,"0,2,0"
shutter,2,{(shut)}>er>,0,1,1,"0,1,1"
shyness,2,{(shy)}>ness>,0,1,1,"0,1,1"
sick,1,{(sick)},0,1,0,"0,1,0"
sickness,2,{(sick)}>ness>,0,1,1,"0,1,1"
sideboard,2,{(side)}{(board)},0,2,0,"0,2,0"
sideburns,2,{(side)}{(burn)},0,2,0,"0,2,0"
sidecar,2,{(side)}{(car)},0,2,0,"0,2,0"
sidekick,2,{(side)}{(kick)},0,2,0,"0,2,0"
sideline,2,{(side)}{(line)},0,2,0,"0,2,0"
sideshow,2,{(side)}{(show)},0,2,0,"0,2,0"
sidestep,2,{(side)}{(step)},0,2,0,"0,2,0"
sidewalk,2,{(side)}{(walk)},0,2,0,"0,2,0"
sideways,2,{(side)}{(way)},0,2,0,"0,2,0"
sift,1,{(sift)},0,1,0,"0,1,0"
sightseeing,2,{(sight)}{(see)},0,2,0,"0,2,0"
sigma,1,{(sigma)},0,1,0,"0,1,0"
signal,2,{(sign)}>al>,0,1,1,"0,1,1"
signatory,2,{(sign)}>ory>,0,1,1,"0,1,1"
signifying,2,{(sign)}>ify>,0,1,1,"0,1,1"
signor,1,{(signor)},0,1,0,"0,1,0"
silencer,2,{(silence)}>er>,0,1,1,"0,1,1"
silhouette,1,{(silhouette)},0,1,0,"0,1,0"
silicate,2,{(silic)>ate>},0,1,1,"0,1,1"
silicon,2,{(silic)>on>},0,1,1,"0,1,1"
sill,1,{(sill)},0,1,0,"0,1,0"
silo,1,{(silo)},0,1,0,"0,1,0"
silverware,2,{(silver)}{(ware)},0,2,0,"0,2,0"
simian,1,{(simian)},0,1,0,"0,1,0"
similarities,3,{(simil)>ar>}>ity>,0,1,2,"0,1,2"
similarity,3,{(simil)>ar>}>ity>,0,1,2,"0,1,2"
simplicity,2,{(simple)}>ity>,0,1,1,"0,1,1"
simplification,3,{(simple)}>ify>>ion>,0,1,2,"0,1,2"
simpson,1,{(simpson)},0,1,0,"0,1,0"
simulation,3,{(simul)>ate>}>ion>,0,1,2,"0,1,2"
sin,1,{(sin)},0,1,0,"0,1,0"
sincerity,2,{(sincere)}>ity>,0,1,1,"0,1,1"
singapore,1,{(singapore)},0,1,0,"0,1,0"
singer,2,{(sing)}>er>,0,1,1,"0,1,1"
single,1,{(single)},0,1,0,"0,1,0"
sings,1,{(sing)},0,1,0,"0,1,0"
singular,2,{(single)>ar>},0,1,1,"0,1,1"
singularity,3,{(single)>ar>}>ity>,0,1,2,"0,1,2"
sinker,2,{(sink)}>er>,0,1,1,"0,1,1"
sinkhole,2,{(sink)}{(hole)},0,2,0,"0,2,0"
siphon,1,{(siphon)},0,1,0,"0,1,0"
sire,1,{(sire)},0,1,0,"0,1,0"
siren,1,{(siren)},0,1,0,"0,1,0"
sirloin,2,{(sir)(loin)},0,2,0,"0,2,0"
sis,1,{(sis)},0,1,0,"0,1,0"
sister,1,{(sister)},0,1,0,"0,1,0"
sitter,2,{(sit)}>er>,0,1,1,"0,1,1"
six,1,{(six)},0,1,0,"0,1,0"
sixpence,2,{(six)(pence)},0,2,0,"0,2,0"
sixth,2,{(six)}>th>,0,1,1,"0,1,1"
sixties,2,{(six)>ity>},0,1,1,"0,1,1"
skateboard,2,{(skate)}{(board)},0,2,0,"0,2,0"
skater,2,{(skate)}>er>,0,1,1,"0,1,1"
skeleton,1,{(skeleton)},0,1,0,"0,1,0"
skeptics,1,{(skeptic)},0,1,0,"0,1,0"
sketch,1,{(sketch)},0,1,0,"0,1,0"
sketchbook,2,{(sketch)}{(book)},0,2,0,"0,2,0"
skewer,1,{(skewer)},0,1,0,"0,1,0"
skinhead,2,{(skin)}{(head)},0,2,0,"0,2,0"
skinner,2,{(skin)}>er>,0,1,1,"0,1,1"
skinning,1,{(skin)},0,1,0,"0,1,0"
skipper,1,{(skipper)},0,1,0,"0,1,0"
skull,1,{(skull)},0,1,0,"0,1,0"
skunk,1,{(skunk)},0,1,0,"0,1,0"
skylight,2,{(sky)}{(light)},0,2,0,"0,2,0"
skyline,2,{(sky)}{(line)},0,2,0,"0,2,0"
skyscraper,3,{(sky)}{(scrape)}>er>,0,2,1,"0,2,1"
slab,1,{(slab)},0,1,0,"0,1,0"
slacker,2,{(slack)}>er>,0,1,1,"0,1,1"
slag,1,{(slag)},0,1,0,"0,1,0"
slang,1,{(slang)},0,1,0,"0,1,0"
slapstick,2,{(slap)}{(stick)},0,2,0,"0,2,0"
slash,1,{(slash)},0,1,0,"0,1,0"
slaughterhouse,2,{(slaughter)}{(house)},0,2,0,"0,2,0"
slavery,2,{(slave)}>ory>,0,1,1,"0,1,1"
slayer,2,{(slay)}>er>,0,1,1,"0,1,1"
sledgehammer,2,{(sledge)}{(hammer)},0,2,0,"0,2,0"
sleep,1,{(sleep)},0,1,0,"0,1,0"
sleeper,2,{(sleep)}>er>,0,1,1,"0,1,1"
sleepiness,3,{(sleep)}>y>>ness>,0,1,2,"0,1,2"
sleigh,1,{(sleigh)},0,1,0,"0,1,0"
sleight,1,{(sleight)},0,1,0,"0,1,0"
sleuth,1,{(sleuth)},0,1,0,"0,1,0"
slide,1,{(slide)},0,1,0,"0,1,0"
slight,1,{(slight)},0,1,0,"0,1,0"
slim,1,{(slim)},0,1,0,"0,1,0"
slime,1,{(slime)},0,1,0,"0,1,0"
slimmer,2,{(slim)}>er>,0,1,1,"0,1,1"
slingshot,2,{(sling)}{(shot)},0,2,0,"0,2,0"
slipknot,2,{(slip)}{(knot)},0,2,0,"0,2,0"
slippage,2,{(slip)}>age>,0,1,1,"0,1,1"
slipper,2,{(slip)}>er>,0,1,1,"0,1,1"
slipstream,2,{(slip)}{(stream)},0,2,0,"0,2,0"
slop,1,{(slop)},0,1,0,"0,1,0"
slough,1,{(slough)},0,1,0,"0,1,0"
slowest,2,{(slow)}>est>,0,1,1,"0,1,1"
slugging,1,{(slug)},0,1,0,"0,1,0"
slum,1,{(slum)},0,1,0,"0,1,0"
slur,1,{(slur)},0,1,0,"0,1,0"
slush,1,{(slush)},0,1,0,"0,1,0"
slut,1,{(slut)},0,1,0,"0,1,0"
smaller,2,{(small)}>er>,0,1,1,"0,1,1"
smallpox,2,{(small)}{(pox)},0,2,0,"0,2,0"
smart,1,{(smart)},0,1,0,"0,1,0"
smell,1,{(smell)},0,1,0,"0,1,0"
smirk,1,{(smirk)},0,1,0,"0,1,0"
smoker,2,{(smoke)}>er>,0,1,1,"0,1,1"
smokescreen,2,{(smoke)}{(screen)},0,2,0,"0,2,0"
smoothness,2,{(smooth)}>ness>,0,1,1,"0,1,1"
smuggler,2,{(smuggle)}>er>,0,1,1,"0,1,1"
smuggling,1,{(smuggle)},0,1,0,"0,1,0"
smut,1,{(smut)},0,1,0,"0,1,0"
snag,1,{(snag)},0,1,0,"0,1,0"
snail,1,{(snail)},0,1,0,"0,1,0"
snake,1,{(snake)},0,1,0,"0,1,0"
snapdragon,2,{(snap)}{(dragon)},0,2,0,"0,2,0"
snapshot,2,{(snap)}{(shot)},0,2,0,"0,2,0"
snare,1,{(snare)},0,1,0,"0,1,0"
sneak,1,{(sneak)},0,1,0,"0,1,0"
sneeze,1,{(sneeze)},0,1,0,"0,1,0"
sniffs,1,{(sniff)},0,1,0,"0,1,0"
snip,1,{(snip)},0,1,0,"0,1,0"
snob,1,{(snob)},0,1,0,"0,1,0"
snobbery,2,{(snob)}>ory>,0,1,1,"0,1,1"
snorkel,1,{(snorkel)},0,1,0,"0,1,0"
snowball,2,{(snow)}{(ball)},0,2,0,"0,2,0"
snowfall,2,{(snow)}{(fall)},0,2,0,"0,2,0"
snowflake,2,{(snow)}{(flake)},0,2,0,"0,2,0"
snowman,2,{(snow)}{(man)},0,2,0,"0,2,0"
snowstorm,2,{(snow)}{(storm)},0,2,0,"0,2,0"
snuff,1,{(snuff)},0,1,0,"0,1,0"
snuggles,1,{(snuggle)},0,1,0,"0,1,0"
soapbox,2,{(soap)}{(box)},0,2,0,"0,2,0"
soar,1,{(soar)},0,1,0,"0,1,0"
sobriety,1,{(sobriety)},0,1,0,"0,1,0"
soccer,1,{(soccer)},0,1,0,"0,1,0"
social,2,{(socio)>al>},0,1,1,"0,1,1"
socialism,3,{(socio)>al>}>ism>,0,1,2,"0,1,2"
socialite,3,{(socio)>al>}>ite>,0,1,2,"0,1,2"
socialization,4,{(socio)>al>}>ize>>ion>,0,1,3,"0,1,3"
societies,2,{(socio)>ity>},0,1,1,"0,1,1"
sociologist,3,{(socio)(log)>ist>},0,2,1,"0,2,1"
sociology,3,{(socio)(log)>y>},0,2,1,"0,2,1"
sock,1,{(sock)},0,1,0,"0,1,0"
sodomy,2,{(sodom)}>y>,0,1,1,"0,1,1"
softball,2,{(soft)}{(ball)},0,2,0,"0,2,0"
softener,3,{(soft)}>en>>er>,0,1,2,"0,1,2"
software,2,{(soft)}{(ware)},0,2,0,"0,2,0"
solace,1,{(solace)},0,1,0,"0,1,0"
solemnity,2,{(solemn)}>ity>,0,1,1,"0,1,1"
solicitation,2,{(solicit)}>ion>,0,1,1,"0,1,1"
solidarity,2,{(solid)}>ity>,0,1,1,"0,1,1"
solidifying,2,{(solid)}>ify>,0,1,1,"0,1,1"
solitude,2,{(solo)>tude>},0,1,1,"0,1,1"
solo,1,{(solo)},0,1,0,"0,1,0"
soloist,2,{(solo)}>ist>,0,1,1,"0,1,1"
solubility,2,{(soluble)}>ity>,0,1,1,"0,1,1"
solvency,2,{(solve)>ancy>},0,1,1,"0,1,1"
somebody,2,{(some)}{(body)},0,2,0,"0,2,0"
someone,2,{(some)}{(one)},0,2,0,"0,2,0"
something,2,{(some)}{(thing)},0,2,0,"0,2,0"
somewhat,2,{(some)}{(what)},0,2,0,"0,2,0"
somewhere,2,{(some)}{(where)},0,2,0,"0,2,0"
song,1,{(song)},0,1,0,"0,1,0"
songbird,2,{(song)}{(bird)},0,2,0,"0,2,0"
songbook,2,{(song)}{(book)},0,2,0,"0,2,0"
soot,1,{(soot)},0,1,0,"0,1,0"
sop,1,{(sop)},0,1,0,"0,1,0"
sorceress,2,{(sorcer)>ess>},0,1,1,"0,1,1"
sorcery,2,{(sorcer)>y>},0,1,1,"0,1,1"
sores,1,{(sore)},0,1,0,"0,1,0"
sorghum,1,{(sorghum)},0,1,0,"0,1,0"
sorry,1,{(sorry)},0,1,0,"0,1,0"
sortie,1,{(sortie)},0,1,0,"0,1,0"
sot,1,{(sot)},0,1,0,"0,1,0"
soundness,2,{(sound)}>ness>,0,1,1,"0,1,1"
soundtrack,2,{(sound)}{(track)},0,2,0,"0,2,0"
source,1,{(source)},0,1,0,"0,1,0"
sourdough,2,{(sour)}{(dough)},0,2,0,"0,2,0"
southbound,2,{(south)}{(bound)},0,2,0,"0,2,0"
southeast,2,{(south)}{(east)},0,2,0,"0,2,0"
southeastern,3,{(south)}{(east)}>ern>,0,2,1,"0,2,1"
southern,2,{(south)}>ern>,0,1,1,"0,1,1"
southerner,3,{(south)}>ern>>er>,0,1,2,"0,1,2"
southpaw,2,{(south)}{(paw)},0,2,0,"0,2,0"
southwest,2,{(south)}{(west)},0,2,0,"0,2,0"
southwestern,3,{(south)}{(west)}>ern>,0,2,1,"0,2,1"
soy,1,{(soy)},0,1,0,"0,1,0"
soya,1,{(soya)},0,1,0,"0,1,0"
soybean,2,{(soy)}{(bean)},0,2,0,"0,2,0"
spa,1,{(spa)},0,1,0,"0,1,0"
space,1,{(space)},0,1,0,"0,1,0"
spacecraft,2,{(space)}{(craft)},0,2,0,"0,2,0"
spacer,2,{(space)}>er>,0,1,1,"0,1,1"
spaceship,2,{(space)}{(ship)},0,2,0,"0,2,0"
span,1,{(spain)},0,1,0,"0,1,0"
spanish,2,{(spain)>ish>},0,1,1,"0,1,1"
spar,1,{(spar)},0,1,0,"0,1,0"
sparrow,1,{(sparrow)},0,1,0,"0,1,0"
spat,1,{(spat)},0,1,0,"0,1,0"
speakeasy,3,{(speak)}{(ease)}>y>,0,2,1,"0,2,1"
spearhead,2,{(spear)}{(head)},0,2,0,"0,2,0"
specialities,2,{(special)}>ity>,0,1,1,"0,1,1"
speciality,2,{(special)}>ity>,0,1,1,"0,1,1"
specialization,3,{(special)}>ize>>ion>,0,1,2,"0,1,2"
specialties,2,{(special)}>ity>,0,1,1,"0,1,1"
specialty,2,{(special)}>ity>,0,1,1,"0,1,1"
spectacle,2,{(spect)>acle>},0,1,1,"0,1,1"
spectra,2,{(spectr)>a>},0,1,1,"0,1,1"
spectrometer,2,{(spectr)(meter)},0,2,0,"0,2,0"
spectroscopy,3,{(spectr)(scope)}>y>,0,2,1,"0,2,1"
spectrum,2,{(spectr)>ium>},0,1,1,"0,1,1"
speculation,3,{(specul)>ate>}>ion>,0,1,2,"0,1,2"
speedboat,2,{(speed)}{(boat)},0,2,0,"0,2,0"
speedo,2,{(speed)}>o>,0,1,1,"0,1,1"
speedometer,2,{(speed)}(meter),0,2,0,"0,2,0"
speedway,2,{(speed)}{(way)},0,2,0,"0,2,0"
spender,2,{(spend)}>er>,0,1,1,"0,1,1"
spending,1,{(spend)},0,1,0,"0,1,0"
sphere,1,{(sphere)},0,1,0,"0,1,0"
spiel,1,{(spiel)},0,1,0,"0,1,0"
spies,1,{(spy)},0,1,0,"0,1,0"
spillover,2,{(spill)}{(over)},0,2,0,"0,2,0"
spin,1,{(spin)},0,1,0,"0,1,0"
spindle,1,{(spindle)},0,1,0,"0,1,0"
spinster,1,{(spinster)},0,1,0,"0,1,0"
spirituality,3,{(spirit)}>al>>ity>,0,1,2,"0,1,2"
spite,1,{(spite)},0,1,0,"0,1,0"
spitfire,2,{(spit)}{(fire)},0,2,0,"0,2,0"
splat,1,{(splat)},0,1,0,"0,1,0"
spleen,1,{(spleen)},0,1,0,"0,1,0"
splendor,1,{(splendor)},0,1,0,"0,1,0"
splice,1,{(splice)},0,1,0,"0,1,0"
splint,1,{(splint)},0,1,0,"0,1,0"
splinter,2,{(splint)}>er>,0,1,1,"0,1,1"
splitting,1,{(split)},0,1,0,"0,1,0"
spoils,1,{(spoil)},0,1,0,"0,1,0"
spokesman,2,{(spoke)(man)},0,2,0,"0,2,0"
spokesmen,2,{(spoke)(men)},0,2,0,"0,2,0"
spokeswoman,2,{(spoke)(woman)},0,2,0,"0,2,0"
sponge,1,{(sponge)},0,1,0,"0,1,0"
spook,1,{(spook)},0,1,0,"0,1,0"
spoonful,2,{(spoon)}>ful>,0,1,1,"0,1,1"
spore,1,{(spor)},0,1,0,"0,1,0"
sportsman,2,{(sport)}(man),0,2,0,"0,2,0"
sportsmanship,3,{(sport)}(man)>ship>,0,2,1,"0,2,1"
sportsmen,2,{(sport)}(men),0,2,0,"0,2,0"
spot,1,{(spot)},0,1,0,"0,1,0"
spotlight,2,{(spot)}{(light)},0,2,0,"0,2,0"
spotting,1,{(spot)},0,1,0,"0,1,0"
spout,1,{(spout)},0,1,0,"0,1,0"
spreader,2,{(spread)}>er>,0,1,1,"0,1,1"
spring,1,{(spring)},0,1,0,"0,1,0"
springboard,2,{(spring)}{(board)},0,2,0,"0,2,0"
springbok,2,{(spring)(bok)},0,2,0,"0,2,0"
springtime,2,{(spring)}{(time)},0,2,0,"0,2,0"
sprinkle,1,{(sprinkle)},0,1,0,"0,1,0"
sprinkler,2,{(sprinkle)}>er>,0,1,1,"0,1,1"
sprint,1,{(sprint)},0,1,0,"0,1,0"
sprinter,2,{(sprint)}>er>,0,1,1,"0,1,1"
spruce,1,{(spruce)},0,1,0,"0,1,0"
spunk,1,{(spunk)},0,1,0,"0,1,0"
sputnik,1,{(sputnik)},0,1,0,"0,1,0"
spy,1,{(spy)},0,1,0,"0,1,0"
squad,1,{(squad)},0,1,0,"0,1,0"
squall,1,{(squall)},0,1,0,"0,1,0"
squalor,1,{(squalor)},0,1,0,"0,1,0"
squirm,1,{(squirm)},0,1,0,"0,1,0"
squirt,1,{(squirt)},0,1,0,"0,1,0"
staccato,1,{(staccato)},0,1,0,"0,1,0"
staff,1,{(staff)},0,1,0,"0,1,0"
stagecoach,2,{(stage)}{(coach)},0,2,0,"0,2,0"
stair,1,{(stair)},0,1,0,"0,1,0"
staircase,2,{(stair)}{(case)},0,2,0,"0,2,0"
stairway,2,{(stair)}{(way)},0,2,0,"0,2,0"
stairwell,2,{(stair)}{(well)},0,2,0,"0,2,0"
stakeholder,3,{(stake)}{(hold)}>er>,0,2,1,"0,2,1"
stalemate,2,{(stale)}{(mate)},0,2,0,"0,2,0"
stallion,1,{(stallion)},0,1,0,"0,1,0"
stance,1,{(stance)},0,1,0,"0,1,0"
stand,1,{(stand)},0,1,0,"0,1,0"
standpoint,2,{(stand)}{(point)},0,2,0,"0,2,0"
stanza,1,{(stanza)},0,1,0,"0,1,0"
starboard,2,{(star)}{(board)},0,2,0,"0,2,0"
stardom,2,{(star)}>dom>,0,1,1,"0,1,1"
stardust,2,{(star)}{(dust)},0,2,0,"0,2,0"
starfish,2,{(star)}{(fish)},0,2,0,"0,2,0"
stark,1,{(stark)},0,1,0,"0,1,0"
starlight,2,{(star)}{(light)},0,2,0,"0,2,0"
starling,1,{(starling)},0,1,0,"0,1,0"
starter,2,{(start)}>er>,0,1,1,"0,1,1"
startups,2,{(start)}{(up)},0,2,0,"0,2,0"
starvation,2,{(starve)}>ion>,0,1,1,"0,1,1"
state,1,{(state)},0,1,0,"0,1,0"
statement,2,{(state)}>ment>,0,1,1,"0,1,1"
statesman,2,{(state)}(man),0,2,0,"0,2,0"
statesmen,2,{(state)}(men),0,2,0,"0,2,0"
static,2,{(stat)>ic>},0,1,1,"0,1,1"
station,2,{(stat)>ion>},0,1,1,"0,1,1"
stationery,3,{(stat)>ion>>ery>},0,1,2,"0,1,2"
statistician,2,{(statistic)}>ian>,0,1,1,"0,1,1"
statuary,1,{(statuary)},0,1,0,"0,1,0"
statue,1,{(statue)},0,1,0,"0,1,0"
statuette,2,{(statue)}>ette>,0,1,1,"0,1,1"
stature,1,{(stature)},0,1,0,"0,1,0"
status,1,{(status)},0,1,0,"0,1,0"
steamboat,2,{(steam)}{(boat)},0,2,0,"0,2,0"
steamer,2,{(steam)}>er>,0,1,1,"0,1,1"
steamship,2,{(steam)}{(ship)},0,2,0,"0,2,0"
steeplechase,2,{(steeple)}{(chase)},0,2,0,"0,2,0"
stem,1,{(stem)},0,1,0,"0,1,0"
stepdaughter,2,{(step)}{(daughter)},0,2,0,"0,2,0"
stepfather,2,{(step)}{(father)},0,2,0,"0,2,0"
stepmother,2,{(step)}{(mother)},0,2,0,"0,2,0"
steppe,1,{(steppe)},0,1,0,"0,1,0"
stepson,1,{(stepson)},0,1,0,"0,1,0"
stereotype,2,{(stereo)(typo)},0,2,0,"0,2,0"
stern,1,{(sterno)},0,1,0,"0,1,0"
stethoscope,2,{(stetho)(scope)},0,2,0,"0,2,0"
stetson,1,{(stetson)},0,1,0,"0,1,0"
sticker,2,{(stick)}>er>,0,1,1,"0,1,1"
stickler,2,{(stickle)}>er>,0,1,1,"0,1,1"
stiff,1,{(stiff)},0,1,0,"0,1,0"
stiffness,2,{(stiff)}>ness>,0,1,1,"0,1,1"
stiletto,1,{(stiletto)},0,1,0,"0,1,0"
stillborn,2,{(still)}{(born)},0,2,0,"0,2,0"
stiller,2,{(still)}>er>,0,1,1,"0,1,1"
stimulant,2,{(stimul)>ant>},0,1,1,"0,1,1"
stimulate,2,{(stimul)>ate>},0,1,1,"0,1,1"
stimulus,1,{(stimul)},0,1,0,"0,1,0"
stinger,2,{(sting)}>er>,0,1,1,"0,1,1"
stingray,2,{(sting)}{(ray)},0,2,0,"0,2,0"
stinky,2,{(stink)}>y>,0,1,1,"0,1,1"
stipulation,3,{(stipul)>ate>}>ion>,0,1,2,"0,1,2"
stockade,1,{(stockade)},0,1,0,"0,1,0"
stockbroker,3,{(stock)}{(broke)}>er>,0,2,1,"0,2,1"
stockholder,3,{(stock)}{(hold)}>er>,0,2,1,"0,2,1"
stockpile,2,{(stock)}{(pile)},0,2,0,"0,2,0"
stoke,1,{(stoke)},0,1,0,"0,1,0"
stoker,2,{(stoke)}>er>,0,1,1,"0,1,1"
stole,1,{(stole)},0,1,0,"0,1,0"
stonewall,2,{(stone)}{(wall)},0,2,0,"0,2,0"
stoneware,2,{(stone)}{(ware)},0,2,0,"0,2,0"
stonework,2,{(stone)}{(work)},0,2,0,"0,2,0"
stop,1,{(stop)},0,1,0,"0,1,0"
stopover,2,{(stop)}{(over)},0,2,0,"0,2,0"
stopping,1,{(stop)},0,1,0,"0,1,0"
stopwatch,2,{(stop)}{(watch)},0,2,0,"0,2,0"
storage,2,{(store)}>age>,0,1,1,"0,1,1"
storefront,2,{(store)}{(front)},0,2,0,"0,2,0"
storehouse,2,{(store)}{(house)},0,2,0,"0,2,0"
storeroom,2,{(store)}{(room)},0,2,0,"0,2,0"
stories,1,{(story)},0,1,0,"0,1,0"
storm,1,{(storm)},0,1,0,"0,1,0"
story,1,{(story)},0,1,0,"0,1,0"
storybook,2,{(story)}{(book)},0,2,0,"0,2,0"
storyline,2,{(story)}{(line)},0,2,0,"0,2,0"
storyteller,3,{(story)}{(tell)}>er>,0,2,1,"0,2,1"
stowaway,2,{(stow)}{(away)},0,2,0,"0,2,0"
straightaway,2,{(straight)}{(away)},0,2,0,"0,2,0"
strain,1,{(strain)},0,1,0,"0,1,0"
strangeness,2,{(strange)}>ness>,0,1,1,"0,1,1"
stranger,2,{(strange)}>er>,0,1,1,"0,1,1"
stranglehold,2,{(strangle)}{(hold)},0,2,0,"0,2,0"
strangling,1,{(strangle)},0,1,0,"0,1,0"
strapping,1,{(strap)},0,1,0,"0,1,0"
strategies,2,{(strateg)>y>},0,1,1,"0,1,1"
stratification,3,{(strat)>ify>}>ion>,0,1,2,"0,1,2"
stratosphere,2,{(strat)(sphere)},0,2,0,"0,2,0"
straw,1,{(straw)},0,1,0,"0,1,0"
strawberries,2,{(straw)}(berry),0,2,0,"0,2,0"
strawberry,2,{(straw)}(berry),0,2,0,"0,2,0"
strays,1,{(stray)},0,1,0,"0,1,0"
streak,1,{(streak)},0,1,0,"0,1,0"
streamer,2,{(stream)}>er>,0,1,1,"0,1,1"
streamline,2,{(stream)}{(line)},0,2,0,"0,2,0"
streetcar,2,{(street)}{(car)},0,2,0,"0,2,0"
stress,1,{(stress)},0,1,0,"0,1,0"
stretcher,2,{(stretch)}>er>,0,1,1,"0,1,1"
striker,2,{(strike)}>er>,0,1,1,"0,1,1"
stringent,2,{(string)>ant>},0,1,1,"0,1,1"
stripper,2,{(strip)}>er>,0,1,1,"0,1,1"
striptease,2,{(strip)}{(tease)},0,2,0,"0,2,0"
stronghold,2,{(strong)}{(hold)},0,2,0,"0,2,0"
struggle,1,{(struggle)},0,1,0,"0,1,0"
strumming,1,{(strum)},0,1,0,"0,1,0"
stubble,1,{(stubble)},0,1,0,"0,1,0"
studies,2,{(stud)>y>},0,1,1,"0,1,1"
study,2,{(stud)>y>},0,1,1,"0,1,1"
stuff,1,{(stuff)},0,1,0,"0,1,0"
stun,1,{(stun)},0,1,0,"0,1,0"
stunner,2,{(stun)}>er>,0,1,1,"0,1,1"
stunt,1,{(stunt)},0,1,0,"0,1,0"
sturgeon,1,{(sturgeon)},0,1,0,"0,1,0"
stylus,2,{(style)>us>},0,1,1,"0,1,1"
styrene,1,{(styrene)},0,1,0,"0,1,0"
subbing,1,{(sub)},0,1,0,"0,1,0"
subcommittee,4,<sub<{<co<(mitt)>ee>},2,1,1,"2,1,1"
subcontractor,3,<sub<{(contract)}>or>,1,1,1,"1,1,1"
subject,2,{<sub<(ject)},1,1,0,"1,1,0"
subjective,3,{<sub<(ject)}>ive>,1,1,1,"1,1,1"
subjugation,4,{<sub<(jug)>ate>}>ion>,1,1,2,"1,1,2"
subjunctive,3,{<sub<(junct)>ive>},1,1,1,"1,1,1"
submitting,1,{(submit)},0,1,0,"0,1,0"
subordinate,3,{<sub<(ordin)>ate>},1,1,1,"1,1,1"
subplot,2,<sub<{(plot)},1,1,0,"1,1,0"
subpoena,2,{<sub<(poena)},1,1,0,"1,1,0"
subscribe,2,{<sub<(script)},1,1,0,"1,1,0"
subscriber,3,{<sub<(script)}>er>,1,1,1,"1,1,1"
subscription,3,{<sub<(script)>ion>},1,1,1,"1,1,1"
subsection,3,<sub<{(sect)>ion>},1,1,1,"1,1,1"
subsidence,2,{(subside)}>ance>,0,1,1,"0,1,1"
subsidiaries,2,{(subsid)>ory>},0,1,1,"0,1,1"
subsidies,2,{(subsid)>y>},0,1,1,"0,1,1"
subsidy,2,{(subsid)>y>},0,1,1,"0,1,1"
subspace,2,<sub<{(space)},1,1,0,"1,1,0"
substation,3,<sub<{(stat)>ion>},1,1,1,"1,1,1"
substitute,2,{<sub<(stitute)},1,1,0,"1,1,0"
subsystem,2,<sub<{(system)},1,1,0,"1,1,0"
subterfuge,1,{(subterfuge)},0,1,0,"0,1,0"
subtlety,2,{(subtle)}>ity>,0,1,1,"0,1,1"
suburbia,3,{<sub<(urb)>ia>},1,1,1,"1,1,1"
subversion,3,{<sub<(vert)}>ion>,1,1,1,"1,1,1"
subverting,2,{<sub<(vert)},1,1,0,"1,1,0"
succumbing,1,{(succumb)},0,1,0,"0,1,0"
such,1,{(such)},0,1,0,"0,1,0"
sucker,2,{(suck)}>er>,0,1,1,"0,1,1"
suction,2,{(suck)>ion>},0,1,1,"0,1,1"
sufferer,2,{(suffer)}>er>,0,1,1,"0,1,1"
sufficiency,2,{(suffici)>ancy>},0,1,1,"0,1,1"
suffix,1,{(suffix)},0,1,0,"0,1,0"
sugarcane,2,{(sugar)}{(cane)},0,2,0,"0,2,0"
suggestion,2,{(suggest)}>ion>,0,1,1,"0,1,1"
suicide,2,{(sui)(cide)},0,2,0,"0,2,0"
suitcase,2,{(suit)}{(case)},0,2,0,"0,2,0"
suitor,2,{(suit)}>or>,0,1,1,"0,1,1"
sulfur,2,{(sulph)>ure>},0,1,1,"0,1,1"
sulk,1,{(sulk)},0,1,0,"0,1,0"
sulphur,2,{(sulph)>ure>},0,1,1,"0,1,1"
sultan,1,{(sultan)},0,1,0,"0,1,0"
summary,2,{(summar)>y>},0,1,1,"0,1,1"
summation,2,{(sum)}>ion>,0,1,1,"0,1,1"
summer,1,{(summer)},0,1,0,"0,1,0"
summertime,2,{(summer)}{(time)},0,2,0,"0,2,0"
summit,1,{(summit)},0,1,0,"0,1,0"
sunbathing,2,{(sun)}{(bath)},0,2,0,"0,2,0"
sunbeam,2,{(sun)}{(beam)},0,2,0,"0,2,0"
sunburn,2,{(sun)}{(burn)},0,2,0,"0,2,0"
sunburst,2,{(sun)}{(burst)},0,2,0,"0,2,0"
sunday,2,{(sun)(day)},0,2,0,"0,2,0"
sundown,2,{(sun)}{(down)},0,2,0,"0,2,0"
sunflower,2,{(sun)}{(flower)},0,2,0,"0,2,0"
sunglasses,2,{(sun)}{(glass)},0,2,0,"0,2,0"
sunlight,2,{(sun)}{(light)},0,2,0,"0,2,0"
sunrise,2,{(sun)}{(rise)},0,2,0,"0,2,0"
sunroof,2,{(sun)}{(roof)},0,2,0,"0,2,0"
sunset,2,{(sun)}{(set)},0,2,0,"0,2,0"
sunshine,2,{(sun)}{(shine)},0,2,0,"0,2,0"
sunspot,2,{(sun)}{(spot)},0,2,0,"0,2,0"
super,1,{(super)},0,1,0,"0,1,0"
superannuation,4,{<super<(ann)>ate>}>ion>,1,1,2,"1,1,2"
superiority,2,{(superior)}>ity>,0,1,1,"0,1,1"
superlative,1,{(superlative)},0,1,0,"0,1,0"
supernatural,3,<super<{(nature)>al>},1,1,1,"1,1,1"
superposition,3,<super<{(pose)}>ion>,1,1,1,"1,1,1"
superstar,2,<super<{(star)},1,1,0,"1,1,0"
superstition,1,{(superstition)},0,1,0,"0,1,0"
supervisor,3,{<super<(vise)}>or>,1,1,1,"1,1,1"
supplement,2,{<su<(plement)},1,1,0,"1,1,0"
supplies,1,{(supply)},0,1,0,"0,1,0"
support,1,{(support)},0,1,0,"0,1,0"
supporter,2,{(support)}>er>,0,1,1,"0,1,1"
supposition,3,{<su<(pose)}>ion>,1,1,1,"1,1,1"
supremacist,2,{(supreme)}>ist>,0,1,1,"0,1,1"
supremacy,2,{(supreme)}>acy>,0,1,1,"0,1,1"
surcharge,2,{<sur<(charge)},1,1,0,"1,1,0"
surety,2,{(sure)>ity>},0,1,1,"0,1,1"
surf,1,{(surf)},0,1,0,"0,1,0"
surfboard,2,{(surf)}{(board)},0,2,0,"0,2,0"
surgeon,2,{(surge)>on>},0,1,1,"0,1,1"
surmise,1,{(surmise)},0,1,0,"0,1,0"
surrealism,3,{<sur<(real)}>ism>,1,1,1,"1,1,1"
surrogate,3,{<sur<(rog)>ate>},1,1,1,"1,1,1"
surveillance,3,{<sur<(vey)>ance>)},1,1,1,"1,1,1"
surveyor,3,{<sur<(vey)}>or>,1,1,1,"1,1,1"
survivability,4,{<sur<(vive)}>able>>ity>,1,1,2,"1,1,2"
survivalist,4,{<sur<(vive)}>al>>ist>,1,1,2,"1,1,2"
survivor,3,{<sur<(vive)}>or>,1,1,1,"1,1,1"
susceptibility,4,{<sus<(cept)>able>}>ity>,1,1,2,"1,1,2"
susceptible,3,{<sus<(cept)>able>},1,1,1,"1,1,1"
sushi,1,{(sushi)},0,1,0,"0,1,0"
suspense,1,{(suspense)},0,1,0,"0,1,0"
suspicion,2,{(suspici)>on>},0,1,1,"0,1,1"
sustenance,3,{<sus<(ten)>ance>},1,1,1,"1,1,1"
swagger,1,{(swagger)},0,1,0,"0,1,0"
swain,1,{(swain)},0,1,0,"0,1,0"
swamp,1,{(swamp)},0,1,0,"0,1,0"
swan,1,{(swan)},0,1,0,"0,1,0"
swear,1,{(swear)},0,1,0,"0,1,0"
sweat,1,{(sweat)},0,1,0,"0,1,0"
sweatshirt,2,{(sweat)}{(shirt)},0,2,0,"0,2,0"
sweatshop,2,{(sweat)}{(shop)},0,2,0,"0,2,0"
swede,1,{(swede)},0,1,0,"0,1,0"
sweeper,2,{(sweep)}>er>,0,1,1,"0,1,1"
sweet,1,{(sweet)},0,1,0,"0,1,0"
sweetener,3,{(sweet)}>en>>er>,0,1,2,"0,1,2"
sweetheart,2,{(sweet)}{(heart)},0,2,0,"0,2,0"
sweetness,2,{(sweet)}>ness>,0,1,1,"0,1,1"
sweltering,1,{(swelter)},0,1,0,"0,1,0"
swerve,1,{(swerve)},0,1,0,"0,1,0"
swig,1,{(swig)},0,1,0,"0,1,0"
swimmer,2,{(swim)}>er>,0,1,1,"0,1,1"
swimsuit,2,{(swim)}{(suit)},0,2,0,"0,2,0"
swing,1,{(swing)},0,1,0,"0,1,0"
swinger,2,{(swing)}>er>,0,1,1,"0,1,1"
swirl,1,{(swirl)},0,1,0,"0,1,0"
switchboard,2,{(switch)}{(board)},0,2,0,"0,2,0"
swoon,1,{(swoon)},0,1,0,"0,1,0"
swoop,1,{(swoop)},0,1,0,"0,1,0"
swordfish,2,{(sword)}{(fish)},0,2,0,"0,2,0"
swordsman,2,{(sword)}(man),0,2,0,"0,2,0"
syllable,2,{(syllab)>le>},0,1,1,"0,1,1"
sylvan,1,{(sylvan)},0,1,0,"0,1,0"
symbiosis,3,{<sym<(bio)>sis>},1,1,1,"1,1,1"
symmetry,3,{<sy<(meter)>y>},1,1,1,"1,1,1"
sympathies,3,{<sym<(patho)>y>},1,1,1,"1,1,1"
sympathy,3,{<sym<(patho)>y>},1,1,1,"1,1,1"
symphonies,3,{<sym<(phon)>y>},1,1,1,"1,1,1"
synchronization,4,{<syn<(chrono)>ize>}>ion>,1,1,2,"1,1,2"
synchrotron,2,{<syn<(chrotron)},1,1,0,"1,1,0"
syndicate,2,{(syndic)>ate>},0,1,1,"0,1,1"
syntax,2,{<syn<(tax)},1,1,0,"1,1,0"
syrup,1,{(syrup)},0,1,0,"0,1,0"
tabby,1,{(tabby)},0,1,0,"0,1,0"
table,1,{(table)},0,1,0,"0,1,0"
tablecloth,2,{(table)}{(cloth)},0,2,0,"0,2,0"
tablespoon,2,{(table)}{(spoon)},0,2,0,"0,2,0"
tablet,1,{(tablet)},0,1,0,"0,1,0"
tableware,2,{(table)}{(ware)},0,2,0,"0,2,0"
tabloid,1,{(tabloid)},0,1,0,"0,1,0"
taboo,1,{(taboo)},0,1,0,"0,1,0"
tack,1,{(tack)},0,1,0,"0,1,0"
tackle,1,{(tackle)},0,1,0,"0,1,0"
tact,1,{(tact)},0,1,0,"0,1,0"
tactician,2,{(tactic)}>ian>,0,1,1,"0,1,1"
tag,1,{(tag)},0,1,0,"0,1,0"
tail,1,{(tail)},0,1,0,"0,1,0"
tailgate,2,{(tail)}{(gate)},0,2,0,"0,2,0"
take,1,{(take)},0,1,0,"0,1,0"
takeaway,2,{(take)}{(away)},0,2,0,"0,2,0"
takeoff,2,{(take)}{(off)},0,2,0,"0,2,0"
takeover,2,{(take)}{(over)},0,2,0,"0,2,0"
taker,2,{(take)}>er>,0,1,1,"0,1,1"
tale,1,{(tale)},0,1,0,"0,1,0"
talker,2,{(talk)}>er>,0,1,1,"0,1,1"
tally,1,{(tally)},0,1,0,"0,1,0"
tammy,1,{(tammy)},0,1,0,"0,1,0"
tank,1,{(tank)},0,1,0,"0,1,0"
tapeworm,2,{(tape)}{(worm)},0,2,0,"0,2,0"
tarantula,1,{(tarantula)},0,1,0,"0,1,0"
taster,2,{(taste)}>er>,0,1,1,"0,1,1"
taxation,2,{(tax)}>ion>,0,1,1,"0,1,1"
taxi,1,{(taxi)},0,1,0,"0,1,0"
taxicab,2,{(taxi)}{(cab)},0,2,0,"0,2,0"
taxidermy,3,{(taxi)(derm)>y>},0,2,1,"0,2,1"
taxonomy,3,{(taxo)(nomin)>y>},0,2,1,"0,2,1"
taxpayer,3,{(tax)}{(pay)}>er>,0,2,1,"0,2,1"
tea,1,{(tea)},0,1,0,"0,1,0"
teacher,2,{(teach)}>er>,0,1,1,"0,1,1"
teaches,1,{(teach)},0,1,0,"0,1,0"
teaching,1,{(teach)},0,1,0,"0,1,0"
teacup,2,{(tea)}{(cup)},0,2,0,"0,2,0"
teammate,2,{(team)}{(mate)},0,2,0,"0,2,0"
teamwork,2,{(team)}{(work)},0,2,0,"0,2,0"
teapot,2,{(tea)}{(pot)},0,2,0,"0,2,0"
teardrop,2,{(tear)}{(drop)},0,2,0,"0,2,0"
teaser,2,{(tease)}>er>,0,1,1,"0,1,1"
teaspoon,2,{(tea)}{(spoon)},0,2,0,"0,2,0"
teat,1,{(teat)},0,1,0,"0,1,0"
technicality,4,{(tech)>ic>>al>}>ity>,0,1,3,"0,1,3"
technician,2,{(tech)>ian>},0,1,1,"0,1,1"
technicolor,2,{(tech)(color)},0,2,0,"0,2,0"
technologies,3,{(tech)(log)>y>},0,2,1,"0,2,1"
technologist,3,{(tech)(log)>ist>},0,2,1,"0,2,1"
technology,3,{(tech)(log)>y>},0,2,1,"0,2,1"
ted,1,{(ted)},0,1,0,"0,1,0"
teddy,2,{(ted)}>y>,0,1,1,"0,1,1"
tedium,1,{(tedium)},0,1,0,"0,1,0"
tee,1,{(tee)},0,1,0,"0,1,0"
teen,1,{(teen)},0,1,0,"0,1,0"
teenager,3,{(teen)}{(age)}>er>,0,2,1,"0,2,1"
teeth,1,{(teeth)},0,1,0,"0,1,0"
telecast,2,{(tele)(cast)},0,2,0,"0,2,0"
telecommunications,4,(tele){(communic)>ate>}>ion>,0,2,2,"0,2,2"
telegram,2,{(tele)(gram)},0,2,0,"0,2,0"
telegraph,2,{(tele)(graph)},0,2,0,"0,2,0"
telemetry,3,{(tele)(meter)>y>},0,2,1,"0,2,1"
telepathy,3,{(tele)(patho)>y>},0,2,1,"0,2,1"
telephone,2,{(tele)(phon)},0,2,0,"0,2,0"
telephony,3,{(tele)(phon)}>y>,0,2,1,"0,2,1"
telephoto,2,(tele){(photo)},0,2,0,"0,2,0"
teleprompter,3,(tele){(prompt)}>er>,0,2,1,"0,2,1"
telescope,2,{(tele)(scope)},0,2,0,"0,2,0"
television,3,{(tele)(vis)>ion>},0,2,1,"0,2,1"
tell,1,{(tell)},0,1,0,"0,1,0"
telly,1,{(telly)},0,1,0,"0,1,0"
temperament,2,{(temper)>ment>},0,1,1,"0,1,1"
temperance,2,{(temper)>ance>},0,1,1,"0,1,1"
temperature,3,{(temper)>at>>ure>},0,1,2,"0,1,2"
temporal,2,{(tempor)>al>},0,1,1,"0,1,1"
ten,1,{(ten)},0,1,0,"0,1,0"
tenacity,2,{(ten)>ity>},0,1,1,"0,1,1"
tenant,2,{(ten)>ant>},0,1,1,"0,1,1"
tendency,2,{(tend)}>ancy>,0,1,1,"0,1,1"
tenderloin,2,{(tender)}{(loin)},0,2,0,"0,2,0"
tenderness,2,{(tender)}>ness>,0,1,1,"0,1,1"
tendon,1,{(tendon)},0,1,0,"0,1,0"
tenet,1,{(tenet)},0,1,0,"0,1,0"
tenure,1,{(tenure)},0,1,0,"0,1,0"
tequila,1,{(tequila)},0,1,0,"0,1,0"
terminal,2,{(termin)>al>},0,1,1,"0,1,1"
terminology,3,{(termin)(log)>y>},0,2,1,"0,2,1"
terminus,2,{(termin)>us>},0,1,1,"0,1,1"
tern,1,{(tern)},0,1,0,"0,1,0"
terror,2,{(terr)>or>},0,1,1,"0,1,1"
testament,2,{(test)>ment>},0,1,1,"0,1,1"
tester,2,{(test)}>er>,0,1,1,"0,1,1"
testicle,1,{(testicle)},0,1,0,"0,1,0"
testimonial,3,{(test)(mony)}>al>,0,2,1,"0,2,1"
testimonies,2,{(test)(mony)},0,2,0,"0,2,0"
testimony,2,{(test)(mony)},0,2,0,"0,2,0"
tether,1,{(tether)},0,1,0,"0,1,0"
texas,1,{(texas)},0,1,0,"0,1,0"
textbook,2,{(text)}{(book)},0,2,0,"0,2,0"
thanksgiving,2,{(thank)}{(give)},0,2,0,"0,2,0"
that,1,{(that)},0,1,0,"0,1,0"
thatch,1,{(thatch)},0,1,0,"0,1,0"
theatre,1,{(theater)},0,1,0,"0,1,0"
theft,1,{(theft)},0,1,0,"0,1,0"
themselves,2,{(them)}{(self)},0,2,0,"0,2,0"
theocracy,2,{(theo)(cracy)},0,2,0,"0,2,0"
theologian,3,{(theo)(log)>ian>},0,2,1,"0,2,1"
theology,3,{(theo)(log)>y>},0,2,1,"0,2,1"
theorist,2,{(theor)>ist>},0,1,1,"0,1,1"
theory,2,{(theor)>y>},0,1,1,"0,1,1"
therein,2,{(there)}{(in)},0,2,0,"0,2,0"
thermodynamics,2,(thermo){(dynamics)},0,2,0,"0,2,0"
thermometer,2,{(thermo)}{(meter)},0,2,0,"0,2,0"
thermoplastic,2,(thermo){(plastic)},0,2,0,"0,2,0"
thermostat,2,{(thermo)}{(stat)},0,2,0,"0,2,0"
thesis,2,{(thes)>sis>},0,1,1,"0,1,1"
thief,1,{(thief)},0,1,0,"0,1,0"
thievery,2,{(thieve)}>ory>,0,1,1,"0,1,1"
thirst,1,{(thirst)},0,1,0,"0,1,0"
thirteen,2,{(three)}>teen>,0,1,1,"0,1,1"
thirteenth,3,{(three)}>teen>>th>,0,1,2,"0,1,2"
thistle,1,{(thistle)},0,1,0,"0,1,0"
thompson,2,{(thomp)(sono)},0,2,0,"0,2,0"
thong,1,{(thong)},0,1,0,"0,1,0"
thoroughfare,2,{(thorough)}{(fare)},0,2,0,"0,2,0"
thoughtfulness,3,{(thought)}>ful>>ness>,0,1,2,"0,1,2"
thousand,1,{(thousand)},0,1,0,"0,1,0"
thousandth,2,{(thousand)}>th>,0,1,1,"0,1,1"
three,1,{(three)},0,1,0,"0,1,0"
threesome,2,{(three)}>some>,0,1,1,"0,1,1"
thriller,2,{(thrill)}>er>,0,1,1,"0,1,1"
thrombosis,2,{(thrombos)>is>},0,1,1,"0,1,1"
throughput,2,<through<{(put)},1,1,0,"1,1,0"
throwback,2,{(throw)}{(back)},0,2,0,"0,2,0"
thrush,1,{(thrush)},0,1,0,"0,1,0"
thrust,1,{(thrust)},0,1,0,"0,1,0"
thumbnail,2,{(thumb)}{(nail)},0,2,0,"0,2,0"
thump,1,{(thump)},0,1,0,"0,1,0"
thunderbolt,2,{(thunder)}{(bolt)},0,2,0,"0,2,0"
thunderclap,2,{(thunder)}{(clap)},0,2,0,"0,2,0"
thunderstorm,2,{(thunder)}{(storm)},0,2,0,"0,2,0"
thursday,2,{(thurs)(day)},0,2,0,"0,2,0"
tic,1,{(tic)},0,1,0,"0,1,0"
tick,1,{(tick)},0,1,0,"0,1,0"
ticket,1,{(ticket)},0,1,0,"0,1,0"
tidbit,1,{(tidbit)},0,1,0,"0,1,0"
tidewater,2,{(tide)}{(water)},0,2,0,"0,2,0"
tidings,1,{(tidings)},0,1,0,"0,1,0"
tiebreaker,3,{(tie)}{(break)}>er>,0,2,1,"0,2,1"
tier,1,{(tier)},0,1,0,"0,1,0"
tiffin,1,{(tiffin)},0,1,0,"0,1,0"
tiger,1,{(tiger)},0,1,0,"0,1,0"
tightness,2,{(tight)}>ness>,0,1,1,"0,1,1"
tightrope,2,{(tight)}{(rope)},0,2,0,"0,2,0"
timber,1,{(timber)},0,1,0,"0,1,0"
time,1,{(time)},0,1,0,"0,1,0"
timepiece,2,{(time)}{(piece)},0,2,0,"0,2,0"
timetable,2,{(time)}{(table)},0,2,0,"0,2,0"
tinfoil,2,{(tin)}{(foil)},0,2,0,"0,2,0"
tint,1,{(tint)},0,1,0,"0,1,0"
tiny,1,{(tiny)},0,1,0,"0,1,0"
tipper,2,{(tip)}>er>,0,1,1,"0,1,1"
tiredness,2,{(tire)}>ness>,0,1,1,"0,1,1"
tit,1,{(tit)},0,1,0,"0,1,0"
titanic,2,{(titan)}>ic>,0,1,1,"0,1,1"
title,1,{(title)},0,1,0,"0,1,0"
toad,1,{(toad)},0,1,0,"0,1,0"
toast,1,{(toast)},0,1,0,"0,1,0"
toaster,2,{(toast)}>er>,0,1,1,"0,1,1"
tobacco,1,{(tobacco)},0,1,0,"0,1,0"
today,2,{(to)(day)},0,2,0,"0,2,0"
toenail,2,{(toe)}{(nail)},0,2,0,"0,2,0"
tofu,1,{(tofu)},0,1,0,"0,1,0"
toga,1,{(toga)},0,1,0,"0,1,0"
together,1,{(together)},0,1,0,"0,1,0"
togetherness,2,{(together)}>ness>,0,1,1,"0,1,1"
toil,1,{(toil)},0,1,0,"0,1,0"
tokyo,1,{(tokyo)},0,1,0,"0,1,0"
toleration,3,{(toler)>ate>}>ion>,0,1,2,"0,1,2"
toll,1,{(toll)},0,1,0,"0,1,0"
tomato,1,{(tomato)},0,1,0,"0,1,0"
tomboy,2,{(tom)}{(boy)},0,2,0,"0,2,0"
tombstone,2,{(tomb)}{(stone)},0,2,0,"0,2,0"
tomcat,2,{(tom)}{(cat)},0,2,0,"0,2,0"
tomorrow,1,{(tomorrow)},0,1,0,"0,1,0"
tongue,1,{(tongue)},0,1,0,"0,1,0"
tonight,2,{(to)(night)},0,2,0,"0,2,0"
tonnage,2,{(ton)}>age>,0,1,1,"0,1,1"
toothache,2,{(tooth)}{(ache)},0,2,0,"0,2,0"
toothbrush,2,{(tooth)}{(brush)},0,2,0,"0,2,0"
toothpaste,2,{(tooth)}{(paste)},0,2,0,"0,2,0"
toothpick,2,{(tooth)}{(pick)},0,2,0,"0,2,0"
top,1,{(top)},0,1,0,"0,1,0"
topography,3,{(topo)(graph)>y>},0,2,1,"0,2,1"
topping,1,{(top)},0,1,0,"0,1,0"
toppling,1,{(topple)},0,1,0,"0,1,0"
topsoil,2,{(top)}{(soil)},0,2,0,"0,2,0"
torment,1,{(torment)},0,1,0,"0,1,0"
tornado,1,{(tornado)},0,1,0,"0,1,0"
tort,1,{(tort)},0,1,0,"0,1,0"
tortilla,1,{(tortilla)},0,1,0,"0,1,0"
tortoise,1,{(tortoise)},0,1,0,"0,1,0"
torture,1,{(torture)},0,1,0,"0,1,0"
totalitarianism,3,{(total)}>ian>>ism>,0,1,2,"0,1,2"
touchdown,2,{(touch)}{(down)},0,2,0,"0,2,0"
touchstone,2,{(touch)}{(stone)},0,2,0,"0,2,0"
tour,1,{(tour)},0,1,0,"0,1,0"
tourism,2,{(tour)}>ism>,0,1,1,"0,1,1"
tourist,2,{(tour)}>ist>,0,1,1,"0,1,1"
tow,1,{(tow)},0,1,0,"0,1,0"
tower,1,{(tower)},0,1,0,"0,1,0"
town,1,{(town)},0,1,0,"0,1,0"
townsfolk,2,{(town)}{(folk)},0,2,0,"0,2,0"
townspeople,2,{(town)}{(people)},0,2,0,"0,2,0"
toxic,2,{(toxico)>ic>},0,1,1,"0,1,1"
toxicity,3,{(toxico)>ic>}>ity>,0,1,2,"0,1,2"
toxicology,4,{(toxico)>ic>}(log)>y>,0,2,2,"0,2,2"
tracksuit,2,{(track)}{(suit)},0,2,0,"0,2,0"
tract,1,{(tract)},0,1,0,"0,1,0"
traction,2,{(tract)>ion>},0,1,1,"0,1,1"
tractor,2,{(tract)>or>},0,1,1,"0,1,1"
trademark,2,{(trade)}{(mark)},0,2,0,"0,2,0"
trader,2,{(trade)}>er>,0,1,1,"0,1,1"
tradesman,2,{(trade)}(man),0,2,0,"0,2,0"
tradesmen,2,{(trade)}(men),0,2,0,"0,2,0"
traffic,1,{(traffic)},0,1,0,"0,1,0"
trafficker,2,{(traffic)}>er>,0,1,1,"0,1,1"
tragic,1,{(tragic)},0,1,0,"0,1,0"
trailer,2,{(trail)}>er>,0,1,1,"0,1,1"
traitor,2,{(trait)>or>},0,1,1,"0,1,1"
tram,1,{(tram)},0,1,0,"0,1,0"
tramp,1,{(tramp)},0,1,0,"0,1,0"
tramway,2,{(tram)}{(way)},0,2,0,"0,2,0"
trance,1,{(trance)},0,1,0,"0,1,0"
tranquility,2,{(tranquil)}>ity>,0,1,1,"0,1,1"
transaction,3,{<trans<(act)}>ion>,1,1,1,"1,1,1"
transcending,1,{(transcend)},0,1,0,"0,1,0"
transcript,2,{<trans<(script)},1,1,0,"1,1,0"
transducer,3,{<trans<(duct)>er>},1,1,1,"1,1,1"
transfer,1,{(transfer)},0,1,0,"0,1,0"
transference,2,{(transfer)}>ance>,0,1,1,"0,1,1"
transformer,3,<trans<{(form)}>er>,1,1,1,"1,1,1"
transgression,3,{<trans<(gress)}>ion>,1,1,1,"1,1,1"
transit,1,{(transit)},0,1,0,"0,1,0"
transition,2,{(transit)}>ion>,0,1,1,"0,1,1"
transitive,2,{(transit)}>ive>,0,1,1,"0,1,1"
translation,2,{(translate)}>ion>,0,1,1,"0,1,1"
translator,2,{(translate)}>or>,0,1,1,"0,1,1"
transmit,1,{(transmit)},0,1,0,"0,1,0"
transmitter,2,{(transmit)}>er>,0,1,1,"0,1,1"
transport,2,{<trans<(port)},1,1,0,"1,1,0"
transportation,3,{<trans<(port)}>ion>,1,1,1,"1,1,1"
transporter,3,{<trans<(port)}>er>,1,1,1,"1,1,1"
transvestite,3,{<trans<(vest)>ite>},1,1,1,"1,1,1"
trapper,2,{(trap)}>er>,0,1,1,"0,1,1"
trapping,1,{(trap)},0,1,0,"0,1,0"
trash,1,{(trash)},0,1,0,"0,1,0"
trauma,1,{(trauma)},0,1,0,"0,1,0"
traveller,2,{(travel)}>er>,0,1,1,"0,1,1"
trawler,2,{(trawl)}>er>,0,1,1,"0,1,1"
treachery,2,{(treacher)>y>},0,1,1,"0,1,1"
treadmill,2,{(tread)}{(mill)},0,2,0,"0,2,0"
treason,1,{(treason)},0,1,0,"0,1,0"
treasurer,2,{(treasure)}>er>,0,1,1,"0,1,1"
treasury,2,{(treasure)}>y>,0,1,1,"0,1,1"
treaties,1,{(treaty)},0,1,0,"0,1,0"
treatment,2,{(treat)}>ment>,0,1,1,"0,1,1"
trek,1,{(trek)},0,1,0,"0,1,0"
trekking,1,{(trek)},0,1,0,"0,1,0"
tremor,1,{(tremor)},0,1,0,"0,1,0"
trench,1,{(trench)},0,1,0,"0,1,0"
trepidation,2,{(trepid)}>ion>,0,1,1,"0,1,1"
trespass,1,{(trespass)},0,1,0,"0,1,0"
trestle,1,{(trestle)},0,1,0,"0,1,0"
tribe,1,{(tribe)},0,1,0,"0,1,0"
tribesmen,2,{(tribe)}(men),0,2,0,"0,2,0"
tribunal,2,{(tribune)}>al>,0,1,1,"0,1,1"
tributary,2,{(tribute)}>ory>,0,1,1,"0,1,1"
triceps,2,{<tri<(ceps)},1,1,0,"1,1,0"
trickster,2,{(trick)}>ster>,0,1,1,"0,1,1"
tricycle,2,{<tri<(cycle)},1,1,0,"1,1,0"
trident,2,{<tri<(dent)},1,1,0,"1,1,0"
trier,2,{(try)}>er>,0,1,1,"0,1,1"
trigonometry,4,{<tri<(gono)(meter)>y>},1,2,1,"1,2,1"
trillion,2,{(tri)>illion>},0,1,1,"0,1,1"
trilogy,1,{(trilogy)},0,1,0,"0,1,0"
trim,1,{(trim)},0,1,0,"0,1,0"
trinket,1,{(trinket)},0,1,0,"0,1,0"
trio,1,{(trio)},0,1,0,"0,1,0"
tripe,1,{(tripe)},0,1,0,"0,1,0"
tripod,2,{<tri<(podo)},1,1,0,"1,1,0"
triumphal,2,{(triumph)}>al>,0,1,1,"0,1,1"
triumvirate,2,{(triumvir)}>ate>,0,1,1,"0,1,1"
trivial,2,{(trivia)}>al>,0,1,1,"0,1,1"
troika,1,{(troika)},0,1,0,"0,1,0"
trombone,1,{(trombone)},0,1,0,"0,1,0"
trophies,1,{(trophy)},0,1,0,"0,1,0"
trophy,1,{(trophy)},0,1,0,"0,1,0"
tropic,1,{(tropic)},0,1,0,"0,1,0"
tropical,2,{(tropic)}>al>,0,1,1,"0,1,1"
trot,1,{(trot)},0,1,0,"0,1,0"
troublemaker,3,{(trouble)}{(make)}>er>,0,2,1,"0,2,1"
trove,1,{(trove)},0,1,0,"0,1,0"
truck,1,{(truck)},0,1,0,"0,1,0"
trumpet,1,{(trumpet)},0,1,0,"0,1,0"
trust,1,{(trust)},0,1,0,"0,1,0"
trustworthiness,4,{(trust)}{(worth)}>y>>ness>,0,2,2,"0,2,2"
truthfulness,3,{(truth)}>ful>>ness>,0,1,2,"0,1,2"
tryst,1,{(tryst)},0,1,0,"0,1,0"
tuba,1,{(tuba)},0,1,0,"0,1,0"
tube,1,{(tube)},0,1,0,"0,1,0"
tuesday,2,{(tues)(day)},0,2,0,"0,2,0"
tugboat,2,{(tug)}{(boat)},0,2,0,"0,2,0"
tumbleweed,2,{(tumble)}{(weed)},0,2,0,"0,2,0"
tummy,1,{(tummy)},0,1,0,"0,1,0"
tuner,2,{(tune)}>er>,0,1,1,"0,1,1"
tunnel,1,{(tunnel)},0,1,0,"0,1,0"
tunnelling,1,{(tunnel)},0,1,0,"0,1,0"
turbine,1,{(turbine)},0,1,0,"0,1,0"
turd,1,{(turd)},0,1,0,"0,1,0"
turmoil,1,{(turmoil)},0,1,0,"0,1,0"
turnaround,2,{(turn)}{(around)},0,2,0,"0,2,0"
turnkey,2,{(turn)}{(key)},0,2,0,"0,2,0"
turnoff,2,{(turn)}{(off)},0,2,0,"0,2,0"
turnout,2,{(turn)}{(out)},0,2,0,"0,2,0"
turnover,2,{(turn)}{(over)},0,2,0,"0,2,0"
turnpike,2,{(turn)}{(pike)},0,2,0,"0,2,0"
turntable,2,{(turn)}{(table)},0,2,0,"0,2,0"
turtleneck,2,{(turtle)}{(neck)},0,2,0,"0,2,0"
tut,1,{(tut)},0,1,0,"0,1,0"
tutorial,2,{(tutor)}>al>,0,1,1,"0,1,1"
twang,1,{(twang)},0,1,0,"0,1,0"
tweak,1,{(tweak)},0,1,0,"0,1,0"
tweet,1,{(tweet)},0,1,0,"0,1,0"
tweeter,2,{(tweet)}>er>,0,1,1,"0,1,1"
twelve,1,{(twelve)},0,1,0,"0,1,0"
twenties,1,{(twenty)},0,1,0,"0,1,0"
twentieth,2,{(twenty)}>th>,0,1,1,"0,1,1"
twill,1,{(twill)},0,1,0,"0,1,0"
twinkle,1,{(twinkle)},0,1,0,"0,1,0"
twirl,1,{(twirl)},0,1,0,"0,1,0"
twit,1,{(twit)},0,1,0,"0,1,0"
typeface,2,{(typo)}{(face)},0,2,0,"0,2,0"
typescript,2,{(typo)}{(script)},0,2,0,"0,2,0"
typesetting,2,{(typo)}{(set)},0,2,0,"0,2,0"
typewriter,3,{(typo)}{(write)}>er>,0,2,1,"0,2,1"
typhoon,1,{(typhoon)},0,1,0,"0,1,0"
typist,2,{(typo)}>ist>,0,1,1,"0,1,1"
typography,3,{(typo)}(graph)>y>,0,2,1,"0,2,1"
typology,3,{(typo)}(log)>y>,0,2,1,"0,2,1"
tyrannosaurus,3,{(tyran)(saur)>us>},0,2,1,"0,2,1"
tyranny,2,{(tyran)>y>},0,1,1,"0,1,1"
tyrant,1,{(tyran)},0,1,0,"0,1,0"
ubiquity,2,{(ubiqu)>ity>},0,1,1,"0,1,1"
ukrainian,2,{(ukraine)}>ian>,0,1,1,"0,1,1"
ulster,1,{(ulster)},0,1,0,"0,1,0"
ultimate,2,{(ultim)>ate>},0,1,1,"0,1,1"
ultraviolet,2,<ultra<{(violet)},1,1,0,"1,1,0"
unaware,2,<un<{(aware)},1,1,0,"1,1,0"
unbelief,2,<un<{(belief)},1,1,0,"1,1,0"
unconscious,2,<un<{(conscious)},1,1,0,"1,1,0"
uncovering,2,<un<{(cover)},1,1,0,"1,1,0"
uncut,2,<un<{(cut)},1,1,0,"1,1,0"
undercurrent,2,<under<{(current)},1,1,0,"1,1,0"
underdog,2,<under<{(dog)},1,1,0,"1,1,0"
underestimating,3,<under<{(esteem)>ate>},1,1,1,"1,1,1"
undergrad,2,<under<{(grad)},1,1,0,"1,1,0"
undergraduate,2,<under<{(graduate)},1,1,0,"1,1,0"
underground,2,<under<{(ground)},1,1,0,"1,1,0"
underpants,2,<under<{(pant)},1,1,0,"1,1,0"
underpinning,2,<under<{(pin)},1,1,0,"1,1,0"
underside,2,<under<{(side)},1,1,0,"1,1,0"
understudy,3,<under<{(stud)>y>},1,1,1,"1,1,1"
undertaker,3,<under<{(take)}>er>,1,1,1,"1,1,1"
undertone,2,<under<{(tone)},1,1,0,"1,1,0"
underwear,2,<under<{(wear)},1,1,0,"1,1,0"
underworld,2,<under<{(world)},1,1,0,"1,1,0"
underwriter,3,<under<{(write)}>er>,1,1,1,"1,1,1"
undoing,2,<un<{(do)},1,1,0,"1,1,0"
unease,2,<un<{(ease)},1,1,0,"1,1,0"
unfolding,2,<un<{(fold)},1,1,0,"1,1,0"
unhappiness,3,<un<{(happy)}>ness>,1,1,1,"1,1,1"
unicorn,2,{<uni<(corn)},1,1,0,"1,1,0"
uniformity,3,{<uni<(form)}>ity>,1,1,1,"1,1,1"
union,2,{(un)}>ion>,0,1,1,"0,1,1"
uniqueness,2,{(unique)}>ness>,0,1,1,"0,1,1"
unison,1,{(unison)},0,1,0,"0,1,0"
unity,2,{(un)}>ity>,0,1,1,"0,1,1"
universality,4,{<uni<(verse)}>al>>ity>,1,1,2,"1,1,2"
universe,2,{<uni<(verse)},1,1,0,"1,1,0"
universities,3,{<uni<(verse)>ity>},1,1,1,"1,1,1"
university,3,{<uni<(verse)>ity>},1,1,1,"1,1,1"
unjust,2,<un<{(just)},1,1,0,"1,1,0"
unknown,3,<un<{(know)}>n>,1,1,1,"1,1,1"
unlawful,3,<un<{(law)}>ful>,1,1,1,"1,1,1"
unpleasantness,4,<un<{(please)>ant>}>ness>,1,1,2,"1,1,2"
unrest,2,<un<{(rest)},1,1,0,"1,1,0"
untouchables,3,<un<{(touch)}>able>,1,1,1,"1,1,1"
unveiling,2,<un<{(veil)},1,1,0,"1,1,0"
unwillingness,3,<un<{(will)}>ness>,1,1,1,"1,1,1"
upbringing,2,<up<{(bring)},1,1,0,"1,1,0"
updating,2,<up<{(date)},1,1,0,"1,1,0"
upgrading,2,<up<{(grade)},1,1,0,"1,1,0"
upheaval,3,<up<{(heave)}>al>,1,1,1,"1,1,1"
uppercut,3,{(up)}>er>{(cut)},0,2,1,"0,2,1"
upping,1,{(up)},0,1,0,"0,1,0"
uprising,2,<up<{(rise)},1,1,0,"1,1,0"
upshot,2,<up<{(shot)},1,1,0,"1,1,0"
upside,2,<up<{(side)},1,1,0,"1,1,0"
upstanding,2,<up<{(stand)},1,1,0,"1,1,0"
upstart,2,<up<{(start)},1,1,0,"1,1,0"
upsurge,2,<up<{(surge)},1,1,0,"1,1,0"
upswing,2,<up<{(swing)},1,1,0,"1,1,0"
uptake,2,<up<{(take)},1,1,0,"1,1,0"
uptown,2,<up<{(town)},1,1,0,"1,1,0"
uranium,1,{(uranium)},0,1,0,"0,1,0"
urbanism,3,{(urb)>ian>}>ism>,0,1,2,"0,1,2"
urgent,2,{(urge)>ant>},0,1,1,"0,1,1"
urinal,2,{(urine)}>al>,0,1,1,"0,1,1"
urinating,2,{(urine)}>ate>,0,1,1,"0,1,1"
urination,3,{(urine)}>ate>>ion>,0,1,2,"0,1,2"
urine,1,{(urine)},0,1,0,"0,1,0"
urn,1,{(urn)},0,1,0,"0,1,0"
usage,2,{(use)}>age>,0,1,1,"0,1,1"
useful,2,{(use)}>ful>,0,1,1,"0,1,1"
usefulness,3,{(use)}>ful>>ness>,0,1,2,"0,1,2"
user,2,{(use)}>er>,0,1,1,"0,1,1"
usher,1,{(usher)},0,1,0,"0,1,0"
using,1,{(use)},0,1,0,"0,1,0"
usual,1,{(usual)},0,1,0,"0,1,0"
usury,2,{(usur)>y>},0,1,1,"0,1,1"
utensil,1,{(utensil)},0,1,0,"0,1,0"
uterine,2,{(utero)>ine>},0,1,1,"0,1,1"
uterus,2,{(utero)>us>},0,1,1,"0,1,1"
utilization,3,{(util)>ize>}>ion>,0,1,2,"0,1,2"
utopia,3,{<u<(top)>ia>},1,1,1,"1,1,1"
utopian,4,{<u<(top)>ia>}>n>,1,1,2,"1,1,2"
utterance,2,{(utter)}>ance>,0,1,1,"0,1,1"
vaccination,3,{(vaccine)}>ate>>ion>,0,1,2,"0,1,2"
vagina,1,{(vagina)},0,1,0,"0,1,0"
vagueness,2,{(vague)}>ness>,0,1,1,"0,1,1"
valedictorian,3,{(val)(dict)>ian>},0,2,1,"0,2,1"
valentine,1,{(valentine)},0,1,0,"0,1,0"
valiant,1,{(valiant)},0,1,0,"0,1,0"
valley,1,{(valley)},0,1,0,"0,1,0"
valor,1,{(valor)},0,1,0,"0,1,0"
valuation,3,{(value)}>ate>>ion>,0,1,2,"0,1,2"
value,1,{(value)},0,1,0,"0,1,0"
vanguard,1,{(vanguard)},0,1,0,"0,1,0"
vanishes,1,{(vanish)},0,1,0,"0,1,0"
vanities,2,{(vane)}>ity>,0,1,1,"0,1,1"
vanity,2,{(vane)}>ity>,0,1,1,"0,1,1"
variance,2,{(vary)}>ance>,0,1,1,"0,1,1"
variant,2,{(vary)}>ant>,0,1,1,"0,1,1"
vase,1,{(vase)},0,1,0,"0,1,0"
vault,1,{(vault)},0,1,0,"0,1,0"
veal,1,{(veal)},0,1,0,"0,1,0"
vegas,1,{(vegas)},0,1,0,"0,1,0"
vegetarianism,3,{(veget)>ian>}>ism>,0,1,2,"0,1,2"
vein,1,{(vein)},0,1,0,"0,1,0"
velocities,2,{(veloc)>ity>},0,1,1,"0,1,1"
vendor,2,{(vend)}>or>,0,1,1,"0,1,1"
veneration,3,{(vener)>ate>}>ion>,0,1,2,"0,1,2"
vengeance,2,{(venge)>ance>},0,1,1,"0,1,1"
vent,1,{(vent)},0,1,0,"0,1,0"
ventilation,2,{(ventilate)}>ion>,0,1,1,"0,1,1"
ventilator,2,{(ventilate)}>or>,0,1,1,"0,1,1"
venture,1,{(venture)},0,1,0,"0,1,0"
veracity,2,{(verac)>ity>},0,1,1,"0,1,1"
verandah,1,{(verandah)},0,1,0,"0,1,0"
verb,1,{(verb)},0,1,0,"0,1,0"
verdict,1,{(verdict)},0,1,0,"0,1,0"
verge,1,{(verge)},0,1,0,"0,1,0"
verification,3,{(veri)>ify>}>ion>,0,1,2,"0,1,2"
verity,2,{(veri)>ity>},0,1,1,"0,1,1"
versatility,2,{(versatile)}>ity>,0,1,1,"0,1,1"
verse,1,{(verse)},0,1,0,"0,1,0"
version,1,{(version)},0,1,0,"0,1,0"
vertebrae,2,{(vertebr)>ae>},0,1,1,"0,1,1"
vertebrate,2,{(vertebr)>ate>},0,1,1,"0,1,1"
vertex,1,{(vertex)},0,1,0,"0,1,0"
vertical,1,{(vertical)},0,1,0,"0,1,0"
vertices,1,{(vertex)},0,1,0,"0,1,0"
vertigo,1,{(vertigo)},0,1,0,"0,1,0"
vestry,1,{(vestry)},0,1,0,"0,1,0"
vet,1,{(vet)},0,1,0,"0,1,0"
veterinary,1,{(veterinary)},0,1,0,"0,1,0"
vetting,1,{(vet)},0,1,0,"0,1,0"
viability,2,{(viable)}>ity>,0,1,1,"0,1,1"
viaduct,2,{(via)(duct)},0,2,0,"0,2,0"
vial,1,{(vial)},0,1,0,"0,1,0"
vibration,3,{(vibr)>ate>}>ion>,0,1,2,"0,1,2"
vibrato,1,{(vibrato)},0,1,0,"0,1,0"
vicarage,2,{(vicar)}>age>,0,1,1,"0,1,1"
vice,1,{(vice)},0,1,0,"0,1,0"
viceroy,2,{(vice)(roy)},0,2,0,"0,2,0"
vicinity,1,{(vicinity)},0,1,0,"0,1,0"
victim,1,{(victim)},0,1,0,"0,1,0"
victimization,3,{(victim)}>ize>>ion>,0,1,2,"0,1,2"
victor,1,{(victor)},0,1,0,"0,1,0"
victoria,2,{(victor)>ia>},0,1,1,"0,1,1"
victory,2,{(victor)>y>},0,1,1,"0,1,1"
videotape,2,{(video)}{(tape)},0,2,0,"0,2,0"
viewfinder,3,{(view)}{(find)}>er>,0,2,1,"0,2,1"
viewpoint,2,{(view)}{(point)},0,2,0,"0,2,0"
vigilante,2,{(vigil)>ante>},0,1,1,"0,1,1"
vigour,1,{(vigor)},0,1,0,"0,1,0"
villainy,2,{(villain)}>y>,0,1,1,"0,1,1"
vinaigrette,1,{(vinaigrette)},0,1,0,"0,1,0"
vindication,2,{(vindicate)}>ion>,0,1,1,"0,1,1"
vine,1,{(vine)},0,1,0,"0,1,0"
vineyard,2,{(vine)(yard)},0,2,0,"0,2,0"
vintage,1,{(vintage)},0,1,0,"0,1,0"
viola,1,{(viola)},0,1,0,"0,1,0"
violation,3,{(viol)>ate>}>ion>,0,1,2,"0,1,2"
violet,1,{(violet)},0,1,0,"0,1,0"
violin,1,{(violin)},0,1,0,"0,1,0"
violinist,2,{(violin)}>ist>,0,1,1,"0,1,1"
virginia,2,{(virgin)>ia>},0,1,1,"0,1,1"
virology,3,{(vir)(log)>y>},0,2,1,"0,2,1"
virtuosity,3,{(virtue)}>ious>>ity>,0,1,2,"0,1,2"
virtuoso,1,{(virtuoso)},0,1,0,"0,1,0"
virus,2,{(vir)>us>},0,1,1,"0,1,1"
vision,2,{(vis)>ion>},0,1,1,"0,1,1"
visionaries,3,{(vis)>ion>}>ory>,0,1,2,"0,1,2"
visitation,2,{(visit)}>ion>,0,1,1,"0,1,1"
visitor,2,{(visit)}>or>,0,1,1,"0,1,1"
visualization,4,{(vis)>al>}>ize>>ion>,0,1,3,"0,1,3"
vitality,2,{(vital)}>ity>,0,1,1,"0,1,1"
vitro,1,{(vitro)},0,1,0,"0,1,0"
vocabulary,2,{(voc)>abulary>},0,1,1,"0,1,1"
vogue,1,{(vogue)},0,1,0,"0,1,0"
voice,1,{(voice)},0,1,0,"0,1,0"
vol,1,{(vol)},0,1,0,"0,1,0"
volition,2,{(vol)>ion>},0,1,1,"0,1,1"
volleyball,2,{(volley)}{(ball)},0,2,0,"0,2,0"
volunteer,2,{(volunt)>eer>},0,1,1,"0,1,1"
vomit,1,{(vomit)},0,1,0,"0,1,0"
voter,2,{(vote)}>er>,0,1,1,"0,1,1"
vowel,1,{(vowel)},0,1,0,"0,1,0"
vox,1,{(vox)},0,1,0,"0,1,0"
voyeur,1,{(voyeur)},0,1,0,"0,1,0"
vulnerabilities,2,{(vulnerable)}>ity>,0,1,1,"0,1,1"
waffle,1,{(waffle)},0,1,0,"0,1,0"
wager,2,{(wage)}>er>,0,1,1,"0,1,1"
wail,1,{(wail)},0,1,0,"0,1,0"
waist,1,{(waist)},0,1,0,"0,1,0"
waistband,2,{(waist)}{(band)},0,2,0,"0,2,0"
waistcoat,2,{(waist)}{(coat)},0,2,0,"0,2,0"
waistline,2,{(waist)}{(line)},0,2,0,"0,2,0"
wake,1,{(wake)},0,1,0,"0,1,0"
walkabout,2,{(walk)}{(about)},0,2,0,"0,2,0"
walkout,2,{(walk)}{(out)},0,2,0,"0,2,0"
walkways,2,{(walk)}{(way)},0,2,0,"0,2,0"
wallflower,2,{(wall)}{(flower)},0,2,0,"0,2,0"
wallpaper,2,{(wall)}{(paper)},0,2,0,"0,2,0"
walnut,2,{(wal)(nut)},0,2,0,"0,2,0"
walter,1,{(walter)},0,1,0,"0,1,0"
waltz,1,{(waltz)},0,1,0,"0,1,0"
wanderer,2,{(wander)}>er>,0,1,1,"0,1,1"
wandering,1,{(wander)},0,1,0,"0,1,0"
wanderlust,2,{(wander)}{(lust)},0,2,0,"0,2,0"
wanker,2,{(wank)}>er>,0,1,1,"0,1,1"
wanton,1,{(wanton)},0,1,0,"0,1,0"
war,1,{(war)},0,1,0,"0,1,0"
warden,2,{(ward)}>en>,0,1,1,"0,1,1"
wardrobe,2,{(ward)}{(robe)},0,2,0,"0,2,0"
ware,1,{(ware)},0,1,0,"0,1,0"
warehouse,2,{(ware)}{(house)},0,2,0,"0,2,0"
warfare,2,{(war)(fare)},0,2,0,"0,2,0"
warhead,2,{(war)}{(head)},0,2,0,"0,2,0"
warlord,2,{(war)}{(lord)},0,2,0,"0,2,0"
warmers,2,{(warm)}>er>,0,1,1,"0,1,1"
warmup,2,{(warm)}{(up)},0,2,0,"0,2,0"
warrant,1,{(warrant)},0,1,0,"0,1,0"
warranty,2,{(warrant)}>y>,0,1,1,"0,1,1"
warren,1,{(warren)},0,1,0,"0,1,0"
warship,2,{(war)}{(ship)},0,2,0,"0,2,0"
wart,1,{(wart)},0,1,0,"0,1,0"
wartime,2,{(war)}{(time)},0,2,0,"0,2,0"
wary,2,{(ware)>y>},0,1,1,"0,1,1"
wash,1,{(wash)},0,1,0,"0,1,0"
washer,2,{(wash)}>er>,0,1,1,"0,1,1"
washout,2,{(wash)}{(out)},0,2,0,"0,2,0"
washroom,2,{(wash)}{(room)},0,2,0,"0,2,0"
wastage,2,{(waste)}>age>,0,1,1,"0,1,1"
wasteland,2,{(waste)}{(land)},0,2,0,"0,2,0"
wastewater,2,{(waste)}{(water)},0,2,0,"0,2,0"
watch,1,{(watch)},0,1,0,"0,1,0"
watchdog,2,{(watch)}{(dog)},0,2,0,"0,2,0"
watcher,2,{(watch)}>er>,0,1,1,"0,1,1"
watchmaker,3,{(watch)}{(make)}>er>,0,2,1,"0,2,1"
watchman,2,{(watch)}(man),0,2,0,"0,2,0"
watchmen,2,{(watch)}(men),0,2,0,"0,2,0"
watchtower,2,{(watch)}{(tower)},0,2,0,"0,2,0"
watercolor,2,{(water)}{(color)},0,2,0,"0,2,0"
watercolour,2,{(water)}{(color)},0,2,0,"0,2,0"
waterfall,2,{(water)}{(fall)},0,2,0,"0,2,0"
waterfowl,2,{(water)}{(fowl)},0,2,0,"0,2,0"
waterfront,2,{(water)}{(front)},0,2,0,"0,2,0"
waterline,2,{(water)}{(line)},0,2,0,"0,2,0"
waterman,2,{(water)(man)},0,2,0,"0,2,0"
watermark,2,{(water)}{(mark)},0,2,0,"0,2,0"
watermelon,2,{(water)}{(melon)},0,2,0,"0,2,0"
waterproof,2,{(water)}{(proof)},0,2,0,"0,2,0"
watershed,2,{(water)}{(shed)},0,2,0,"0,2,0"
waterside,2,{(water)}{(side)},0,2,0,"0,2,0"
waterway,2,{(water)}{(way)},0,2,0,"0,2,0"
waterworks,2,{(water)}{(work)},0,2,0,"0,2,0"
watson,2,{(wat)(sono)},0,2,0,"0,2,0"
watt,1,{(watt)},0,1,0,"0,1,0"
wattage,2,{(watt)}>age>,0,1,1,"0,1,1"
wavelength,2,{(wave)}{(length)},0,2,0,"0,2,0"
wavering,1,{(waver)},0,1,0,"0,1,0"
way,1,{(way)},0,1,0,"0,1,0"
wayside,2,{(way)}{(side)},0,2,0,"0,2,0"
weak,1,{(weak)},0,1,0,"0,1,0"
wearer,2,{(weare)}>er>,0,1,1,"0,1,1"
weariness,2,{(weary)}>ness>,0,1,1,"0,1,1"
weatherman,2,{(weather)}{(man)},0,2,0,"0,2,0"
weave,1,{(weave)},0,1,0,"0,1,0"
weaver,2,{(weave)}>er>,0,1,1,"0,1,1"
web,1,{(web)},0,1,0,"0,1,0"
wedding,1,{(wed)},0,1,0,"0,1,0"
wedge,1,{(wedge)},0,1,0,"0,1,0"
wedlock,2,{(wed)}{(lock)},0,2,0,"0,2,0"
wednesday,2,{(wednes)(day)},0,2,0,"0,2,0"
weed,1,{(weed)},0,1,0,"0,1,0"
weekday,2,{(week)}{(day)},0,2,0,"0,2,0"
weekend,2,{(week)}{(end)},0,2,0,"0,2,0"
weeknight,2,{(week)}{(night)},0,2,0,"0,2,0"
weeping,1,{(weep)},0,1,0,"0,1,0"
weevil,1,{(weevil)},0,1,0,"0,1,0"
weight,2,{(weigh)>t>},0,1,1,"0,1,1"
weirdo,2,{(weird)}>o>,0,1,1,"0,1,1"
welcome,1,{(welcome)},0,1,0,"0,1,0"
welder,2,{(weld)}>er>,0,1,1,"0,1,1"
welding,1,{(weld)},0,1,0,"0,1,0"
welfare,2,{(wel)(fare)},0,2,0,"0,2,0"
well,1,{(well)},0,1,0,"0,1,0"
wellbeing,2,{(well)}{(be)},0,2,0,"0,2,0"
welsh,1,{(welsh)},0,1,0,"0,1,0"
welt,1,{(welt)},0,1,0,"0,1,0"
welterweight,3,{(welter)}{(weigh)>t>},0,2,1,"0,2,1"
wen,1,{(wen)},0,1,0,"0,1,0"
west,1,{(west)},0,1,0,"0,1,0"
western,2,{(west)}>ern>,0,1,1,"0,1,1"
westerner,3,{(west)}>ern>>er>,0,1,2,"0,1,2"
westwards,2,{(west)}>ward>,0,1,1,"0,1,1"
wet,1,{(wet)},0,1,0,"0,1,0"
wetlands,2,{(wet)}(land),0,2,0,"0,2,0"
wetter,2,{(wet)}>er>,0,1,1,"0,1,1"
whack,1,{(whack)},0,1,0,"0,1,0"
whatnot,2,{(what)}{(not)},0,2,0,"0,2,0"
whatsoever,3,{(what)}{(so)}{(ever)},0,3,0,"0,3,0"
wheelbarrow,2,{(wheel)}{(barrow)},0,2,0,"0,2,0"
wheelbase,2,{(wheel)}{(base)},0,2,0,"0,2,0"
wheelchair,2,{(wheel)}{(chair)},0,2,0,"0,2,0"
wheelhouse,2,{(wheel)}{(house)},0,2,0,"0,2,0"
whereabouts,2,{(where)}{(about)},0,2,0,"0,2,0"
wherein,2,{(where)}{(in)},0,2,0,"0,2,0"
whereupon,2,{(where)}{(upon)},0,2,0,"0,2,0"
wherewithal,3,{(where)(with)>al>},0,2,1,"0,2,1"
whimper,1,{(whimper)},0,1,0,"0,1,0"
whimsy,2,{(whim)>y>},0,1,1,"0,1,1"
whiplash,2,{(whip)}{(lash)},0,2,0,"0,2,0"
whipping,1,{(whip)},0,1,0,"0,1,0"
whirlpool,2,{(whirl)}{(pool)},0,2,0,"0,2,0"
whirlwind,2,{(whirl)}{(wind)},0,2,0,"0,2,0"
whisk,1,{(whisk)},0,1,0,"0,1,0"
whisky,1,{(whisky)},0,1,0,"0,1,0"
whisperer,2,{(whisper)}>er>,0,1,1,"0,1,1"
white,1,{(white)},0,1,0,"0,1,0"
whitehead,2,{(white)}{(head)},0,2,0,"0,2,0"
whitewash,2,{(white)}{(wash)},0,2,0,"0,2,0"
whiz,1,{(whiz)},0,1,0,"0,1,0"
wholesaler,3,{(whole)}{(sale)}>er>,0,2,1,"0,2,1"
whoop,1,{(whoop)},0,1,0,"0,1,0"
wickedness,2,{(wicked)}>ness>,0,1,1,"0,1,1"
wicket,1,{(wicket)},0,1,0,"0,1,0"
widening,2,{(wide)}>en>,0,1,1,"0,1,1"
wig,1,{(wig)},0,1,0,"0,1,0"
wight,1,{(wight)},0,1,0,"0,1,0"
wildcat,2,{(wild)}{(cat)},0,2,0,"0,2,0"
wilder,2,{(wild)}>er>,0,1,1,"0,1,1"
wilderness,2,{(wild)>ness>},0,1,1,"0,1,1"
wildfire,2,{(wild)}{(fire)},0,2,0,"0,2,0"
wildlife,2,{(wild)}{(life)},0,2,0,"0,2,0"
wilds,1,{(wild)},0,1,0,"0,1,0"
willow,1,{(willow)},0,1,0,"0,1,0"
willpower,2,{(will)}{(power)},0,2,0,"0,2,0"
winch,1,{(winch)},0,1,0,"0,1,0"
windfall,2,{(wind)}{(fall)},0,2,0,"0,2,0"
windmill,2,{(wind)}{(mill)},0,2,0,"0,2,0"
windowsill,2,{(window)}{(sill)},0,2,0,"0,2,0"
windscreen,2,{(wind)}{(screen)},0,2,0,"0,2,0"
windshield,2,{(wind)}{(shield)},0,2,0,"0,2,0"
wine,1,{(wine)},0,1,0,"0,1,0"
winger,2,{(wing)}>er>,0,1,1,"0,1,1"
wingman,2,{(wing)}(man),0,2,0,"0,2,0"
wingspan,2,{(wing)}{(spain)},0,2,0,"0,2,0"
winkle,1,{(winkle)},0,1,0,"0,1,0"
winner,2,{(win)}>er>,0,1,1,"0,1,1"
wintertime,2,{(winter)}{(time)},0,2,0,"0,2,0"
wire,1,{(wire)},0,1,0,"0,1,0"
wiretapping,2,{(wire)}{(tap)},0,2,0,"0,2,0"
wiretaps,2,{(wire)}{(tap)},0,2,0,"0,2,0"
wisconsin,1,{(wisconsin)},0,1,0,"0,1,0"
wishbone,2,{(wish)}{(bone)},0,2,0,"0,2,0"
witch,1,{(witch)},0,1,0,"0,1,0"
witchcraft,2,{(witch)}{(craft)},0,2,0,"0,2,0"
withdrawal,3,{(with)}{(draw)}>al>,0,2,1,"0,2,1"
withdrawing,2,{(with)}{(draw)},0,2,0,"0,2,0"
withers,1,{(wither)},0,1,0,"0,1,0"
withholding,2,{(with)}{(hold)},0,2,0,"0,2,0"
within,2,{(with)}{(in)},0,2,0,"0,2,0"
without,2,{(with)}{(out)},0,2,0,"0,2,0"
wizardry,2,{(wizard)}>ory>,0,1,1,"0,1,1"
wold,1,{(wold)},0,1,0,"0,1,0"
wolf,1,{(wolf)},0,1,0,"0,1,0"
womanhood,2,{(woman)}>hood>,0,1,1,"0,1,1"
womb,1,{(womb)},0,1,0,"0,1,0"
wonderland,2,{(wonder)}{(land)},0,2,0,"0,2,0"
wont,1,{(wont)},0,1,0,"0,1,0"
woo,1,{(woo)},0,1,0,"0,1,0"
wood,1,{(wood)},0,1,0,"0,1,0"
woodcock,2,{(wood)}{(cock)},0,2,0,"0,2,0"
woodcut,2,{(wood)}{(cut)},0,2,0,"0,2,0"
woodland,2,{(wood)}(land),0,2,0,"0,2,0"
woodman,2,{(wood)}(man),0,2,0,"0,2,0"
woodpecker,3,{(wood)}{(peck)}>er>,0,2,1,"0,2,1"
woodwork,2,{(wood)}{(work)},0,2,0,"0,2,0"
wordplay,2,{(word)}{(play)},0,2,0,"0,2,0"
workbench,2,{(work)}{(bench)},0,2,0,"0,2,0"
workbook,2,{(work)}{(book)},0,2,0,"0,2,0"
workday,2,{(work)}{(day)},0,2,0,"0,2,0"
worker,2,{(work)}>er>,0,1,1,"0,1,1"
workhorse,2,{(work)}{(horse)},0,2,0,"0,2,0"
workhouse,2,{(work)}{(house)},0,2,0,"0,2,0"
workman,2,{(work)}(man),0,2,0,"0,2,0"
workmanship,3,{(work)}(man)>ship>,0,2,1,"0,2,1"
workmen,2,{(work)}(men),0,2,0,"0,2,0"
workout,2,{(work)}{(out)},0,2,0,"0,2,0"
workpiece,2,{(work)}{(piece)},0,2,0,"0,2,0"
worksheet,2,{(work)}{(sheet)},0,2,0,"0,2,0"
workshop,2,{(work)}{(shop)},0,2,0,"0,2,0"
world,1,{(world)},0,1,0,"0,1,0"
wormhole,2,{(worm)}{(hole)},0,2,0,"0,2,0"
wormwood,1,{(wormwood)},0,1,0,"0,1,0"
worries,1,{(worry)},0,1,0,"0,1,0"
worse,1,{(worse)},0,1,0,"0,1,0"
worsening,2,{(worse)}>en>,0,1,1,"0,1,1"
worthiness,3,{(worth)}>y>>ness>,0,1,2,"0,1,2"
wounds,1,{(wound)},0,1,0,"0,1,0"
wrangler,2,{(wrangle)}>er>,0,1,1,"0,1,1"
wrap,1,{(wrap)},0,1,0,"0,1,0"
wrestler,2,{(wrestle)}>er>,0,1,1,"0,1,1"
wright,1,{(wright)},0,1,0,"0,1,0"
wrist,1,{(wrist)},0,1,0,"0,1,0"
wristband,2,{(wrist)}{(band)},0,2,0,"0,2,0"
wristwatch,2,{(wrist)}{(watch)},0,2,0,"0,2,0"
wrong,1,{(wrong)},0,1,0,"0,1,0"
wrongdoing,2,{(wrong)}{(do)},0,2,0,"0,2,0"
xenon,1,{(xenon)},0,1,0,"0,1,0"
xenophobia,3,{(xeno)(phobe)>ia>},0,2,1,"0,2,1"
yah,1,{(yah)},0,1,0,"0,1,0"
yahoo,1,{(yahoo)},0,1,0,"0,1,0"
yank,1,{(yank)},0,1,0,"0,1,0"
yardage,2,{(yard)}>age>,0,1,1,"0,1,1"
yardstick,2,{(yard)}{(stick)},0,2,0,"0,2,0"
yarn,1,{(yarn)},0,1,0,"0,1,0"
yarrow,1,{(yarrow)},0,1,0,"0,1,0"
yea,1,{(yea)},0,1,0,"0,1,0"
year,1,{(year)},0,1,0,"0,1,0"
yearbook,2,{(year)}{(book)},0,2,0,"0,2,0"
yeast,1,{(yeast)},0,1,0,"0,1,0"
yellow,1,{(yellow)},0,1,0,"0,1,0"
yeoman,2,{(yeo)(man)},0,2,0,"0,2,0"
yesterday,2,{(yester)(day)},0,2,0,"0,2,0"
yesteryear,2,{(yester)(year)},0,2,0,"0,2,0"
yew,1,{(yew)},0,1,0,"0,1,0"
yin,1,{(yin)},0,1,0,"0,1,0"
yoga,1,{(yoga)},0,1,0,"0,1,0"
yore,1,{(yore)},0,1,0,"0,1,0"
yorker,2,{(york)}>er>,0,1,1,"0,1,1"
youngster,2,{(young)}>ster>,0,1,1,"0,1,1"
yourself,2,{(your)}{(self)},0,2,0,"0,2,0"
zeal,1,{(zeal)},0,1,0,"0,1,0"
zero,1,{(zero)},0,1,0,"0,1,0"
zigzag,2,{(zig)}{(zag)},0,2,0,"0,2,0"
zipper,2,{(zip)}>er>,0,1,1,"0,1,1"
zipping,1,{(zip)},0,1,0,"0,1,0"
zippy,2,{(zip)}>y>,0,1,1,"0,1,1"
zircon,1,{(zircon)},0,1,0,"0,1,0"
zoologist,3,{(zoo)(log)>ist>},0,2,1,"0,2,1"
zoology,3,{(zoo)(log)>y>},0,2,1,"0,2,1"
zoom,1,{(zoom)},0,1,0,"0,1,0"
zucchini,1,{(zucchini)},0,1,0,"0,1,0"
